Transaction_ID,Amount,Hour,Customer_Age,Previous_Transactions,Distance_From_Last_Transaction,Device_Changed,International,Fraud
TX_000001,1875.83,22,33,25,11.69,0,1,0
TX_000002,4753.82,3,59,81,574.29,0,0,0
TX_000003,3661.31,17,76,46,893.04,0,0,0
TX_000004,2995.3,4,42,15,217.84,0,0,0
TX_000005,784.31,15,34,69,926.77,0,0,0
TX_000006,784.19,13,56,17,97.61,0,0,0
TX_000007,295.13,18,30,21,825.44,0,0,0
TX_000008,4331.55,13,45,53,840.32,0,0,0
TX_000009,3007.57,8,28,55,257.76,0,0,0
TX_000010,3541.82,5,27,87,957.84,1,1,1
TX_000011,107.82,16,56,10,416.6,0,0,0
TX_000012,4849.7,18,41,81,141.26,0,0,0
TX_000013,4163.05,11,55,57,591.71,0,0,0
TX_000014,1065.63,3,41,65,996.61,0,1,0
TX_000015,913.22,15,50,37,899.29,0,0,0
TX_000016,921.11,10,34,7,278.6,0,0,0
TX_000017,1524.69,21,74,76,576.99,0,0,0
TX_000018,2626.16,3,61,40,115.37,1,0,0
TX_000019,2162.57,16,53,50,461.84,0,0,0
TX_000020,1459.69,7,52,1,523.07,0,0,0
TX_000021,3061.21,13,23,20,315.28,0,0,0
TX_000022,701.77,1,75,31,484.19,0,0,0
TX_000023,1464.26,10,77,68,919.94,0,0,0
TX_000024,1834.98,10,33,90,500.14,1,0,0
TX_000025,2283.07,23,62,12,830.99,0,0,0
TX_000026,3926.95,21,45,22,317.39,0,0,0
TX_000027,1002.37,23,58,1,971.4,0,0,0
TX_000028,2573.6,5,49,1,93.46,0,0,0
TX_000029,2964.11,20,43,3,585.59,0,0,0
TX_000030,237.02,20,28,76,789.89,0,0,0
TX_000031,3039.69,13,69,21,814.04,0,1,0
TX_000032,856.77,9,42,13,198.28,0,0,0
TX_000033,329.93,7,48,61,401.65,0,1,0
TX_000034,4744.68,6,38,13,624.2,0,1,0
TX_000035,4828.33,7,62,82,315.88,0,0,0
TX_000036,4042.94,7,72,33,658.3,0,0,0
TX_000037,1526.55,22,68,6,378.78,0,0,0
TX_000038,492.87,1,20,25,350.87,0,0,0
TX_000039,3422.74,15,29,23,108.07,0,0,0
TX_000040,2203.56,8,68,88,39.25,1,0,0
TX_000041,614.58,12,57,26,835.27,0,0,0
TX_000042,2478.41,22,63,4,489.54,0,0,0
TX_000043,176.77,11,71,35,562.87,0,0,0
TX_000044,4547.06,21,58,75,372.22,0,0,0
TX_000045,1297.61,16,42,25,136.74,0,0,0
TX_000046,3314.3,1,73,20,449.57,1,0,0
TX_000047,1562.0,12,34,1,228.96,0,0,0
TX_000048,2602.74,0,55,94,837.68,1,0,0
TX_000049,2735.82,18,53,68,986.79,1,0,0
TX_000050,928.35,10,53,23,889.1,1,0,0
TX_000051,4848.08,4,36,99,528.27,0,0,0
TX_000052,3876.79,0,61,22,628.13,0,0,0
TX_000053,4697.8,19,74,95,948.12,0,0,0
TX_000054,4474.66,12,19,62,538.68,0,0,0
TX_000055,2991.51,7,34,1,638.59,0,0,0
TX_000056,4609.76,5,47,59,629.23,0,0,0
TX_000057,447.02,16,64,68,708.12,1,0,0
TX_000058,983.93,11,27,19,640.29,0,0,0
TX_000059,230.91,0,52,30,670.71,0,0,0
TX_000060,1630.03,2,78,1,725.89,0,0,0
TX_000061,1946.44,13,69,48,809.1,0,0,0
TX_000062,1360.39,7,53,19,403.05,0,0,0
TX_000063,4144.54,10,71,52,745.83,0,1,0
TX_000064,1786.98,13,50,85,100.2,0,0,0
TX_000065,1408.27,7,18,22,876.19,1,0,0
TX_000066,2715.77,2,35,50,290.04,0,0,0
TX_000067,708.92,6,21,66,403.46,0,0,0
TX_000068,4011.97,18,72,6,803.61,0,0,0
TX_000069,377.38,3,71,64,636.99,1,0,0
TX_000070,4934.5,15,64,21,308.63,1,0,0
TX_000071,3862.36,12,44,97,225.4,0,0,0
TX_000072,997.58,19,42,19,957.71,1,0,0
TX_000073,32.58,18,72,91,87.78,0,0,0
TX_000074,4078.23,4,45,37,4.34,1,0,0
TX_000075,3535.75,22,70,63,672.93,0,0,0
TX_000076,3646.39,4,39,29,614.47,0,0,0
TX_000077,3857.5,19,59,60,737.61,1,0,0
TX_000078,374.85,23,42,92,731.63,0,0,0
TX_000079,1795.54,3,34,34,863.26,1,0,0
TX_000080,583.77,1,76,1,922.11,0,0,0
TX_000081,4316.2,12,74,48,775.02,0,0,0
TX_000082,3118.37,15,71,89,232.29,0,0,0
TX_000083,1657.84,21,61,21,463.5,0,0,0
TX_000084,322.47,1,69,34,641.72,1,0,0
TX_000085,1558.36,18,29,26,539.37,0,0,0
TX_000086,1629.29,16,33,36,158.9,0,0,0
TX_000087,3649.38,4,54,99,589.27,0,1,0
TX_000088,3189.6,17,78,23,886.53,0,0,0
TX_000089,4436.63,22,33,81,418.52,0,0,0
TX_000090,2363.71,20,34,47,668.93,0,0,0
TX_000091,602.37,17,72,76,615.93,0,0,0
TX_000092,3567.66,7,78,44,377.04,0,0,0
TX_000093,3805.12,14,48,20,565.27,1,0,0
TX_000094,2808.58,12,32,27,210.21,0,0,0
TX_000095,3855.98,12,30,61,546.11,0,0,0
TX_000096,2471.51,15,57,37,798.83,1,0,0
TX_000097,2616.05,21,44,84,758.95,0,0,0
TX_000098,2140.57,19,38,52,357.95,0,0,0
TX_000099,131.97,12,19,75,112.09,0,0,0
TX_000100,543.92,19,25,92,799.94,0,0,0
TX_000101,161.99,1,59,62,265.04,0,1,0
TX_000102,3183.87,2,24,66,53.04,0,0,0
TX_000103,1575.21,14,27,24,445.19,0,0,0
TX_000104,2545.31,22,74,80,739.47,0,0,0
TX_000105,4538.29,18,21,12,808.49,0,1,0
TX_000106,1250.21,12,60,16,982.2,0,0,0
TX_000107,2054.86,4,58,36,189.41,0,0,0
TX_000108,3778.98,21,53,2,293.79,0,0,0
TX_000109,1147.85,5,52,89,609.49,0,0,0
TX_000110,389.51,13,60,62,811.34,0,0,0
TX_000111,1452.31,3,20,64,234.08,0,0,0
TX_000112,810.3,21,75,29,409.91,0,0,0
TX_000113,4648.84,18,35,92,408.4,0,0,0
TX_000114,4041.56,22,75,74,772.94,0,0,0
TX_000115,3168.85,6,68,87,240.93,0,0,0
TX_000116,4357.95,3,63,96,968.76,0,0,0
TX_000117,4019.34,1,73,31,510.46,0,0,0
TX_000118,936.92,6,60,83,282.07,0,0,0
TX_000119,4463.33,2,41,15,284.28,0,0,0
TX_000120,2699.01,14,49,55,18.3,1,0,0
TX_000121,4038.16,0,51,33,692.43,0,0,0
TX_000122,4480.98,1,76,81,775.95,0,1,1
TX_000123,1593.43,9,19,52,32.43,0,0,0
TX_000124,554.71,15,19,20,585.93,0,0,0
TX_000125,1143.54,14,27,73,781.67,0,0,0
TX_000126,2138.4,23,40,38,376.24,0,0,0
TX_000127,4090.98,14,32,3,432.74,0,0,0
TX_000128,4304.35,13,71,54,361.62,0,0,0
TX_000129,39.73,21,29,66,315.65,0,1,0
TX_000130,2556.18,13,60,18,491.14,0,0,0
TX_000131,2089.97,5,34,87,166.1,0,1,0
TX_000132,1114.43,13,35,83,440.69,0,0,0
TX_000133,603.73,16,31,7,941.83,0,0,0
TX_000134,1691.39,17,34,35,27.4,0,0,0
TX_000135,4714.83,19,32,84,164.74,0,0,0
TX_000136,1619.4,18,29,84,777.7,0,0,0
TX_000137,2596.36,16,76,83,132.06,1,0,0
TX_000138,3516.58,15,33,80,271.28,0,1,0
TX_000139,1821.33,7,49,85,454.84,0,0,0
TX_000140,4859.05,6,40,93,943.16,0,0,0
TX_000141,4812.42,19,55,60,183.5,0,1,0
TX_000142,1262.65,11,51,24,923.08,0,0,0
TX_000143,2488.76,8,51,93,718.52,0,0,0
TX_000144,1507.89,13,33,95,671.14,0,0,0
TX_000145,1427.78,19,51,39,723.54,0,0,0
TX_000146,189.25,0,57,12,31.25,0,0,0
TX_000147,3049.77,9,79,94,98.9,0,0,0
TX_000148,2515.88,16,24,53,334.84,0,0,0
TX_000149,262.14,16,50,64,73.97,0,0,0
TX_000150,1396.84,16,21,4,987.59,0,0,0
TX_000151,4541.79,3,60,94,580.41,0,1,1
TX_000152,1201.61,16,69,5,487.34,0,1,0
TX_000153,728.75,17,24,16,785.51,0,0,0
TX_000154,2449.82,19,35,27,976.96,0,0,0
TX_000155,4928.32,22,21,4,955.13,0,1,1
TX_000156,1214.07,1,66,72,793.06,1,0,0
TX_000157,3362.32,7,78,48,377.17,0,0,0
TX_000158,3809.29,12,78,8,65.96,0,0,0
TX_000159,1192.0,22,28,81,98.38,0,0,0
TX_000160,3642.44,21,60,46,1.15,0,0,0
TX_000161,1842.08,19,37,44,1.9,0,0,0
TX_000162,3163.37,21,28,67,936.42,0,0,0
TX_000163,3169.48,14,32,91,927.02,0,0,0
TX_000164,2681.19,19,63,52,667.55,0,0,0
TX_000165,456.0,22,34,34,726.68,0,0,0
TX_000166,4177.34,8,51,62,513.21,0,0,0
TX_000167,1607.3,2,67,21,237.84,0,0,0
TX_000168,936.66,2,65,24,914.39,0,1,0
TX_000169,208.67,1,29,44,277.69,0,0,0
TX_000170,2956.51,0,59,41,739.67,0,0,0
TX_000171,3389.43,13,45,29,245.44,0,0,0
TX_000172,87.86,16,65,6,870.15,1,0,0
TX_000173,2562.9,12,52,56,651.24,0,0,0
TX_000174,1136.35,18,25,14,642.7,0,0,0
TX_000175,3227.64,22,44,50,97.37,0,0,0
TX_000176,875.96,14,39,78,419.47,1,0,0
TX_000177,3456.23,13,71,52,524.91,1,0,0
TX_000178,1936.74,1,74,88,294.04,0,0,0
TX_000179,4683.97,6,41,77,880.97,0,0,0
TX_000180,691.92,16,19,1,837.67,0,0,0
TX_000181,1708.63,17,48,12,493.62,1,0,0
TX_000182,571.8,5,39,24,340.03,0,0,0
TX_000183,4623.84,20,18,37,801.54,0,0,0
TX_000184,4387.31,7,78,84,196.89,1,1,1
TX_000185,1293.42,1,31,70,71.52,0,0,0
TX_000186,3301.62,0,42,76,45.71,0,0,0
TX_000187,4087.02,15,53,85,38.68,0,0,0
TX_000188,2778.23,6,53,3,488.89,0,0,0
TX_000189,2650.6,21,58,27,255.31,0,0,0
TX_000190,1213.05,23,20,53,690.38,0,0,0
TX_000191,470.05,10,22,17,653.89,0,0,0
TX_000192,4486.59,14,18,15,542.02,0,0,0
TX_000193,4502.59,12,71,39,352.84,0,0,0
TX_000194,3167.34,23,36,4,850.46,0,1,0
TX_000195,1698.45,1,50,17,709.7,0,0,0
TX_000196,1749.3,13,59,11,271.53,0,0,0
TX_000197,3631.15,23,71,12,501.69,0,1,0
TX_000198,4486.07,5,47,32,156.27,0,0,0
TX_000199,4436.0,8,29,27,328.78,0,0,0
TX_000200,3900.48,6,27,44,997.14,0,0,0
TX_000201,3211.95,17,51,43,223.84,0,0,0
TX_000202,425.28,23,33,91,698.3,1,0,0
TX_000203,812.34,8,57,49,238.42,0,0,0
TX_000204,4493.28,22,63,93,938.13,0,0,0
TX_000205,3034.11,3,46,73,310.13,0,0,0
TX_000206,50.94,8,32,43,346.69,0,0,0
TX_000207,511.85,3,65,3,593.86,1,0,0
TX_000208,3319.19,11,28,29,588.11,0,0,0
TX_000209,30.28,3,61,85,579.08,0,0,0
TX_000210,808.24,23,51,35,573.25,1,0,0
TX_000211,2745.93,19,53,48,312.19,0,0,0
TX_000212,3461.02,13,47,74,434.41,0,0,0
TX_000213,3261.55,23,52,87,593.43,0,0,0
TX_000214,1125.23,23,26,39,671.27,0,0,0
TX_000215,3562.34,6,35,89,253.13,0,0,0
TX_000216,1190.06,12,36,24,701.48,1,0,0
TX_000217,1630.37,21,56,20,923.28,0,1,0
TX_000218,3733.72,7,21,15,757.93,0,0,0
TX_000219,3249.92,22,23,85,84.23,1,0,0
TX_000220,4246.87,4,68,76,469.13,0,1,0
TX_000221,3289.78,11,50,18,435.26,0,0,0
TX_000222,2843.7,12,49,60,336.5,1,0,0
TX_000223,472.91,19,33,87,491.32,0,0,0
TX_000224,1841.74,13,28,93,439.63,0,0,0
TX_000225,1329.69,17,39,41,6.17,1,0,0
TX_000226,1223.73,23,53,69,236.56,0,0,0
TX_000227,4865.19,19,67,90,213.78,0,0,0
TX_000228,1968.52,3,40,75,349.26,0,0,0
TX_000229,4460.77,20,43,11,174.46,0,0,0
TX_000230,3157.54,17,78,56,67.8,1,0,0
TX_000231,3975.08,6,77,18,196.61,0,0,0
TX_000232,2515.67,14,48,12,854.19,0,0,0
TX_000233,2886.63,20,46,16,797.04,0,0,0
TX_000234,2465.13,5,22,27,442.1,0,0,0
TX_000235,980.24,15,71,17,877.82,0,0,0
TX_000236,3613.65,19,55,85,232.67,0,1,0
TX_000237,1407.46,23,79,31,584.21,0,0,0
TX_000238,126.46,7,42,35,142.92,0,0,0
TX_000239,3229.13,20,77,27,833.4,0,0,0
TX_000240,889.67,15,51,87,130.58,0,0,0
TX_000241,4702.59,21,29,32,31.86,0,0,0
TX_000242,4769.87,15,39,17,273.44,0,0,0
TX_000243,4574.75,2,26,11,900.94,0,1,1
TX_000244,1853.94,16,77,1,129.46,0,0,0
TX_000245,82.21,8,37,92,330.67,0,0,0
TX_000246,4641.95,2,46,82,316.41,0,0,0
TX_000247,2143.78,19,61,49,801.65,0,0,0
TX_000248,4833.44,6,46,41,421.53,0,0,0
TX_000249,4818.28,17,62,20,611.57,0,0,0
TX_000250,4265.78,11,44,71,404.38,0,0,0
TX_000251,1475.77,18,71,37,551.46,0,0,0
TX_000252,1928.56,15,72,16,62.44,0,0,0
TX_000253,4256.43,21,34,39,374.03,0,0,0
TX_000254,1588.03,23,22,45,855.11,0,0,0
TX_000255,851.62,16,69,64,691.07,0,0,0
TX_000256,2786.22,19,62,47,981.83,0,0,0
TX_000257,4681.09,14,78,23,787.92,1,0,1
TX_000258,3481.67,0,30,32,451.51,0,0,0
TX_000259,2852.46,1,59,49,676.28,0,0,0
TX_000260,490.4,7,32,81,775.91,0,0,0
TX_000261,3076.96,21,32,19,269.68,0,0,0
TX_000262,4950.32,1,35,98,60.02,0,0,0
TX_000263,704.72,18,67,78,405.85,1,0,0
TX_000264,2594.06,8,19,67,144.67,1,0,0
TX_000265,4387.48,8,40,39,277.24,0,0,0
TX_000266,3705.14,12,60,89,946.85,0,0,0
TX_000267,3486.59,5,30,60,847.08,0,0,0
TX_000268,3513.91,14,60,11,592.46,0,0,0
TX_000269,1800.66,18,21,49,401.26,1,0,0
TX_000270,1471.49,20,64,15,264.33,0,0,0
TX_000271,4047.76,14,71,83,571.46,0,0,0
TX_000272,4051.52,17,72,61,533.16,0,0,0
TX_000273,4336.03,6,42,43,780.78,0,0,0
TX_000274,4566.64,10,28,15,928.02,0,0,0
TX_000275,2559.16,7,67,79,328.94,0,1,0
TX_000276,2510.07,5,65,79,206.3,1,0,0
TX_000277,3992.48,7,59,73,402.8,0,0,0
TX_000278,3251.57,1,29,5,437.54,0,0,0
TX_000279,3511.32,18,30,83,39.87,0,0,0
TX_000280,3979.98,15,26,88,861.7,0,0,0
TX_000281,4450.58,6,76,29,995.59,1,0,1
TX_000282,1693.29,9,70,62,923.21,0,0,0
TX_000283,1881.04,11,62,60,860.66,1,0,0
TX_000284,474.44,16,55,69,992.6,0,0,0
TX_000285,2893.51,6,23,22,907.81,0,0,0
TX_000286,184.53,21,60,13,688.37,0,0,0
TX_000287,2330.66,7,68,50,166.76,0,0,0
TX_000288,2715.51,6,76,47,156.35,0,0,0
TX_000289,1436.27,3,60,29,48.78,0,0,0
TX_000290,2956.21,2,27,80,411.83,0,0,0
TX_000291,157.35,18,40,17,808.82,0,0,0
TX_000292,191.55,14,32,20,490.3,0,0,0
TX_000293,4113.89,3,62,78,366.32,0,0,0
TX_000294,1804.15,8,40,6,109.24,1,0,0
TX_000295,639.67,12,57,22,51.75,0,1,0
TX_000296,2613.61,17,54,9,399.18,0,0,0
TX_000297,3851.12,20,51,32,99.93,1,1,0
TX_000298,1083.03,15,33,88,103.55,0,0,0
TX_000299,3116.34,0,62,33,395.35,0,0,0
TX_000300,431.31,3,68,77,502.84,1,0,0
TX_000301,263.15,17,58,99,186.68,0,0,0
TX_000302,2659.12,7,64,70,684.64,0,0,0
TX_000303,2705.47,19,49,49,418.69,0,0,0
TX_000304,3188.96,15,55,30,91.92,0,0,0
TX_000305,3631.83,20,57,16,637.03,0,0,0
TX_000306,4879.38,10,73,65,356.94,0,0,0
TX_000307,2583.92,19,63,82,52.32,0,0,0
TX_000308,1618.17,20,22,86,947.98,0,1,0
TX_000309,3976.96,20,34,90,571.2,1,0,0
TX_000310,1357.81,20,39,14,477.72,0,0,0
TX_000311,2197.66,18,56,56,859.14,0,0,0
TX_000312,396.89,22,58,37,936.74,1,0,0
TX_000313,131.63,18,65,49,220.32,0,0,0
TX_000314,4813.43,17,35,78,810.14,0,0,0
TX_000315,4180.72,18,45,90,831.08,0,0,0
TX_000316,3481.39,10,30,50,54.4,0,0,0
TX_000317,2047.72,2,67,36,711.94,0,1,0
TX_000318,870.61,7,59,52,62.97,0,0,0
TX_000319,786.4,19,18,23,594.67,0,0,0
TX_000320,1254.96,18,70,66,669.24,1,0,0
TX_000321,2748.39,9,67,71,367.06,0,0,0
TX_000322,3574.41,15,36,45,880.79,0,0,0
TX_000323,3302.69,4,51,86,800.51,1,0,1
TX_000324,1403.27,19,76,28,925.96,0,0,0
TX_000325,4774.55,8,21,20,314.89,0,0,0
TX_000326,3690.8,7,60,49,21.53,0,0,0
TX_000327,2774.0,10,20,57,811.46,0,0,0
TX_000328,3060.55,15,58,82,222.98,1,0,0
TX_000329,2100.9,6,27,88,467.16,0,0,0
TX_000330,1242.42,14,45,97,817.32,0,0,0
TX_000331,1783.08,23,51,59,216.14,0,0,0
TX_000332,3790.44,20,56,26,311.91,1,0,0
TX_000333,76.9,19,64,19,439.08,0,0,0
TX_000334,584.78,22,76,13,271.82,0,0,0
TX_000335,234.78,16,79,74,461.32,0,0,0
TX_000336,208.44,5,36,62,9.6,0,0,0
TX_000337,4278.03,14,59,14,212.19,1,0,0
TX_000338,3519.77,7,73,73,832.55,0,0,0
TX_000339,2373.5,6,69,11,413.48,0,0,0
TX_000340,493.68,1,63,67,636.41,1,1,0
TX_000341,2460.62,12,53,12,232.29,0,0,0
TX_000342,2369.99,22,74,35,649.88,0,1,0
TX_000343,870.14,5,60,39,999.97,1,0,0
TX_000344,2172.09,4,20,32,595.29,0,0,0
TX_000345,1995.53,19,40,14,628.36,1,0,0
TX_000346,3081.17,0,34,65,111.52,0,0,0
TX_000347,3177.29,17,24,27,403.38,0,0,0
TX_000348,231.29,14,43,60,860.72,0,0,0
TX_000349,1876.19,22,60,43,834.27,1,0,0
TX_000350,3131.17,9,35,65,522.4,0,0,0
TX_000351,2518.17,2,77,55,903.45,0,1,0
TX_000352,4283.17,4,63,93,142.94,0,1,0
TX_000353,3295.17,23,63,88,658.19,0,0,0
TX_000354,818.86,12,23,81,248.88,0,0,0
TX_000355,357.49,7,48,35,645.56,0,0,0
TX_000356,3213.88,21,46,95,87.4,0,0,0
TX_000357,137.42,20,26,32,943.61,0,0,0
TX_000358,2930.95,1,71,19,786.33,0,0,0
TX_000359,4701.45,8,52,95,200.96,0,0,0
TX_000360,2879.49,16,34,39,637.28,0,0,0
TX_000361,1943.91,17,77,20,759.15,1,1,0
TX_000362,3218.22,12,29,28,209.45,0,0,0
TX_000363,2293.97,0,53,3,93.33,0,0,0
TX_000364,2730.36,11,69,32,351.78,0,0,0
TX_000365,4707.62,19,65,86,135.75,1,0,0
TX_000366,1933.58,19,78,58,565.71,0,0,0
TX_000367,4806.15,20,41,54,424.11,1,0,0
TX_000368,4527.23,4,27,42,462.42,0,1,1
TX_000369,982.98,7,75,15,542.86,0,0,0
TX_000370,351.46,14,47,83,982.05,0,1,0
TX_000371,508.39,2,46,62,792.64,0,0,0
TX_000372,96.02,5,56,31,629.47,0,1,0
TX_000373,476.74,12,27,61,363.71,0,0,0
TX_000374,3416.62,11,56,26,27.07,0,0,0
TX_000375,360.59,18,72,69,116.53,0,0,0
TX_000376,1598.28,17,45,57,730.87,0,0,0
TX_000377,4225.15,23,35,20,369.2,0,0,0
TX_000378,121.24,0,58,66,334.44,0,0,0
TX_000379,4073.27,6,71,21,888.98,0,0,0
TX_000380,1412.86,11,67,60,484.51,0,1,0
TX_000381,595.23,9,34,63,899.58,0,0,0
TX_000382,3485.2,11,28,51,886.64,0,0,0
TX_000383,3146.57,10,18,92,80.18,0,0,0
TX_000384,4387.97,3,34,84,945.36,0,0,0
TX_000385,3676.68,18,53,39,76.95,0,0,0
TX_000386,4018.39,5,53,11,963.51,0,0,0
TX_000387,1413.76,8,63,57,452.61,0,0,0
TX_000388,891.31,19,77,3,760.86,0,0,0
TX_000389,3754.32,9,26,37,706.14,0,0,0
TX_000390,4035.14,4,62,84,518.49,0,1,0
TX_000391,4952.57,12,77,96,619.45,0,0,0
TX_000392,2066.03,8,45,25,949.92,0,0,0
TX_000393,1863.23,1,65,21,927.35,0,0,0
TX_000394,3883.18,17,50,80,654.33,1,0,0
TX_000395,1707.31,20,20,42,657.72,0,0,0
TX_000396,4654.13,0,68,1,246.94,1,0,1
TX_000397,4292.77,23,25,23,828.62,0,0,0
TX_000398,2147.83,20,67,24,632.6,1,0,0
TX_000399,3755.6,11,23,47,826.25,0,1,0
TX_000400,3773.94,9,76,89,657.85,0,0,0
TX_000401,520.1,1,69,7,299.32,0,0,0
TX_000402,4513.25,8,78,38,189.48,0,0,0
TX_000403,2528.74,1,75,47,76.97,0,0,0
TX_000404,4133.16,22,23,35,585.99,0,0,0
TX_000405,1603.65,23,46,78,284.05,0,0,0
TX_000406,4478.14,21,54,62,630.51,0,0,0
TX_000407,1949.06,13,29,73,58.66,0,0,0
TX_000408,59.13,10,26,3,375.66,0,0,0
TX_000409,4527.38,22,58,20,260.55,0,0,0
TX_000410,460.98,10,66,97,370.33,0,0,0
TX_000411,1599.97,16,36,44,54.28,0,0,0
TX_000412,4750.56,3,34,32,724.18,0,0,0
TX_000413,4753.28,12,71,26,116.7,0,0,0
TX_000414,2869.32,6,65,48,14.4,0,0,0
TX_000415,3161.03,15,61,5,946.29,0,1,0
TX_000416,2244.99,0,49,59,192.88,0,0,0
TX_000417,1469.59,12,52,61,828.06,0,0,0
TX_000418,1646.68,0,31,49,964.47,0,0,0
TX_000419,3364.23,10,66,30,534.12,0,0,0
TX_000420,3763.11,5,71,17,526.12,0,0,0
TX_000421,3958.94,19,33,70,367.42,0,0,0
TX_000422,3949.14,2,38,58,425.59,0,0,0
TX_000423,460.57,11,29,63,482.08,0,0,0
TX_000424,2474.63,4,77,61,152.09,0,0,0
TX_000425,292.51,8,41,63,364.74,0,0,0
TX_000426,2749.9,11,79,15,816.11,0,0,0
TX_000427,2210.44,9,51,1,182.4,1,0,0
TX_000428,4439.08,18,25,13,729.85,0,0,0
TX_000429,1757.82,4,61,48,651.59,0,0,0
TX_000430,589.75,4,38,34,57.3,0,0,0
TX_000431,719.24,8,65,30,22.43,0,0,0
TX_000432,3808.75,19,25,19,352.53,0,0,0
TX_000433,3093.0,16,45,64,692.17,1,1,1
TX_000434,510.11,9,33,66,330.42,0,1,0
TX_000435,425.11,20,27,57,667.73,0,0,0
TX_000436,3506.34,0,69,44,665.46,0,0,0
TX_000437,368.45,21,32,12,806.55,0,0,0
TX_000438,4110.19,15,21,40,99.49,1,0,0
TX_000439,3532.68,14,43,24,577.13,0,0,0
TX_000440,411.34,22,32,11,62.5,0,0,0
TX_000441,428.76,16,53,66,175.95,0,0,0
TX_000442,4933.26,19,49,1,325.5,1,0,0
TX_000443,1874.48,12,79,58,707.39,1,0,0
TX_000444,1856.36,0,60,28,973.88,0,0,0
TX_000445,4064.93,7,55,68,342.52,0,0,0
TX_000446,4736.51,4,21,94,521.14,0,0,0
TX_000447,4930.08,5,58,59,259.06,0,0,0
TX_000448,3768.12,22,26,71,675.49,1,0,0
TX_000449,1884.42,19,52,22,366.59,0,0,0
TX_000450,422.09,13,72,90,481.6,0,0,0
TX_000451,3886.85,21,45,29,567.81,0,0,0
TX_000452,2794.23,22,54,89,686.24,0,0,0
TX_000453,2123.99,10,64,74,60.05,0,0,0
TX_000454,4532.24,5,77,84,554.9,0,0,0
TX_000455,560.43,10,26,78,431.16,0,0,0
TX_000456,2465.66,12,19,97,133.77,0,0,0
TX_000457,61.71,11,20,69,208.04,0,0,0
TX_000458,2345.96,21,75,45,883.89,0,0,0
TX_000459,286.23,1,70,70,871.78,0,0,0
TX_000460,598.5,20,61,86,33.33,0,0,0
TX_000461,592.04,2,65,17,689.4,0,0,0
TX_000462,3247.81,22,22,79,554.19,0,0,0
TX_000463,3731.49,3,27,39,939.82,0,0,0
TX_000464,2918.93,16,45,40,908.01,0,1,0
TX_000465,4811.05,21,32,28,579.56,0,0,0
TX_000466,1877.48,5,31,2,138.95,0,0,0
TX_000467,1432.13,6,63,82,459.82,0,0,0
TX_000468,4343.65,14,40,27,725.16,0,1,0
TX_000469,1121.86,10,30,21,951.74,1,0,0
TX_000470,4816.3,23,33,87,363.83,0,0,0
TX_000471,65.71,2,47,7,784.67,0,0,0
TX_000472,4849.54,5,57,61,683.34,0,1,0
TX_000473,220.58,1,25,52,78.29,0,0,0
TX_000474,4456.26,13,79,48,557.98,0,0,0
TX_000475,2640.87,8,34,19,183.51,1,1,0
TX_000476,4964.86,17,47,73,683.55,0,0,0
TX_000477,373.61,18,34,12,610.08,0,0,0
TX_000478,2771.5,11,52,94,973.05,1,0,0
TX_000479,4846.67,12,18,71,935.38,0,0,0
TX_000480,2617.87,11,66,2,9.37,0,0,0
TX_000481,3148.85,11,75,17,80.03,0,0,0
TX_000482,3480.26,17,41,75,769.13,0,0,0
TX_000483,2275.43,8,65,76,685.64,0,0,0
TX_000484,3139.65,16,66,3,800.95,1,0,0
TX_000485,2923.65,20,42,21,266.81,0,0,0
TX_000486,4506.28,15,19,78,849.32,0,1,0
TX_000487,232.0,16,42,79,442.42,1,0,0
TX_000488,1408.41,20,31,51,261.91,0,0,0
TX_000489,4752.31,23,56,10,10.61,0,1,0
TX_000490,4451.87,7,74,55,871.36,0,0,0
TX_000491,2281.01,10,68,36,535.34,0,0,0
TX_000492,3102.56,23,50,51,975.38,0,0,0
TX_000493,1390.52,1,34,74,714.68,0,0,0
TX_000494,944.67,7,76,17,80.42,0,0,0
TX_000495,2321.17,11,48,89,588.19,0,0,0
TX_000496,1769.99,20,27,61,17.12,0,0,0
TX_000497,2920.36,0,23,91,557.78,0,0,0
TX_000498,393.28,22,56,97,350.2,0,0,0
TX_000499,4872.1,12,42,75,643.3,1,0,1
TX_000500,4931.12,21,55,13,541.57,0,1,0
TX_000501,3492.32,20,54,65,261.35,0,0,0
TX_000502,2682.8,16,47,95,162.35,0,0,0
TX_000503,1551.09,13,51,97,404.71,0,0,0
TX_000504,4069.91,13,35,85,986.84,0,0,0
TX_000505,3425.23,15,41,80,435.7,0,0,0
TX_000506,817.27,16,66,87,748.79,0,0,0
TX_000507,4555.08,5,73,74,56.97,0,0,0
TX_000508,4113.57,6,44,48,378.87,0,0,0
TX_000509,4749.25,0,75,97,580.32,0,0,0
TX_000510,3629.97,14,44,86,751.2,0,0,0
TX_000511,3069.01,19,72,70,528.38,0,0,0
TX_000512,2094.12,20,56,47,515.3,0,0,0
TX_000513,4663.98,17,38,10,763.91,0,0,0
TX_000514,4330.99,12,36,57,313.29,0,0,0
TX_000515,230.87,23,56,80,90.61,0,0,0
TX_000516,136.7,1,40,13,347.15,0,0,0
TX_000517,1885.43,18,56,61,159.0,0,1,0
TX_000518,4053.71,14,65,58,965.94,0,1,0
TX_000519,4936.44,11,61,84,577.51,1,0,0
TX_000520,756.33,14,64,68,446.6,1,0,0
TX_000521,2972.68,17,32,84,912.05,0,0,0
TX_000522,1907.55,13,60,86,900.36,0,0,0
TX_000523,4849.72,5,19,29,415.7,0,0,0
TX_000524,4211.38,11,52,16,874.73,0,0,0
TX_000525,4192.45,19,68,63,64.03,1,0,0
TX_000526,2346.12,22,37,47,885.72,0,0,0
TX_000527,2077.02,5,45,43,310.58,0,0,0
TX_000528,1370.67,8,74,23,565.12,1,0,0
TX_000529,286.6,3,75,30,269.69,0,1,0
TX_000530,4324.29,16,32,57,984.8,0,0,0
TX_000531,4065.44,1,33,30,71.78,1,0,0
TX_000532,4998.59,15,50,67,446.96,1,0,0
TX_000533,4983.2,23,64,56,620.99,0,0,0
TX_000534,2779.38,13,29,24,615.61,0,0,0
TX_000535,3846.09,7,56,77,738.76,0,1,0
TX_000536,4724.1,13,56,96,724.42,0,0,0
TX_000537,4248.99,1,60,76,793.14,0,0,0
TX_000538,1240.5,15,37,8,234.29,0,0,0
TX_000539,2255.47,3,46,88,370.51,0,0,0
TX_000540,650.15,0,60,44,382.03,0,0,0
TX_000541,4770.48,22,66,80,955.84,0,0,0
TX_000542,3032.84,19,20,96,409.31,0,0,0
TX_000543,1147.07,13,65,34,221.87,0,1,0
TX_000544,3360.14,7,22,35,632.34,0,0,0
TX_000545,3092.55,2,77,96,427.27,0,0,0
TX_000546,1794.02,4,19,50,250.08,0,0,0
TX_000547,572.22,5,40,17,715.14,0,0,0
TX_000548,3359.51,21,79,2,191.93,0,1,0
TX_000549,2603.94,7,43,90,633.35,0,0,0
TX_000550,3862.73,5,43,54,430.53,0,0,0
TX_000551,2603.22,5,24,44,319.17,0,0,0
TX_000552,4261.65,3,77,81,945.98,0,0,0
TX_000553,2761.77,6,27,49,324.41,0,0,0
TX_000554,2806.89,23,22,2,347.51,0,0,0
TX_000555,4383.88,18,64,72,870.64,0,0,0
TX_000556,2020.4,6,29,70,129.04,1,1,0
TX_000557,674.41,2,49,9,108.07,1,0,0
TX_000558,148.77,7,59,1,282.71,0,0,0
TX_000559,3776.91,0,48,69,591.64,0,0,0
TX_000560,3103.45,0,39,9,384.3,0,0,0
TX_000561,3521.88,13,34,14,608.55,0,0,0
TX_000562,1068.76,5,37,27,159.75,1,0,0
TX_000563,686.18,9,37,9,261.45,0,0,0
TX_000564,77.65,13,60,36,565.16,0,0,0
TX_000565,1756.18,3,25,93,217.15,1,0,0
TX_000566,2951.64,5,64,84,422.8,0,0,0
TX_000567,1964.26,15,51,79,572.65,0,0,0
TX_000568,2190.19,20,66,3,973.65,0,0,0
TX_000569,4521.27,0,40,23,79.89,0,0,0
TX_000570,1744.54,5,55,73,460.41,0,0,0
TX_000571,2572.38,8,70,30,396.27,0,0,0
TX_000572,3919.35,14,45,19,824.24,1,0,0
TX_000573,1985.73,11,30,67,900.3,0,0,0
TX_000574,3112.32,2,46,50,907.01,0,0,0
TX_000575,4312.51,10,78,48,375.14,1,0,0
TX_000576,4747.86,14,25,3,304.66,0,1,0
TX_000577,739.63,2,28,98,449.14,0,0,0
TX_000578,4633.31,13,64,66,343.99,0,0,0
TX_000579,2463.12,1,62,27,718.85,0,0,0
TX_000580,1294.93,3,35,87,213.57,0,0,0
TX_000581,2298.38,18,67,96,658.68,0,0,0
TX_000582,4900.26,11,42,99,926.99,0,0,0
TX_000583,2465.63,1,66,40,279.91,0,0,0
TX_000584,1647.11,16,39,18,676.89,0,0,0
TX_000585,3168.84,2,62,27,143.56,0,0,0
TX_000586,1204.53,9,78,11,121.38,0,0,0
TX_000587,383.94,15,52,39,115.64,0,0,0
TX_000588,648.75,21,46,19,138.53,0,0,0
TX_000589,644.59,8,38,89,216.16,0,0,0
TX_000590,763.75,10,73,7,562.83,0,0,0
TX_000591,698.44,20,24,95,766.99,0,1,0
TX_000592,3206.17,14,78,57,126.86,0,1,0
TX_000593,913.49,2,29,2,870.01,0,0,0
TX_000594,1731.61,15,53,38,842.72,0,0,0
TX_000595,4484.46,20,41,5,727.39,1,0,0
TX_000596,2372.44,20,49,78,425.97,0,0,0
TX_000597,3339.45,20,44,82,1.56,0,0,0
TX_000598,865.74,11,49,36,734.76,0,0,0
TX_000599,965.48,22,76,68,878.99,0,1,0
TX_000600,209.14,4,49,88,335.29,0,0,0
TX_000601,848.83,6,49,77,717.99,0,0,0
TX_000602,1396.56,8,43,85,62.05,0,0,0
TX_000603,889.17,20,28,57,709.49,0,0,0
TX_000604,448.07,17,63,97,68.31,1,0,0
TX_000605,607.58,20,35,20,587.19,0,0,0
TX_000606,2306.59,7,56,5,597.55,0,0,0
TX_000607,1035.64,11,22,24,302.16,0,1,0
TX_000608,1824.53,19,33,99,79.12,0,0,0
TX_000609,2519.57,1,28,30,949.33,0,0,0
TX_000610,3453.52,9,71,28,535.58,0,0,0
TX_000611,201.36,18,52,53,579.76,0,0,0
TX_000612,3998.05,8,65,51,615.02,0,0,0
TX_000613,3141.36,23,28,7,891.05,0,0,0
TX_000614,413.39,7,59,42,60.26,0,0,0
TX_000615,4368.53,23,40,35,893.29,1,0,1
TX_000616,4604.76,23,72,94,239.68,0,0,0
TX_000617,310.08,23,51,34,77.95,0,0,0
TX_000618,1388.0,0,65,73,657.27,0,0,0
TX_000619,4031.98,5,34,76,976.98,1,0,0
TX_000620,3742.56,11,27,54,57.24,0,1,0
TX_000621,926.68,23,35,29,426.12,0,0,0
TX_000622,1050.7,18,61,10,529.78,0,0,0
TX_000623,1855.51,16,25,27,252.12,1,0,0
TX_000624,2425.19,1,76,83,982.87,0,1,0
TX_000625,3093.18,10,43,13,640.96,0,0,0
TX_000626,1847.72,17,20,42,844.35,0,0,0
TX_000627,2315.36,22,76,37,415.78,0,0,0
TX_000628,3738.62,21,69,61,353.96,0,0,0
TX_000629,188.23,10,41,96,553.16,0,0,0
TX_000630,1265.92,17,20,79,435.28,0,0,0
TX_000631,3568.18,7,55,21,714.95,0,1,0
TX_000632,4476.56,14,19,3,265.82,1,0,0
TX_000633,2560.83,8,52,8,449.59,0,0,0
TX_000634,2662.91,14,34,70,895.13,0,0,0
TX_000635,540.32,6,26,93,756.11,0,0,0
TX_000636,2239.82,19,53,83,168.07,0,0,0
TX_000637,2665.42,12,39,17,886.86,0,1,0
TX_000638,1216.14,12,48,10,589.02,1,0,0
TX_000639,1349.87,0,72,97,679.29,0,0,0
TX_000640,1889.53,19,51,13,294.26,0,0,0
TX_000641,105.26,3,41,91,441.54,0,0,0
TX_000642,1613.79,23,77,12,806.81,1,0,0
TX_000643,1061.18,3,26,66,330.68,1,0,0
TX_000644,1640.85,3,63,74,165.06,1,0,0
TX_000645,603.21,12,75,85,378.3,0,0,0
TX_000646,4453.18,1,60,23,69.22,0,1,0
TX_000647,2969.99,22,19,65,717.86,0,0,0
TX_000648,3397.12,14,38,97,147.75,0,0,0
TX_000649,3946.91,3,51,52,285.13,0,0,0
TX_000650,2494.72,5,44,61,881.08,0,0,0
TX_000651,439.17,2,54,26,540.5,0,0,0
TX_000652,2687.85,6,24,15,321.34,0,0,0
TX_000653,2936.27,5,39,22,547.67,0,1,0
TX_000654,3728.47,2,21,89,218.28,1,1,1
TX_000655,2161.14,3,31,65,25.17,0,0,0
TX_000656,642.26,9,51,26,603.73,1,0,0
TX_000657,1422.46,20,40,21,714.13,0,0,0
TX_000658,1818.6,8,61,24,879.78,0,0,0
TX_000659,3231.36,5,59,16,771.88,1,0,0
TX_000660,2856.04,19,42,32,926.68,0,0,0
TX_000661,1783.7,10,18,16,985.95,0,0,0
TX_000662,4932.64,6,68,77,744.94,0,0,0
TX_000663,3030.85,17,72,42,867.92,0,0,0
TX_000664,1189.95,3,65,32,673.73,0,0,0
TX_000665,513.4,4,32,50,170.94,0,0,0
TX_000666,768.53,3,49,41,181.7,1,0,0
TX_000667,1233.56,3,31,24,110.26,1,0,0
TX_000668,807.6,12,58,13,942.97,0,0,0
TX_000669,936.9,15,78,75,672.75,0,0,0
TX_000670,1429.05,13,38,79,789.91,1,1,0
TX_000671,871.0,10,72,10,331.16,0,0,0
TX_000672,4484.34,1,64,42,460.42,0,0,0
TX_000673,405.77,21,75,41,39.78,0,0,0
TX_000674,2624.93,13,24,3,889.01,0,1,0
TX_000675,2054.93,23,53,55,853.0,0,0,0
TX_000676,4911.98,23,38,16,784.81,0,0,0
TX_000677,564.63,6,67,44,58.3,0,0,0
TX_000678,1992.29,10,57,81,174.25,0,0,0
TX_000679,4847.5,3,29,89,334.17,0,0,0
TX_000680,4328.21,6,32,30,263.06,0,0,0
TX_000681,4086.27,15,32,99,838.46,0,0,0
TX_000682,1293.22,5,34,37,194.84,0,0,0
TX_000683,858.58,5,51,60,532.12,0,0,0
TX_000684,3344.87,1,61,77,571.38,0,0,0
TX_000685,4647.23,23,52,24,425.01,0,0,0
TX_000686,2786.03,7,56,26,240.69,0,0,0
TX_000687,2860.21,6,55,58,960.29,0,0,0
TX_000688,1403.5,23,31,9,413.4,0,0,0
TX_000689,3848.62,13,72,61,727.31,0,0,0
TX_000690,939.28,8,76,19,184.05,0,0,0
TX_000691,1621.78,14,22,28,822.81,0,0,0
TX_000692,2130.06,21,47,7,215.89,0,0,0
TX_000693,2540.51,17,21,45,675.31,0,0,0
TX_000694,1215.84,11,32,86,506.5,0,0,0
TX_000695,578.61,22,56,94,146.56,0,0,0
TX_000696,3055.05,18,52,63,24.95,0,0,0
TX_000697,1446.71,12,62,37,930.75,0,0,0
TX_000698,2908.28,6,27,16,125.69,0,0,0
TX_000699,776.04,9,72,5,704.95,0,0,0
TX_000700,2408.29,9,19,29,652.68,0,0,0
TX_000701,2665.28,1,61,52,341.72,0,0,0
TX_000702,263.86,13,77,23,185.38,1,0,0
TX_000703,1686.34,12,41,6,178.33,0,0,0
TX_000704,676.4,21,45,36,585.33,1,0,0
TX_000705,321.56,5,39,57,546.92,0,1,0
TX_000706,4949.85,8,61,33,875.94,0,0,0
TX_000707,1615.16,12,49,49,640.0,1,0,0
TX_000708,4050.32,8,48,41,819.27,0,0,0
TX_000709,1276.93,12,36,80,32.41,0,0,0
TX_000710,3409.11,4,68,55,670.99,0,0,0
TX_000711,3802.34,13,38,98,233.71,0,0,0
TX_000712,2980.22,4,20,26,252.84,0,0,0
TX_000713,2360.52,8,23,37,720.58,0,0,0
TX_000714,2062.15,7,49,77,793.43,1,0,0
TX_000715,1747.6,6,19,17,371.74,0,0,0
TX_000716,4648.0,7,41,96,790.08,0,0,0
TX_000717,4153.94,21,62,32,443.74,1,0,0
TX_000718,4825.31,2,76,28,857.65,0,0,0
TX_000719,625.86,22,77,93,24.9,0,1,0
TX_000720,3655.68,23,44,25,83.5,0,0,0
TX_000721,4692.01,14,26,47,776.35,0,0,0
TX_000722,910.26,7,30,22,624.09,1,0,0
TX_000723,337.15,0,72,91,559.02,0,0,0
TX_000724,3706.9,6,31,61,613.98,0,0,0
TX_000725,2874.49,18,68,44,930.19,0,0,0
TX_000726,4209.93,1,28,20,655.54,0,0,0
TX_000727,703.16,13,31,50,647.48,0,0,0
TX_000728,3977.36,17,33,88,759.47,0,0,0
TX_000729,1012.13,14,27,47,866.62,0,0,0
TX_000730,822.46,13,37,47,261.91,0,0,0
TX_000731,825.51,23,33,72,616.75,0,0,0
TX_000732,4073.8,18,77,51,583.97,0,0,0
TX_000733,3327.66,18,75,55,134.85,0,0,0
TX_000734,2617.71,21,51,78,520.32,0,0,0
TX_000735,1797.36,16,74,39,69.55,0,1,0
TX_000736,4386.62,21,33,14,184.96,0,0,0
TX_000737,1965.26,18,31,69,912.96,0,0,0
TX_000738,4083.91,15,70,47,119.24,0,0,0
TX_000739,2198.48,19,45,21,578.92,0,0,0
TX_000740,1887.84,18,35,15,323.48,0,0,0
TX_000741,2316.09,0,43,97,555.31,0,0,0
TX_000742,1510.38,18,55,81,234.97,0,0,0
TX_000743,3739.31,6,24,84,444.38,0,0,0
TX_000744,2516.09,22,62,1,867.33,1,0,0
TX_000745,1164.9,10,51,80,376.22,0,0,0
TX_000746,4498.37,4,64,82,353.03,0,0,0
TX_000747,1922.54,16,66,10,446.12,0,0,0
TX_000748,2720.05,10,62,23,100.49,0,0,0
TX_000749,4532.83,23,24,18,387.35,1,0,0
TX_000750,3123.07,7,50,58,6.9,1,0,0
TX_000751,588.91,9,52,73,503.4,0,0,0
TX_000752,4699.46,11,69,94,847.94,0,0,0
TX_000753,3140.4,9,67,77,552.07,0,0,0
TX_000754,1677.85,12,56,52,607.73,0,0,0
TX_000755,700.66,17,38,95,30.56,0,0,0
TX_000756,3971.16,9,66,46,859.51,1,1,1
TX_000757,3102.26,18,45,13,385.0,0,0,0
TX_000758,2669.64,19,49,96,974.85,1,0,0
TX_000759,4469.99,16,61,17,120.47,0,0,0
TX_000760,3944.04,19,33,67,944.67,0,0,0
TX_000761,762.62,15,73,61,634.29,0,0,0
TX_000762,1562.05,4,27,65,52.34,0,0,0
TX_000763,1246.2,2,40,53,971.7,0,0,0
TX_000764,3721.01,14,65,5,13.87,0,0,0
TX_000765,172.49,1,69,32,730.7,0,0,0
TX_000766,2851.6,12,67,89,889.53,0,0,0
TX_000767,3813.48,21,32,45,175.81,0,0,0
TX_000768,4384.44,7,72,56,343.36,0,0,0
TX_000769,1713.7,22,60,5,561.23,0,0,0
TX_000770,4107.18,16,67,87,679.81,0,0,0
TX_000771,557.61,3,23,76,871.88,0,0,0
TX_000772,4233.03,18,50,34,761.07,0,0,0
TX_000773,641.81,21,79,61,363.33,1,0,0
TX_000774,1989.45,8,72,87,821.72,0,0,0
TX_000775,3987.49,22,56,80,966.08,1,0,0
TX_000776,753.84,14,29,62,226.99,0,0,0
TX_000777,1150.11,8,69,69,74.1,0,0,0
TX_000778,3612.65,23,53,63,426.62,0,0,0
TX_000779,3601.58,20,48,44,881.4,0,1,0
TX_000780,3207.53,8,27,28,150.29,1,0,0
TX_000781,3471.27,13,70,70,885.8,0,0,0
TX_000782,2715.91,22,51,13,992.21,0,1,0
TX_000783,1262.74,20,58,43,54.0,0,1,0
TX_000784,1731.75,15,27,30,495.26,0,0,0
TX_000785,912.08,23,69,26,328.89,0,0,0
TX_000786,4542.71,22,28,81,393.68,0,0,0
TX_000787,2919.04,16,74,63,451.63,0,0,0
TX_000788,2007.25,12,31,73,739.7,0,0,0
TX_000789,2312.72,8,20,57,591.3,0,0,0
TX_000790,4736.68,14,74,64,961.2,0,0,0
TX_000791,770.99,6,50,80,332.76,0,0,0
TX_000792,2933.22,0,24,49,541.5,0,0,0
TX_000793,2531.91,0,21,52,813.33,0,0,0
TX_000794,3059.21,4,56,63,373.03,0,0,0
TX_000795,95.46,23,65,82,465.3,0,0,0
TX_000796,4361.26,8,79,13,684.97,0,0,0
TX_000797,4660.93,11,27,93,860.74,1,1,1
TX_000798,2827.84,5,32,88,415.68,0,0,0
TX_000799,3484.77,12,33,45,531.95,0,0,0
TX_000800,4612.88,7,55,46,975.12,0,1,1
TX_000801,3537.66,14,21,77,42.47,0,0,0
TX_000802,766.93,5,21,89,448.23,0,1,0
TX_000803,2883.56,5,73,41,635.98,0,0,0
TX_000804,3035.54,3,72,46,8.43,0,0,0
TX_000805,2123.53,10,53,1,596.79,0,0,0
TX_000806,3683.54,20,44,73,56.2,0,0,0
TX_000807,4672.16,17,39,68,857.56,1,0,1
TX_000808,4628.21,2,39,92,807.09,0,0,0
TX_000809,2256.94,2,34,12,32.26,1,0,0
TX_000810,570.62,11,62,88,48.8,1,0,0
TX_000811,4924.28,20,51,73,753.61,0,0,0
TX_000812,4195.3,20,49,35,369.54,0,0,0
TX_000813,627.69,5,69,99,575.03,0,0,0
TX_000814,4604.61,20,23,33,270.33,1,0,0
TX_000815,4350.13,5,71,58,172.97,0,0,0
TX_000816,2596.6,7,50,35,296.08,0,0,0
TX_000817,2958.42,14,25,46,246.71,0,0,0
TX_000818,1998.02,17,67,84,448.31,1,0,0
TX_000819,278.53,19,78,66,746.68,0,0,0
TX_000820,1679.31,15,70,44,554.13,0,0,0
TX_000821,4015.25,5,53,26,609.18,0,1,0
TX_000822,28.14,20,22,42,470.08,0,0,0
TX_000823,1670.83,16,22,77,324.73,0,0,0
TX_000824,1993.85,8,64,30,143.51,0,1,0
TX_000825,2689.29,18,27,32,354.57,0,0,0
TX_000826,4599.68,17,57,36,665.2,0,0,0
TX_000827,1735.0,22,75,19,733.78,0,0,0
TX_000828,1738.03,4,24,22,469.18,0,0,0
TX_000829,3688.82,5,29,65,645.0,0,0,0
TX_000830,2263.83,11,47,57,210.54,0,0,0
TX_000831,1126.9,10,42,11,860.07,0,0,0
TX_000832,2264.94,15,45,26,865.94,0,0,0
TX_000833,708.58,19,60,48,320.33,1,0,0
TX_000834,886.05,16,30,19,547.71,0,0,0
TX_000835,2494.35,19,64,83,606.66,0,1,0
TX_000836,2097.53,8,66,12,472.43,0,0,0
TX_000837,4574.66,0,39,67,911.14,0,1,1
TX_000838,1815.16,2,71,56,739.72,0,0,0
TX_000839,2905.04,20,35,18,672.51,0,0,0
TX_000840,3163.16,22,44,5,520.09,0,0,0
TX_000841,70.41,8,25,24,84.85,0,0,0
TX_000842,3319.37,21,23,78,107.82,0,0,0
TX_000843,894.29,18,28,38,299.01,0,0,0
TX_000844,4805.55,12,46,67,211.52,0,0,0
TX_000845,747.57,22,75,70,952.53,0,0,0
TX_000846,2076.05,13,58,76,409.81,0,0,0
TX_000847,431.32,19,75,52,876.61,1,0,0
TX_000848,4984.39,18,22,75,818.08,1,0,1
TX_000849,2513.46,22,24,39,812.57,0,0,0
TX_000850,2978.95,6,39,59,215.71,1,0,0
TX_000851,340.05,3,76,26,447.32,1,0,0
TX_000852,3751.05,11,64,65,317.95,1,0,0
TX_000853,1053.48,22,70,80,970.41,0,0,0
TX_000854,4490.78,13,71,48,876.74,1,0,1
TX_000855,1029.67,1,21,53,249.92,0,0,0
TX_000856,957.49,0,49,9,313.52,1,0,0
TX_000857,187.57,17,36,5,528.91,0,0,0
TX_000858,2362.97,19,62,72,278.61,1,0,0
TX_000859,2826.38,7,50,61,824.53,0,0,0
TX_000860,333.21,2,18,21,819.23,0,0,0
TX_000861,3878.76,5,71,97,724.34,1,0,0
TX_000862,2269.18,21,63,63,689.31,0,0,0
TX_000863,2624.33,12,58,20,547.3,0,0,0
TX_000864,2206.61,8,73,58,347.11,0,0,0
TX_000865,2006.81,8,61,45,836.94,1,0,0
TX_000866,2800.4,19,67,22,858.83,1,0,0
TX_000867,780.43,8,58,77,49.51,0,0,0
TX_000868,913.73,14,25,75,398.62,1,0,0
TX_000869,4309.62,12,49,82,26.63,0,0,0
TX_000870,4730.85,21,47,63,839.48,0,0,0
TX_000871,1869.68,15,63,30,177.09,0,0,0
TX_000872,1357.37,1,45,63,673.87,0,0,0
TX_000873,3221.78,13,58,97,357.38,0,1,0
TX_000874,2046.63,5,69,44,816.07,0,0,0
TX_000875,131.8,1,49,67,509.69,0,0,0
TX_000876,784.98,7,42,58,324.4,0,0,0
TX_000877,3581.28,3,51,65,323.87,0,0,0
TX_000878,3296.33,20,78,36,326.93,1,1,0
TX_000879,140.34,23,50,6,788.58,0,0,0
TX_000880,1113.75,13,30,37,711.12,0,0,0
TX_000881,1159.22,10,42,93,319.21,0,0,0
TX_000882,3361.1,23,59,75,490.21,1,0,0
TX_000883,103.45,13,57,55,76.15,0,0,0
TX_000884,525.02,11,56,77,827.5,0,0,0
TX_000885,4000.58,15,79,75,265.95,0,0,0
TX_000886,896.83,5,78,59,889.23,1,0,0
TX_000887,3265.47,19,73,38,596.8,1,0,0
TX_000888,1194.72,0,61,25,567.82,1,0,0
TX_000889,501.71,11,66,79,162.72,0,0,0
TX_000890,1219.65,6,79,77,69.54,0,0,0
TX_000891,3612.72,7,74,33,552.62,1,0,0
TX_000892,4279.2,8,61,13,467.99,0,1,0
TX_000893,4151.95,1,65,38,119.68,0,0,0
TX_000894,1988.93,16,27,58,835.59,0,0,0
TX_000895,3342.09,19,76,88,417.24,0,0,0
TX_000896,1028.9,12,74,20,260.46,0,0,0
TX_000897,1469.27,4,48,17,788.27,0,0,0
TX_000898,4482.2,9,61,24,913.06,0,0,0
TX_000899,69.94,11,28,26,305.96,0,0,0
TX_000900,432.12,16,42,40,775.95,0,0,0
TX_000901,1043.39,20,78,32,652.52,0,0,0
TX_000902,137.53,5,63,93,989.73,1,1,0
TX_000903,911.27,2,71,78,203.99,0,0,0
TX_000904,2917.29,14,69,37,960.68,0,0,0
TX_000905,2110.02,6,62,86,315.27,0,0,0
TX_000906,4463.9,5,51,98,411.95,0,0,0
TX_000907,4088.13,3,76,91,358.83,0,0,0
TX_000908,1712.38,18,37,92,268.45,0,0,0
TX_000909,1300.82,4,24,86,693.22,0,0,0
TX_000910,1901.56,2,50,60,589.15,0,0,0
TX_000911,2953.52,8,79,57,305.69,0,0,0
TX_000912,1343.98,5,74,58,132.21,0,0,0
TX_000913,3122.62,12,52,67,317.38,0,0,0
TX_000914,2050.01,21,78,22,381.23,0,0,0
TX_000915,2762.48,19,46,58,380.65,1,0,0
TX_000916,2183.45,3,69,85,357.26,0,0,0
TX_000917,1475.86,1,29,80,48.72,0,0,0
TX_000918,4742.52,3,22,73,464.03,0,0,0
TX_000919,3819.21,7,29,77,836.21,1,0,0
TX_000920,704.87,12,46,74,180.37,0,0,0
TX_000921,4343.0,9,52,49,145.66,0,0,0
TX_000922,2439.72,17,37,85,471.85,0,0,0
TX_000923,4473.29,8,54,49,370.6,0,0,0
TX_000924,4000.28,0,77,42,561.28,0,0,0
TX_000925,2128.94,12,18,40,947.07,0,1,0
TX_000926,117.23,17,33,71,760.89,0,1,0
TX_000927,1347.04,14,47,46,687.06,0,0,0
TX_000928,2710.46,1,26,22,415.94,0,0,0
TX_000929,3169.22,10,59,82,287.36,0,0,0
TX_000930,1293.15,13,78,21,540.26,0,0,0
TX_000931,701.08,21,27,51,885.44,0,0,0
TX_000932,4175.48,14,30,14,876.74,0,0,0
TX_000933,4922.09,13,65,74,445.51,0,0,0
TX_000934,2630.82,15,79,97,246.22,0,0,0
TX_000935,862.54,22,37,9,225.34,1,0,0
TX_000936,1365.18,14,46,18,33.99,0,0,0
TX_000937,96.86,18,74,13,842.66,0,0,0
TX_000938,4571.92,8,21,17,264.84,0,0,0
TX_000939,593.17,4,63,87,359.0,0,0,0
TX_000940,2884.7,4,66,25,809.22,1,1,1
TX_000941,1373.91,10,45,54,120.02,0,1,0
TX_000942,2773.12,19,54,16,461.23,0,0,0
TX_000943,3258.84,23,30,24,122.34,0,0,0
TX_000944,4149.56,3,74,95,441.85,0,0,0
TX_000945,1036.07,19,20,75,47.14,0,0,0
TX_000946,59.92,17,54,23,517.62,0,0,0
TX_000947,688.74,2,65,41,795.71,0,0,0
TX_000948,4500.59,3,36,86,676.3,1,0,1
TX_000949,4370.08,13,45,33,509.17,0,0,0
TX_000950,2989.08,6,36,42,828.76,0,0,0
TX_000951,3004.58,7,34,48,227.79,0,0,0
TX_000952,3326.86,23,35,18,830.8,0,0,0
TX_000953,880.98,15,35,63,276.36,0,0,0
TX_000954,4572.49,19,74,78,362.49,0,1,0
TX_000955,2096.76,14,40,92,128.43,0,0,0
TX_000956,1918.78,6,57,11,101.75,1,0,0
TX_000957,2596.99,16,67,24,932.11,0,0,0
TX_000958,239.6,21,26,61,189.98,0,0,0
TX_000959,835.59,21,46,64,333.3,0,0,0
TX_000960,3691.48,21,68,36,529.15,1,0,0
TX_000961,418.58,11,59,83,347.87,0,0,0
TX_000962,3017.74,17,46,77,870.13,1,0,0
TX_000963,1230.52,23,19,97,900.71,1,1,0
TX_000964,1949.53,13,77,53,325.99,0,0,0
TX_000965,1447.03,14,34,83,92.03,0,0,0
TX_000966,1781.59,14,74,47,210.16,0,0,0
TX_000967,3596.63,4,73,52,474.39,0,0,0
TX_000968,1489.12,15,62,96,288.48,0,0,0
TX_000969,2834.19,4,48,79,453.47,0,0,0
TX_000970,2382.87,1,45,57,758.7,0,0,0
TX_000971,3320.04,19,60,75,420.64,0,0,0
TX_000972,4684.46,8,65,23,197.0,1,0,0
TX_000973,3664.2,21,69,59,357.97,0,0,0
TX_000974,1078.63,8,56,69,742.98,0,1,0
TX_000975,160.76,3,77,56,424.06,1,0,0
TX_000976,1315.01,14,47,86,249.54,0,0,0
TX_000977,2977.41,10,52,42,427.41,1,0,0
TX_000978,261.87,0,65,18,454.81,0,0,0
TX_000979,2484.35,17,68,71,296.38,0,0,0
TX_000980,2986.23,0,37,33,995.69,0,0,0
TX_000981,1674.55,7,33,3,767.63,0,1,0
TX_000982,3855.71,15,51,28,692.45,0,0,0
TX_000983,537.46,21,31,1,854.87,0,0,0
TX_000984,380.31,17,43,63,666.42,0,0,0
TX_000985,3642.3,21,37,47,790.98,0,0,0
TX_000986,2479.98,8,59,37,412.53,0,0,0
TX_000987,3443.57,11,68,86,500.37,1,1,0
TX_000988,2176.96,18,41,48,47.0,0,0,0
TX_000989,1235.78,17,60,19,280.65,0,0,0
TX_000990,4096.42,4,35,14,368.01,1,0,0
TX_000991,3998.08,1,60,67,625.47,0,1,1
TX_000992,3475.01,6,26,83,464.21,0,0,0
TX_000993,1364.36,9,36,97,607.84,0,0,0
TX_000994,2953.2,14,37,85,713.33,0,0,0
TX_000995,1808.06,6,78,65,42.72,1,0,0
TX_000996,462.45,4,59,26,258.28,1,0,0
TX_000997,4586.98,14,47,10,170.9,0,0,0
TX_000998,688.41,19,43,99,187.46,0,0,0
TX_000999,4751.44,19,48,77,503.13,1,0,0
TX_001000,2232.8,14,52,70,739.98,1,0,0
TX_001001,929.74,9,20,43,272.78,0,0,0
TX_001002,2711.8,23,73,70,824.45,0,0,0
TX_001003,4365.36,13,57,99,892.46,0,0,0
TX_001004,3662.46,9,78,80,350.53,0,0,0
TX_001005,4033.77,16,46,72,681.36,1,0,0
TX_001006,3295.62,20,23,59,117.05,0,0,0
TX_001007,3462.92,13,69,3,744.03,0,0,0
TX_001008,4246.73,1,18,5,165.02,0,0,0
TX_001009,1252.09,15,69,85,687.42,0,0,0
TX_001010,2449.68,12,41,95,421.9,0,0,0
TX_001011,1109.94,8,55,78,928.46,0,0,0
TX_001012,4938.4,6,51,83,464.46,0,0,0
TX_001013,4720.58,15,68,37,30.9,0,0,0
TX_001014,201.94,9,77,84,480.67,0,0,0
TX_001015,3529.35,23,24,52,795.5,0,0,0
TX_001016,4626.62,21,28,66,647.08,0,0,0
TX_001017,906.97,8,28,63,966.32,0,0,0
TX_001018,2841.89,21,53,7,843.27,0,0,0
TX_001019,4577.86,22,37,97,526.55,0,0,0
TX_001020,174.56,6,33,53,206.52,0,0,0
TX_001021,3488.61,15,22,6,3.77,0,1,0
TX_001022,1490.26,8,41,7,980.5,1,0,0
TX_001023,4622.36,23,47,44,938.32,0,0,0
TX_001024,4855.44,16,47,18,274.14,0,0,0
TX_001025,4721.61,19,56,54,638.22,0,0,0
TX_001026,2373.7,6,74,29,729.24,0,0,0
TX_001027,4310.9,10,65,83,578.01,0,0,0
TX_001028,4223.52,7,64,25,842.96,0,1,0
TX_001029,1598.91,6,54,63,77.82,0,0,0
TX_001030,4145.43,18,50,68,896.49,0,0,0
TX_001031,189.85,19,37,13,392.02,0,0,0
TX_001032,2983.37,11,71,32,480.69,0,0,0
TX_001033,1153.89,6,39,27,444.73,0,0,0
TX_001034,607.23,7,58,51,531.29,0,0,0
TX_001035,389.38,6,75,34,598.17,0,0,0
TX_001036,3482.96,5,78,28,710.34,0,0,0
TX_001037,1702.68,8,38,73,524.94,0,1,0
TX_001038,3625.21,12,54,72,684.77,0,0,0
TX_001039,331.45,6,71,85,338.3,0,0,0
TX_001040,1579.88,7,44,30,936.68,1,1,0
TX_001041,2699.76,21,55,93,64.53,0,0,0
TX_001042,3954.66,16,52,9,545.54,0,0,0
TX_001043,1597.17,16,55,13,87.4,0,0,0
TX_001044,3131.33,15,57,82,442.77,0,0,0
TX_001045,4430.46,21,77,64,257.58,0,0,0
TX_001046,3081.24,1,23,38,936.9,0,0,0
TX_001047,1168.63,7,49,22,13.08,1,0,0
TX_001048,126.88,16,33,31,391.2,0,0,0
TX_001049,4351.14,12,45,99,782.04,0,0,0
TX_001050,111.24,17,33,42,188.46,0,0,0
TX_001051,4374.13,23,44,62,815.59,0,0,0
TX_001052,2647.04,21,70,64,859.73,0,0,0
TX_001053,4695.64,9,20,74,708.0,0,0,0
TX_001054,3994.92,1,66,9,209.07,0,0,0
TX_001055,4989.68,1,38,95,272.04,0,0,0
TX_001056,1756.81,13,55,44,166.93,0,0,0
TX_001057,3837.11,15,79,63,184.06,0,0,0
TX_001058,2012.64,6,55,40,36.49,0,1,0
TX_001059,2401.98,20,47,88,857.32,0,0,0
TX_001060,3139.39,20,39,41,528.5,0,1,0
TX_001061,4369.02,23,36,72,327.76,0,0,0
TX_001062,4920.5,11,48,50,289.58,1,0,0
TX_001063,3842.53,22,37,20,544.7,1,0,0
TX_001064,2091.75,13,64,81,326.68,1,0,0
TX_001065,2109.68,3,36,92,863.72,0,0,0
TX_001066,3689.22,3,19,70,210.96,0,0,0
TX_001067,1197.69,17,57,42,882.3,0,0,0
TX_001068,556.82,2,56,33,664.09,0,0,0
TX_001069,1776.34,0,44,92,956.63,0,0,0
TX_001070,1439.76,16,25,63,15.11,0,0,0
TX_001071,1485.06,6,62,57,59.1,0,1,0
TX_001072,1171.87,15,71,65,500.89,0,0,0
TX_001073,215.26,4,44,52,912.38,0,0,0
TX_001074,94.28,18,32,99,730.79,0,0,0
TX_001075,4938.67,6,29,88,622.14,0,0,0
TX_001076,2141.73,13,64,6,31.6,0,0,0
TX_001077,1924.71,1,31,7,354.16,1,0,0
TX_001078,3399.84,2,24,9,345.85,0,0,0
TX_001079,1095.18,16,34,61,542.09,1,0,0
TX_001080,4750.06,15,43,80,257.83,0,0,0
TX_001081,3932.79,7,54,34,267.16,0,0,0
TX_001082,451.61,17,37,35,620.86,1,0,0
TX_001083,2090.82,14,27,99,944.57,0,0,0
TX_001084,4396.2,6,36,20,660.18,0,0,0
TX_001085,4723.94,8,35,58,668.13,0,1,0
TX_001086,2339.67,5,47,87,986.21,0,0,0
TX_001087,3068.99,17,47,60,153.48,0,0,0
TX_001088,839.33,17,42,54,33.83,0,0,0
TX_001089,4955.89,23,41,35,745.51,0,0,0
TX_001090,1162.2,13,27,47,438.79,0,0,0
TX_001091,4713.95,13,19,46,428.82,0,0,0
TX_001092,3249.99,13,55,87,225.3,0,0,0
TX_001093,3040.65,3,49,4,506.86,0,0,0
TX_001094,2565.88,3,52,10,442.17,0,0,0
TX_001095,1157.2,14,68,75,345.45,0,0,0
TX_001096,886.76,14,54,40,442.75,0,0,0
TX_001097,1106.33,17,24,55,383.83,1,1,0
TX_001098,936.26,13,24,73,939.9,0,0,0
TX_001099,3899.02,0,44,40,980.25,0,0,0
TX_001100,1753.88,9,27,76,839.9,0,0,0
TX_001101,293.92,19,50,81,990.41,0,0,0
TX_001102,4845.67,9,60,96,265.72,1,0,0
TX_001103,4419.51,9,72,23,842.93,0,1,0
TX_001104,4639.12,23,24,15,406.63,1,0,0
TX_001105,4974.56,1,23,92,746.14,1,0,1
TX_001106,873.61,7,23,5,201.39,0,0,0
TX_001107,1984.23,0,30,40,811.96,1,0,0
TX_001108,3792.4,0,65,18,83.46,0,0,0
TX_001109,3481.62,3,30,21,270.56,0,0,0
TX_001110,773.71,6,19,79,821.95,0,0,0
TX_001111,4080.09,8,36,3,747.16,0,0,0
TX_001112,1126.08,15,68,46,501.25,1,0,0
TX_001113,1122.97,4,78,90,672.79,0,0,0
TX_001114,2687.19,1,36,79,185.57,0,0,0
TX_001115,2966.73,22,67,53,667.76,0,0,0
TX_001116,2902.53,10,74,20,7.98,0,0,0
TX_001117,461.98,17,55,59,833.22,0,0,0
TX_001118,4387.92,18,19,21,516.29,0,0,0
TX_001119,1331.67,12,68,90,943.88,0,0,0
TX_001120,651.93,23,43,87,478.16,1,0,0
TX_001121,4444.3,10,23,51,433.09,0,0,0
TX_001122,4778.48,19,37,25,450.05,0,0,0
TX_001123,4311.33,18,40,68,359.73,0,0,0
TX_001124,4048.53,16,71,10,166.68,0,0,0
TX_001125,3277.93,4,32,86,842.06,0,0,0
TX_001126,2756.53,12,23,67,389.09,0,0,0
TX_001127,439.5,19,45,83,529.11,0,1,0
TX_001128,2045.22,0,52,95,19.89,0,0,0
TX_001129,1866.58,9,28,9,60.25,0,0,0
TX_001130,1302.47,7,25,29,597.18,1,0,0
TX_001131,3618.48,23,74,37,879.23,0,1,0
TX_001132,2481.9,7,71,71,493.4,0,0,0
TX_001133,409.83,18,67,38,164.97,0,0,0
TX_001134,1104.82,5,66,88,116.13,0,1,0
TX_001135,3417.88,11,68,72,899.79,0,0,0
TX_001136,385.27,6,68,98,701.64,1,0,0
TX_001137,4256.78,15,41,59,966.2,0,1,0
TX_001138,2478.26,8,38,57,82.35,0,0,0
TX_001139,2405.53,20,66,90,902.61,0,0,0
TX_001140,2964.08,21,76,60,845.63,0,0,0
TX_001141,4124.28,9,53,28,893.19,1,0,0
TX_001142,1742.31,9,24,28,5.76,0,0,0
TX_001143,3391.69,9,22,46,741.9,0,0,0
TX_001144,2830.83,19,75,71,548.94,1,0,0
TX_001145,1338.81,15,46,67,573.18,0,0,0
TX_001146,4393.76,0,33,86,469.2,0,0,0
TX_001147,3988.14,16,23,55,742.68,0,0,0
TX_001148,3293.97,20,31,38,999.84,0,0,0
TX_001149,4253.66,13,75,18,710.54,0,0,0
TX_001150,4337.13,18,69,76,678.05,0,0,0
TX_001151,3543.27,20,19,95,654.44,1,0,0
TX_001152,4185.88,20,42,63,695.21,0,1,0
TX_001153,3488.87,16,48,5,342.11,0,0,0
TX_001154,3402.3,13,67,44,320.22,1,0,0
TX_001155,3094.96,7,67,29,784.34,0,0,0
TX_001156,3764.82,20,30,14,53.09,0,0,0
TX_001157,797.23,20,77,58,759.25,0,0,0
TX_001158,4404.95,8,35,44,813.84,1,1,1
TX_001159,4359.86,7,34,18,521.6,0,0,0
TX_001160,151.09,12,62,7,910.15,1,0,0
TX_001161,4129.95,16,45,87,473.09,0,0,0
TX_001162,648.7,18,29,97,178.09,0,0,0
TX_001163,1678.92,6,52,62,361.4,0,0,0
TX_001164,3718.82,16,39,45,905.87,0,0,0
TX_001165,808.0,0,56,16,993.74,0,0,0
TX_001166,4090.75,4,18,64,421.85,1,0,0
TX_001167,4161.51,5,79,37,166.85,0,0,0
TX_001168,2539.8,1,54,25,286.33,0,1,0
TX_001169,36.9,15,38,9,553.3,0,0,0
TX_001170,1438.76,21,18,55,572.1,0,0,0
TX_001171,3086.55,4,21,28,630.06,0,0,0
TX_001172,4906.02,4,49,9,835.35,0,0,0
TX_001173,3160.91,11,75,12,711.21,0,0,0
TX_001174,1302.72,2,18,18,260.84,0,0,0
TX_001175,3171.86,15,30,91,395.04,0,0,0
TX_001176,2702.23,5,63,90,839.82,0,0,0
TX_001177,3900.33,14,64,56,633.38,0,0,0
TX_001178,539.37,14,34,90,166.42,0,0,0
TX_001179,3806.33,15,29,74,325.54,0,0,0
TX_001180,2708.63,19,24,58,791.09,0,0,0
TX_001181,4815.15,12,72,81,172.09,0,0,0
TX_001182,1712.65,11,68,51,691.05,0,1,0
TX_001183,3164.95,9,72,32,563.54,0,1,0
TX_001184,4660.48,13,20,88,147.47,0,0,0
TX_001185,517.04,1,67,48,688.88,0,0,0
TX_001186,4686.46,2,43,8,142.35,0,0,0
TX_001187,3440.99,8,48,30,398.44,0,0,0
TX_001188,343.85,10,53,26,308.56,0,0,0
TX_001189,1508.31,10,79,24,690.01,0,0,0
TX_001190,3542.32,21,43,27,782.36,0,0,0
TX_001191,341.42,9,20,79,168.32,1,0,0
TX_001192,2912.94,13,61,92,812.0,0,0,0
TX_001193,1732.69,8,72,75,7.21,0,0,0
TX_001194,3106.47,19,45,39,530.06,0,0,0
TX_001195,233.48,20,61,66,516.79,0,1,0
TX_001196,4358.33,9,34,51,623.82,1,0,0
TX_001197,4867.58,21,55,73,239.7,0,0,0
TX_001198,4844.54,8,64,50,9.86,0,0,0
TX_001199,3749.51,4,47,45,454.76,0,0,0
TX_001200,654.78,7,19,87,71.41,0,0,0
TX_001201,3792.52,10,25,33,892.19,0,0,0
TX_001202,127.81,0,31,19,173.67,0,0,0
TX_001203,115.51,20,54,13,425.23,0,0,0
TX_001204,1621.43,9,52,78,434.0,0,0,0
TX_001205,2445.77,0,59,96,552.86,1,0,0
TX_001206,3853.19,21,56,22,782.53,0,0,0
TX_001207,3418.06,6,79,20,472.15,0,0,0
TX_001208,2232.28,13,28,97,25.75,0,0,0
TX_001209,1371.77,4,32,5,771.11,0,0,0
TX_001210,4985.64,16,19,84,82.17,0,0,0
TX_001211,2133.78,21,54,78,641.55,0,0,0
TX_001212,2259.68,20,60,91,803.43,0,0,0
TX_001213,822.3,5,49,90,282.69,0,0,0
TX_001214,3975.07,15,57,32,449.11,0,0,0
TX_001215,3469.94,10,30,30,14.34,0,0,0
TX_001216,1107.74,9,60,91,803.88,0,0,0
TX_001217,416.49,14,34,26,703.26,0,0,0
TX_001218,3404.09,6,32,82,231.39,0,0,0
TX_001219,3274.28,22,50,87,390.23,0,0,0
TX_001220,1369.93,1,68,88,695.32,0,0,0
TX_001221,4754.56,11,33,4,358.16,0,0,0
TX_001222,759.53,18,68,67,162.41,0,0,0
TX_001223,2164.51,11,30,43,518.51,0,0,0
TX_001224,4718.36,15,72,30,723.57,0,0,0
TX_001225,2101.54,5,39,16,320.81,0,0,0
TX_001226,3194.44,2,40,71,121.77,0,0,0
TX_001227,1990.98,1,53,39,829.54,0,1,0
TX_001228,1374.7,19,60,86,252.8,1,0,0
TX_001229,4919.97,4,67,41,512.81,0,0,0
TX_001230,2049.62,10,67,31,691.34,0,1,0
TX_001231,4471.03,2,27,49,317.08,0,0,0
TX_001232,1153.62,2,34,13,648.64,1,0,0
TX_001233,1069.46,21,47,41,459.71,0,0,0
TX_001234,160.51,4,30,93,570.44,0,0,0
TX_001235,3260.08,21,47,28,590.58,0,0,0
TX_001236,1845.79,22,74,64,824.15,0,0,0
TX_001237,4322.47,10,63,19,656.33,0,1,0
TX_001238,2368.68,2,47,87,264.31,0,0,0
TX_001239,4841.13,12,24,72,59.6,0,0,0
TX_001240,931.7,20,27,25,1.99,0,0,0
TX_001241,4343.77,7,52,38,904.42,1,0,1
TX_001242,3884.1,19,19,99,942.11,0,0,0
TX_001243,3855.75,9,47,90,94.11,0,0,0
TX_001244,4224.69,1,36,3,487.05,0,0,0
TX_001245,3806.31,3,56,2,151.6,0,0,0
TX_001246,3132.97,17,54,5,948.75,0,0,0
TX_001247,660.57,18,77,61,246.83,0,0,0
TX_001248,167.47,3,20,20,501.65,0,0,0
TX_001249,4604.63,19,42,76,165.62,0,0,0
TX_001250,3085.17,8,51,38,332.76,0,0,0
TX_001251,3983.7,15,72,80,266.81,0,0,0
TX_001252,2410.2,5,75,36,475.43,1,1,0
TX_001253,590.95,3,39,46,419.78,0,0,0
TX_001254,630.3,8,55,93,330.8,0,1,0
TX_001255,3429.4,12,31,99,105.88,0,0,0
TX_001256,2154.38,8,56,37,484.49,0,0,0
TX_001257,1006.62,5,71,54,850.21,0,0,0
TX_001258,2460.51,20,19,21,730.22,0,0,0
TX_001259,325.72,18,49,21,720.57,0,0,0
TX_001260,2911.95,13,60,92,366.09,0,0,0
TX_001261,1348.62,20,70,70,708.42,0,0,0
TX_001262,3988.81,14,20,84,465.53,0,1,0
TX_001263,1555.26,2,58,60,150.28,0,0,0
TX_001264,2278.82,4,25,36,419.05,0,0,0
TX_001265,63.04,20,43,77,132.74,0,0,0
TX_001266,366.87,17,49,11,114.48,0,0,0
TX_001267,1965.51,13,28,88,23.06,0,0,0
TX_001268,2402.29,15,67,83,282.85,0,0,0
TX_001269,3002.1,13,18,87,330.87,0,0,0
TX_001270,1461.85,8,32,31,699.44,0,0,0
TX_001271,3476.43,14,21,37,538.0,1,0,0
TX_001272,4301.31,6,21,60,858.45,0,0,0
TX_001273,3900.36,13,45,61,176.47,0,0,0
TX_001274,202.9,5,27,67,265.96,0,0,0
TX_001275,2405.13,20,28,98,941.08,0,0,0
TX_001276,529.13,14,67,29,444.05,0,1,0
TX_001277,1214.01,19,40,67,789.05,0,0,0
TX_001278,4933.38,7,78,79,492.17,0,0,0
TX_001279,716.77,1,64,71,471.09,0,0,0
TX_001280,2496.95,7,20,67,148.12,0,0,0
TX_001281,3092.69,0,56,16,851.2,1,1,1
TX_001282,3513.81,16,56,45,78.36,0,0,0
TX_001283,2800.45,18,34,34,310.26,0,0,0
TX_001284,53.81,4,39,84,673.47,1,0,0
TX_001285,1635.67,21,69,44,507.26,0,0,0
TX_001286,2590.97,19,44,97,881.38,0,0,0
TX_001287,443.89,15,73,78,39.3,0,0,0
TX_001288,1756.38,6,33,42,649.41,0,0,0
TX_001289,170.85,6,33,35,477.47,0,0,0
TX_001290,397.5,17,57,75,154.31,1,0,0
TX_001291,1987.63,17,20,84,743.25,0,0,0
TX_001292,667.92,1,69,30,411.31,1,0,0
TX_001293,2839.87,14,64,53,531.58,0,1,0
TX_001294,3448.88,13,50,58,967.27,0,0,0
TX_001295,4003.93,17,59,28,486.23,0,0,0
TX_001296,1004.75,8,19,15,823.37,0,0,0
TX_001297,841.58,13,56,38,769.58,1,0,0
TX_001298,527.32,4,63,50,662.75,0,0,0
TX_001299,3183.97,10,65,13,896.81,0,0,0
TX_001300,3533.85,7,44,35,251.6,0,0,0
TX_001301,162.77,4,77,24,820.77,0,1,0
TX_001302,4681.38,10,32,65,377.79,0,0,0
TX_001303,264.6,4,24,88,812.49,0,0,0
TX_001304,2708.78,16,62,91,493.79,0,0,0
TX_001305,3546.76,21,74,18,857.71,0,0,0
TX_001306,4355.49,3,59,58,894.84,0,0,0
TX_001307,3571.86,14,26,26,597.64,0,0,0
TX_001308,4009.63,18,58,29,507.63,0,0,0
TX_001309,1700.55,21,23,72,783.28,0,0,0
TX_001310,4075.05,1,73,44,266.99,0,1,0
TX_001311,405.17,23,74,90,15.35,0,0,0
TX_001312,4474.61,16,29,5,407.09,0,0,0
TX_001313,2740.22,11,47,33,507.77,0,0,0
TX_001314,4087.4,23,72,5,297.26,0,0,0
TX_001315,2264.33,16,37,36,383.36,0,0,0
TX_001316,3219.67,9,79,77,133.06,0,0,0
TX_001317,2634.38,17,37,81,277.29,0,0,0
TX_001318,3659.29,18,71,13,240.1,0,0,0
TX_001319,412.74,17,63,25,300.99,0,0,0
TX_001320,306.46,12,44,58,299.05,0,0,0
TX_001321,1239.28,13,37,2,558.97,0,0,0
TX_001322,801.93,23,76,88,250.6,1,0,0
TX_001323,4359.56,15,24,36,940.96,0,0,0
TX_001324,1099.97,17,57,25,511.27,0,0,0
TX_001325,4879.45,17,57,34,128.97,0,0,0
TX_001326,1687.79,15,47,12,279.61,0,0,0
TX_001327,914.68,16,25,19,729.76,0,1,0
TX_001328,3949.54,6,19,94,13.66,0,0,0
TX_001329,3295.25,11,31,37,937.82,1,0,0
TX_001330,2493.49,1,27,1,445.18,0,0,0
TX_001331,2779.04,9,67,60,521.08,0,0,0
TX_001332,3597.41,4,35,67,988.41,0,1,1
TX_001333,1146.13,20,35,49,503.4,0,0,0
TX_001334,4981.69,2,33,90,947.74,0,0,1
TX_001335,4874.09,18,69,79,915.23,0,0,0
TX_001336,3253.38,12,22,46,941.32,0,0,0
TX_001337,1001.71,11,69,48,812.37,0,0,0
TX_001338,3402.74,2,48,92,296.4,0,0,0
TX_001339,365.63,5,54,68,346.38,0,0,0
TX_001340,158.11,13,37,19,364.98,0,0,0
TX_001341,1292.13,3,40,88,979.18,0,0,0
TX_001342,2315.8,12,49,40,360.76,0,0,0
TX_001343,4342.02,18,59,6,108.69,0,0,0
TX_001344,3637.21,17,34,80,778.33,0,0,0
TX_001345,3714.82,2,79,96,366.06,0,0,0
TX_001346,2130.34,19,30,94,620.94,0,0,0
TX_001347,1732.95,5,66,63,924.36,1,0,0
TX_001348,1858.34,15,67,35,575.51,0,0,0
TX_001349,4938.31,19,30,72,637.7,0,0,0
TX_001350,205.35,23,34,61,642.86,0,1,0
TX_001351,4335.82,2,77,5,612.4,0,0,0
TX_001352,2895.48,11,32,37,159.77,0,0,0
TX_001353,2195.88,18,43,76,456.42,0,0,0
TX_001354,3627.66,18,61,89,7.66,0,0,0
TX_001355,2435.91,23,45,97,626.26,0,0,0
TX_001356,4367.75,3,59,88,575.36,0,0,0
TX_001357,4504.01,0,62,11,318.14,0,0,0
TX_001358,2111.5,1,47,99,523.9,1,0,0
TX_001359,1387.75,12,60,40,493.06,0,0,0
TX_001360,2963.79,12,52,65,250.92,0,0,0
TX_001361,4562.25,1,39,8,293.29,0,0,0
TX_001362,1057.26,18,27,87,762.54,0,0,0
TX_001363,3116.72,21,28,84,755.73,0,0,0
TX_001364,3159.64,23,55,96,469.78,1,0,0
TX_001365,3666.9,15,50,11,717.51,0,0,0
TX_001366,662.18,11,23,71,450.8,0,0,0
TX_001367,3580.55,0,54,58,851.37,0,0,0
TX_001368,4545.62,8,24,94,332.81,1,0,0
TX_001369,902.52,16,71,48,927.29,0,0,0
TX_001370,1191.53,9,61,13,542.28,0,0,0
TX_001371,4857.12,17,29,60,535.69,1,0,0
TX_001372,908.98,18,24,49,670.81,0,0,0
TX_001373,4272.65,6,19,67,340.86,0,0,0
TX_001374,2463.93,18,77,7,724.33,0,0,0
TX_001375,1239.92,23,18,77,320.43,0,0,0
TX_001376,4354.4,14,79,25,397.54,0,0,0
TX_001377,2229.3,8,40,23,674.7,1,1,0
TX_001378,2576.51,9,42,51,378.45,1,0,0
TX_001379,1799.37,22,35,47,199.97,0,0,0
TX_001380,2966.79,19,61,97,871.9,0,0,0
TX_001381,821.8,19,24,5,922.16,1,0,0
TX_001382,1958.45,3,68,96,626.73,0,0,0
TX_001383,4847.21,5,71,94,811.15,0,0,0
TX_001384,1294.38,3,20,95,986.65,0,1,0
TX_001385,3285.4,4,46,13,614.77,0,0,0
TX_001386,1629.32,8,27,42,908.79,0,0,0
TX_001387,3868.5,11,78,5,359.25,0,0,0
TX_001388,658.71,22,76,23,700.47,0,0,0
TX_001389,4849.26,7,76,62,55.81,0,0,0
TX_001390,2271.68,20,60,1,788.97,0,0,0
TX_001391,1184.07,4,22,74,829.8,0,0,0
TX_001392,372.12,10,51,91,401.18,0,0,0
TX_001393,852.94,22,25,54,638.96,0,0,0
TX_001394,2601.27,10,31,72,858.36,0,1,0
TX_001395,1688.33,12,57,3,883.61,0,0,0
TX_001396,4145.27,13,72,83,106.53,0,0,0
TX_001397,2157.28,7,23,64,827.49,0,0,0
TX_001398,1247.33,17,18,51,274.24,0,0,0
TX_001399,3087.64,18,73,2,727.31,0,0,0
TX_001400,3535.35,11,50,49,325.16,1,0,0
TX_001401,839.37,11,57,31,56.33,0,0,0
TX_001402,842.26,17,28,74,209.87,0,0,0
TX_001403,188.17,9,67,80,408.67,1,0,0
TX_001404,3683.33,6,41,84,741.23,0,0,0
TX_001405,3320.7,17,27,3,100.7,0,0,0
TX_001406,2375.78,11,61,35,812.93,0,0,0
TX_001407,4221.63,13,69,98,996.95,0,0,0
TX_001408,4029.32,14,40,85,788.26,0,0,0
TX_001409,2928.85,15,33,36,473.74,0,0,0
TX_001410,4342.02,1,54,64,568.16,0,0,0
TX_001411,1033.18,17,33,32,6.16,0,0,0
TX_001412,564.04,11,73,18,209.27,0,0,0
TX_001413,1352.4,15,61,34,898.99,0,0,0
TX_001414,290.15,12,48,56,21.73,0,0,0
TX_001415,2658.19,19,23,67,904.79,0,0,0
TX_001416,4683.35,16,47,53,113.25,0,0,0
TX_001417,201.52,17,54,67,133.07,0,0,0
TX_001418,614.94,2,18,91,175.35,1,0,0
TX_001419,2263.73,22,68,66,799.39,0,0,0
TX_001420,4669.71,9,59,64,478.19,0,0,0
TX_001421,1584.2,0,42,67,145.2,1,0,0
TX_001422,2538.64,5,63,81,686.8,0,1,0
TX_001423,212.66,2,74,39,940.69,0,1,0
TX_001424,745.97,18,38,38,572.45,1,0,0
TX_001425,4933.22,3,52,40,98.7,0,0,0
TX_001426,4825.77,19,55,19,54.75,0,0,0
TX_001427,29.68,22,22,83,795.87,1,0,0
TX_001428,4759.3,2,66,5,626.08,0,0,0
TX_001429,3197.4,7,67,69,922.66,0,0,0
TX_001430,4340.25,7,29,14,547.25,0,0,0
TX_001431,2276.43,6,22,91,62.4,1,0,0
TX_001432,2580.4,1,79,49,403.69,0,0,0
TX_001433,2446.79,20,26,64,657.99,0,0,0
TX_001434,3335.99,5,61,57,384.89,0,1,0
TX_001435,702.56,15,69,35,999.59,0,0,0
TX_001436,154.72,9,26,85,405.38,0,0,0
TX_001437,1543.11,3,52,5,546.24,0,0,0
TX_001438,3524.88,12,18,88,225.39,0,0,0
TX_001439,1013.26,9,71,39,152.14,0,0,0
TX_001440,3368.8,20,64,24,645.31,0,0,0
TX_001441,4849.71,13,27,40,588.61,0,0,0
TX_001442,474.03,8,63,50,4.34,0,0,0
TX_001443,3364.65,10,56,77,284.78,0,1,0
TX_001444,2221.53,22,53,58,643.58,0,0,0
TX_001445,4341.37,17,75,1,812.25,0,0,0
TX_001446,889.86,10,54,43,312.37,1,0,0
TX_001447,3464.67,16,69,39,647.44,0,0,0
TX_001448,4191.39,1,65,10,265.26,0,0,0
TX_001449,4723.35,2,52,2,690.38,0,0,0
TX_001450,3417.82,10,34,63,697.95,0,0,0
TX_001451,2488.39,17,30,16,130.22,0,0,0
TX_001452,3091.15,2,23,37,665.09,0,0,0
TX_001453,4345.18,14,75,16,333.57,0,0,0
TX_001454,2855.2,10,54,87,172.59,0,0,0
TX_001455,156.78,10,65,90,500.36,0,0,0
TX_001456,4655.09,19,49,80,452.3,0,1,0
TX_001457,3449.19,10,28,27,773.87,0,0,0
TX_001458,3384.18,18,34,63,84.52,1,0,0
TX_001459,1082.3,0,22,94,789.75,0,0,0
TX_001460,3296.13,4,23,64,106.08,0,0,0
TX_001461,1972.35,9,27,97,207.46,0,0,0
TX_001462,3257.91,9,70,32,515.88,0,0,0
TX_001463,537.43,13,50,9,463.17,0,0,0
TX_001464,3290.94,1,47,11,988.86,0,0,0
TX_001465,4997.07,3,38,70,589.47,1,0,1
TX_001466,245.82,1,59,30,327.44,0,0,0
TX_001467,4885.99,17,34,15,900.15,0,0,0
TX_001468,2037.51,12,44,59,312.21,0,0,0
TX_001469,4354.41,18,20,48,273.78,0,0,0
TX_001470,3913.02,4,77,94,494.37,0,0,0
TX_001471,2837.25,19,46,82,913.17,0,0,0
TX_001472,3693.55,1,19,76,708.51,0,0,0
TX_001473,4393.19,10,46,60,677.48,1,0,0
TX_001474,2023.68,17,66,68,726.08,0,0,0
TX_001475,1638.53,5,53,57,659.64,0,1,0
TX_001476,3339.63,22,51,64,759.8,0,0,0
TX_001477,4040.19,9,54,54,192.76,0,0,0
TX_001478,3812.61,21,59,80,177.26,0,0,0
TX_001479,3990.08,22,18,87,362.16,1,0,0
TX_001480,2180.74,16,77,75,850.96,0,0,0
TX_001481,4090.08,21,43,54,714.45,0,0,0
TX_001482,605.44,10,18,59,566.47,0,0,0
TX_001483,2724.72,18,76,88,19.45,0,0,0
TX_001484,33.76,16,75,86,235.8,1,0,0
TX_001485,1626.31,23,21,39,803.51,0,0,0
TX_001486,1835.48,3,56,15,242.49,0,0,0
TX_001487,1983.88,23,31,79,730.29,0,0,0
TX_001488,3478.86,13,63,74,184.63,0,0,0
TX_001489,1945.85,19,35,28,606.37,0,0,0
TX_001490,2246.22,3,51,36,628.21,0,0,0
TX_001491,1191.53,13,18,54,751.97,1,0,0
TX_001492,1869.39,3,70,17,438.34,0,1,0
TX_001493,1140.21,5,39,86,632.67,0,0,0
TX_001494,370.61,8,33,87,486.97,0,0,0
TX_001495,3019.23,20,78,93,947.34,0,0,0
TX_001496,3342.72,11,39,22,521.88,0,0,0
TX_001497,3099.35,7,67,75,209.6,0,0,0
TX_001498,2320.15,23,33,36,667.89,0,0,0
TX_001499,1902.03,3,45,29,548.47,0,0,0
TX_001500,4317.35,4,45,55,803.83,0,0,0
TX_001501,2597.81,5,72,42,176.91,0,1,0
TX_001502,2398.51,4,39,32,260.94,0,0,0
TX_001503,133.08,18,73,14,921.63,1,0,0
TX_001504,1709.53,7,23,18,930.03,0,0,0
TX_001505,1904.08,8,42,38,442.26,0,0,0
TX_001506,1997.12,14,59,34,47.75,0,0,0
TX_001507,2902.96,3,19,45,306.56,0,0,0
TX_001508,2670.34,8,24,87,247.12,0,1,0
TX_001509,3041.49,6,70,32,414.68,0,0,0
TX_001510,3825.59,7,34,67,317.8,0,0,0
TX_001511,4065.86,14,52,63,828.99,0,0,0
TX_001512,3592.02,18,37,55,3.04,1,0,0
TX_001513,4777.84,14,61,43,644.63,0,0,0
TX_001514,96.07,4,19,22,664.27,0,0,0
TX_001515,982.91,18,24,87,660.63,0,0,0
TX_001516,42.78,6,49,68,520.59,0,0,0
TX_001517,3239.14,5,66,77,611.1,1,0,0
TX_001518,4490.66,18,36,96,810.49,0,0,0
TX_001519,1221.19,16,29,29,784.2,0,0,0
TX_001520,4635.54,9,26,40,34.63,0,0,0
TX_001521,306.04,18,44,45,30.44,0,0,0
TX_001522,4672.51,10,31,10,838.94,1,0,1
TX_001523,1761.36,14,19,77,574.73,0,0,0
TX_001524,511.6,9,38,45,957.43,1,0,0
TX_001525,2431.93,10,21,17,431.59,1,0,0
TX_001526,1287.6,22,77,2,176.74,0,1,0
TX_001527,1427.94,2,68,17,473.23,0,0,0
TX_001528,1539.91,2,38,90,436.54,0,0,0
TX_001529,4016.11,17,65,38,517.18,0,0,0
TX_001530,2698.11,10,39,37,807.95,0,0,0
TX_001531,1559.98,19,66,63,655.58,0,0,0
TX_001532,3053.62,21,19,5,185.28,1,0,0
TX_001533,3582.17,17,34,25,734.48,0,0,0
TX_001534,1366.76,14,36,73,591.9,0,0,0
TX_001535,2070.68,6,57,92,578.31,0,0,0
TX_001536,613.82,9,41,22,678.26,0,1,0
TX_001537,909.84,20,37,93,563.97,0,0,0
TX_001538,3407.18,22,55,63,457.51,0,0,0
TX_001539,911.28,19,29,35,640.38,0,0,0
TX_001540,2628.19,9,42,55,723.73,0,1,0
TX_001541,3546.69,12,79,20,225.77,0,0,0
TX_001542,538.85,14,40,5,497.05,0,0,0
TX_001543,2838.72,22,67,39,458.17,0,0,0
TX_001544,1286.53,17,76,63,39.9,0,0,0
TX_001545,4814.82,22,51,32,834.44,0,0,0
TX_001546,2420.31,3,49,63,377.38,0,0,0
TX_001547,4030.93,19,68,74,72.69,1,0,0
TX_001548,2753.38,16,41,40,457.9,0,0,0
TX_001549,221.85,2,59,17,161.48,0,0,0
TX_001550,3167.59,20,42,79,704.41,0,1,0
TX_001551,4757.26,20,78,73,571.77,0,1,0
TX_001552,3010.05,1,79,32,270.11,0,0,0
TX_001553,4096.85,3,20,23,950.47,1,0,1
TX_001554,4421.61,0,42,75,291.75,0,0,0
TX_001555,1144.26,14,45,60,555.0,0,0,0
TX_001556,1064.16,0,29,77,801.57,0,0,0
TX_001557,3056.85,5,43,82,513.89,1,0,0
TX_001558,2058.09,6,65,56,960.86,0,0,0
TX_001559,4200.11,18,61,9,843.85,0,0,0
TX_001560,4500.62,11,25,69,921.02,0,0,0
TX_001561,1770.34,0,22,62,372.7,0,1,0
TX_001562,1188.17,6,28,64,548.36,0,0,0
TX_001563,3903.72,18,59,22,840.17,0,0,0
TX_001564,1377.66,12,52,32,903.5,0,0,0
TX_001565,4113.96,11,44,47,944.36,0,0,0
TX_001566,2121.57,11,72,2,879.15,0,0,0
TX_001567,3339.41,21,58,85,730.75,0,0,0
TX_001568,482.2,12,61,92,24.21,0,0,0
TX_001569,3121.18,13,55,52,314.95,0,0,0
TX_001570,2261.58,21,36,88,128.94,1,0,0
TX_001571,2935.11,11,65,88,154.76,0,0,0
TX_001572,844.23,19,70,14,290.91,0,0,0
TX_001573,3685.68,11,72,37,74.74,0,0,0
TX_001574,4314.67,5,73,27,243.03,0,0,0
TX_001575,1087.62,9,78,24,956.98,0,0,0
TX_001576,483.09,19,49,64,311.94,0,0,0
TX_001577,123.07,23,63,70,159.71,0,0,0
TX_001578,3211.65,8,45,26,718.3,0,1,0
TX_001579,3037.43,1,53,54,828.51,0,0,0
TX_001580,2735.75,6,35,15,314.04,0,0,0
TX_001581,1163.58,8,27,29,278.5,0,1,0
TX_001582,1957.58,11,49,74,241.76,0,0,0
TX_001583,2974.41,4,35,28,393.26,1,0,0
TX_001584,2486.35,0,29,59,87.23,0,0,0
TX_001585,4938.99,21,68,73,669.13,1,0,1
TX_001586,686.52,14,25,21,822.23,0,0,0
TX_001587,3477.25,7,50,10,663.68,0,0,0
TX_001588,2024.57,0,63,4,421.2,1,0,0
TX_001589,2143.86,17,72,62,288.96,0,0,0
TX_001590,3589.4,12,55,4,409.45,1,0,0
TX_001591,3463.72,0,31,6,423.84,1,0,0
TX_001592,4956.32,4,19,90,666.02,0,0,0
TX_001593,646.33,17,26,80,928.06,0,0,0
TX_001594,525.03,15,78,72,70.59,1,0,0
TX_001595,3623.07,9,61,92,953.35,0,0,0
TX_001596,2894.04,3,22,16,910.2,0,0,0
TX_001597,1374.43,0,51,38,117.73,0,0,0
TX_001598,401.7,22,36,49,183.59,0,0,0
TX_001599,432.86,7,24,61,311.6,0,0,0
TX_001600,4471.48,4,56,65,559.67,0,0,0
TX_001601,963.38,1,59,83,134.48,0,0,0
TX_001602,1620.24,23,34,50,200.33,0,0,0
TX_001603,1137.15,16,43,17,902.68,0,0,0
TX_001604,1778.21,6,63,28,109.3,0,0,0
TX_001605,351.77,16,44,44,398.88,0,1,0
TX_001606,2597.7,5,60,12,763.0,0,0,0
TX_001607,342.72,21,45,70,888.58,0,0,0
TX_001608,4002.78,14,37,71,336.04,0,0,0
TX_001609,1172.39,4,23,72,164.44,0,0,0
TX_001610,2702.36,14,25,3,737.01,0,0,0
TX_001611,4401.0,17,49,49,772.56,0,0,0
TX_001612,3256.13,17,36,21,980.03,0,0,0
TX_001613,2667.12,20,49,8,139.54,0,0,0
TX_001614,1625.05,20,79,64,709.42,0,0,0
TX_001615,1668.34,22,36,92,417.29,0,1,0
TX_001616,3349.09,5,41,59,914.63,0,0,0
TX_001617,4970.73,1,41,30,407.83,1,0,1
TX_001618,3310.89,16,73,32,445.96,1,0,0
TX_001619,2791.13,20,34,75,126.8,0,0,0
TX_001620,3654.6,3,73,20,320.94,0,1,0
TX_001621,2328.7,11,73,16,400.84,0,1,0
TX_001622,305.41,18,35,25,17.51,0,1,0
TX_001623,2813.67,1,29,60,437.57,0,0,0
TX_001624,4788.34,1,58,45,336.32,1,0,1
TX_001625,880.64,13,40,9,803.84,0,0,0
TX_001626,3451.57,14,73,51,107.11,0,0,0
TX_001627,1008.66,19,65,61,760.21,1,1,0
TX_001628,2681.46,1,35,40,714.01,1,0,0
TX_001629,487.9,3,33,61,241.78,1,0,0
TX_001630,2254.6,18,33,67,83.27,0,0,0
TX_001631,3782.04,8,53,80,841.83,0,0,0
TX_001632,1741.12,6,40,76,249.43,0,0,0
TX_001633,3326.23,12,39,15,145.56,0,0,0
TX_001634,3978.27,11,56,53,359.04,0,0,0
TX_001635,4636.25,2,50,4,400.88,1,0,1
TX_001636,1177.04,12,41,23,326.09,0,0,0
TX_001637,1999.58,14,78,27,976.48,0,0,0
TX_001638,766.32,13,72,37,880.82,0,0,0
TX_001639,4962.46,23,78,77,872.98,0,0,0
TX_001640,4635.37,8,37,43,398.77,0,0,0
TX_001641,2702.09,12,50,37,962.87,0,1,0
TX_001642,4210.96,22,48,85,684.02,1,0,0
TX_001643,2607.19,21,57,29,831.99,0,0,0
TX_001644,3119.81,3,75,29,500.88,0,1,0
TX_001645,450.18,20,72,49,160.62,0,0,0
TX_001646,3777.58,7,25,75,886.89,0,0,0
TX_001647,642.93,2,27,51,486.43,0,0,0
TX_001648,4131.21,1,18,50,968.55,0,0,0
TX_001649,3911.23,18,38,28,254.86,0,0,0
TX_001650,3545.18,22,42,74,992.38,0,0,0
TX_001651,185.62,7,49,5,222.42,0,1,0
TX_001652,1519.13,16,70,56,368.17,0,0,0
TX_001653,1319.25,12,78,64,594.02,0,1,0
TX_001654,1803.88,6,63,89,693.32,1,0,0
TX_001655,442.78,8,63,97,720.28,0,0,0
TX_001656,4685.1,11,27,17,476.25,0,0,0
TX_001657,2771.24,13,77,97,76.83,0,1,0
TX_001658,1531.09,13,68,89,496.05,0,0,0
TX_001659,1987.92,14,74,97,334.69,0,0,0
TX_001660,2238.78,2,78,55,657.66,0,0,0
TX_001661,3004.97,14,65,9,182.28,0,0,0
TX_001662,2580.82,18,26,91,393.91,0,0,0
TX_001663,4597.36,23,37,89,966.12,1,0,1
TX_001664,2487.33,19,65,68,88.87,0,0,0
TX_001665,4960.83,13,37,73,602.33,0,0,0
TX_001666,4257.87,7,76,79,90.65,0,1,0
TX_001667,1046.51,4,57,16,157.0,0,0,0
TX_001668,4653.32,18,24,16,604.93,0,0,0
TX_001669,586.25,3,28,13,444.0,0,0,0
TX_001670,4088.16,13,38,78,548.5,0,0,0
TX_001671,1906.21,15,55,86,879.87,0,0,0
TX_001672,4390.48,19,64,85,817.24,0,0,0
TX_001673,4340.94,23,36,73,887.98,1,0,1
TX_001674,4030.6,5,63,63,616.25,0,0,0
TX_001675,3951.2,22,32,41,489.64,1,0,0
TX_001676,1526.87,5,23,53,459.2,0,0,0
TX_001677,409.19,2,78,68,739.81,1,0,0
TX_001678,2017.89,14,73,74,521.3,0,0,0
TX_001679,871.75,2,27,99,105.77,0,0,0
TX_001680,3476.28,10,63,9,141.94,0,0,0
TX_001681,1733.77,2,33,51,357.08,0,0,0
TX_001682,4878.17,9,62,48,67.82,0,0,0
TX_001683,3206.66,17,28,80,239.23,0,0,0
TX_001684,4113.29,0,74,49,656.4,0,0,0
TX_001685,666.96,15,52,18,12.43,0,0,0
TX_001686,4310.76,15,25,10,604.09,0,0,0
TX_001687,4614.17,9,45,85,772.36,0,0,0
TX_001688,2437.87,0,20,54,170.15,1,0,0
TX_001689,3033.23,3,19,79,180.97,0,0,0
TX_001690,3825.22,2,70,15,28.86,0,0,0
TX_001691,878.32,4,31,11,512.45,0,0,0
TX_001692,2515.32,11,69,40,654.59,0,0,0
TX_001693,1996.32,11,46,47,456.91,0,0,0
TX_001694,736.14,12,70,20,389.45,1,0,0
TX_001695,1840.83,23,71,98,454.41,0,0,0
TX_001696,345.52,11,64,22,781.53,0,0,0
TX_001697,133.93,15,20,48,33.51,0,0,0
TX_001698,680.16,12,18,82,783.82,0,0,0
TX_001699,4815.76,4,32,16,666.34,1,0,1
TX_001700,2749.9,23,37,5,241.43,0,0,0
TX_001701,4829.28,3,39,65,524.74,1,0,1
TX_001702,2165.33,20,51,83,49.29,0,1,0
TX_001703,1562.52,14,67,74,379.59,0,0,0
TX_001704,2533.18,11,50,21,174.04,0,0,0
TX_001705,2200.36,18,26,61,22.3,0,0,0
TX_001706,532.8,20,20,77,357.09,0,1,0
TX_001707,3205.93,18,19,55,726.11,1,0,0
TX_001708,1084.11,20,21,24,921.02,0,0,0
TX_001709,3099.84,10,33,23,662.26,0,0,0
TX_001710,3252.75,20,71,87,401.97,0,0,0
TX_001711,764.36,5,50,11,999.5,0,0,0
TX_001712,311.44,8,26,47,282.94,0,0,0
TX_001713,3904.9,0,74,2,187.13,0,0,0
TX_001714,2301.7,11,57,70,463.68,0,0,0
TX_001715,295.53,13,55,53,504.91,0,0,0
TX_001716,4974.36,5,69,11,354.82,0,0,0
TX_001717,293.61,0,35,15,695.5,0,0,0
TX_001718,3476.7,21,33,73,183.86,1,0,0
TX_001719,4918.48,1,25,12,510.34,0,0,0
TX_001720,1199.7,23,40,36,500.13,0,0,0
TX_001721,715.54,10,77,92,823.79,0,0,0
TX_001722,611.32,2,79,23,926.97,0,0,0
TX_001723,1519.86,9,53,27,663.27,1,0,0
TX_001724,509.72,5,20,88,305.37,0,0,0
TX_001725,3462.35,5,32,14,689.61,0,0,0
TX_001726,316.15,19,55,54,251.37,1,0,0
TX_001727,2549.56,20,50,99,966.54,1,0,0
TX_001728,4983.5,1,35,27,822.36,1,0,1
TX_001729,4070.78,23,40,21,431.19,1,0,0
TX_001730,3078.02,9,60,49,784.34,0,0,0
TX_001731,1534.74,22,20,62,408.66,1,0,0
TX_001732,3121.36,5,47,77,74.61,1,0,0
TX_001733,2637.57,22,62,72,706.77,0,0,0
TX_001734,2133.29,16,34,44,404.61,0,0,0
TX_001735,657.9,13,67,44,930.32,0,0,0
TX_001736,4433.59,4,75,98,306.56,0,0,0
TX_001737,2251.67,22,75,61,843.33,0,0,0
TX_001738,977.14,16,49,42,680.44,1,0,0
TX_001739,1841.96,1,63,23,853.32,0,0,0
TX_001740,2073.58,8,74,73,291.88,0,0,0
TX_001741,4138.55,11,24,1,461.35,0,0,0
TX_001742,3669.4,18,56,36,823.13,0,0,0
TX_001743,3847.68,21,31,55,643.82,0,0,0
TX_001744,60.1,6,75,16,359.92,0,0,0
TX_001745,2083.69,8,73,89,512.0,0,0,0
TX_001746,2409.31,20,32,18,996.1,1,0,0
TX_001747,100.87,15,61,98,741.85,1,0,0
TX_001748,1302.77,19,29,38,614.52,0,0,0
TX_001749,3802.65,10,25,67,827.91,0,0,0
TX_001750,689.86,11,33,20,442.03,0,0,0
TX_001751,2678.87,14,58,19,950.06,0,0,0
TX_001752,1079.93,17,51,13,552.02,0,0,0
TX_001753,65.54,18,63,17,326.87,0,0,0
TX_001754,1209.8,15,41,78,86.02,0,0,0
TX_001755,4879.49,14,73,30,375.7,0,0,0
TX_001756,4008.68,4,46,86,568.64,0,0,0
TX_001757,4798.09,10,33,43,703.25,0,0,0
TX_001758,2441.83,14,22,48,875.12,0,0,0
TX_001759,553.13,17,22,43,943.96,0,0,0
TX_001760,2742.06,12,69,93,102.45,0,0,0
TX_001761,2274.61,3,47,66,600.9,0,0,0
TX_001762,4222.56,16,70,53,666.59,0,0,0
TX_001763,494.92,3,67,72,172.06,0,1,0
TX_001764,2443.76,15,67,78,545.6,0,0,0
TX_001765,754.49,22,22,34,334.83,0,0,0
TX_001766,1626.76,14,60,77,77.42,0,0,0
TX_001767,3688.1,13,30,74,65.87,0,0,0
TX_001768,2382.71,11,52,72,759.21,1,1,0
TX_001769,1882.56,2,66,71,615.46,0,1,0
TX_001770,1975.41,9,42,13,715.12,0,0,0
TX_001771,2299.94,7,67,90,685.28,1,0,0
TX_001772,3926.16,5,31,56,134.31,0,0,0
TX_001773,4460.96,21,61,59,151.57,1,0,0
TX_001774,4776.9,13,63,32,252.48,0,0,0
TX_001775,3935.58,16,43,83,399.1,0,0,0
TX_001776,1580.46,20,35,79,939.18,1,0,0
TX_001777,3442.23,18,79,54,673.89,0,0,0
TX_001778,2190.83,15,37,2,255.17,0,0,0
TX_001779,1277.08,14,51,37,55.98,0,0,0
TX_001780,4205.15,14,24,83,684.22,0,0,0
TX_001781,196.94,0,64,97,625.32,0,0,0
TX_001782,4509.3,23,77,33,675.76,0,0,0
TX_001783,2310.08,22,27,1,261.18,0,0,0
TX_001784,3187.82,22,32,28,516.96,0,0,0
TX_001785,3298.47,11,34,17,361.7,0,1,0
TX_001786,4476.11,9,28,57,817.7,1,0,1
TX_001787,3185.17,13,51,70,69.4,1,1,0
TX_001788,3071.6,9,44,52,275.44,0,0,0
TX_001789,337.93,9,38,44,602.95,0,0,0
TX_001790,2594.45,19,48,84,205.22,0,0,0
TX_001791,755.09,10,67,47,672.71,1,0,0
TX_001792,3688.48,21,74,13,136.77,0,1,0
TX_001793,2563.55,15,21,76,22.81,0,0,0
TX_001794,3402.74,8,58,30,863.49,0,0,0
TX_001795,213.16,14,76,85,333.44,0,0,0
TX_001796,428.54,13,77,66,156.85,0,0,0
TX_001797,3583.04,18,66,53,172.71,0,0,0
TX_001798,365.06,8,34,18,885.9,0,0,0
TX_001799,360.93,3,66,28,654.43,0,0,0
TX_001800,65.48,20,79,4,956.35,0,0,0
TX_001801,4782.72,6,65,42,800.04,0,0,0
TX_001802,3688.85,21,37,6,767.54,0,0,0
TX_001803,1769.49,7,42,9,499.82,0,0,0
TX_001804,1486.2,23,57,20,820.8,0,0,0
TX_001805,1751.77,7,40,94,412.65,0,0,0
TX_001806,3874.39,18,32,38,827.0,0,0,0
TX_001807,3308.55,14,50,68,757.74,0,0,0
TX_001808,930.05,15,36,50,678.44,0,0,0
TX_001809,874.68,21,74,60,329.72,0,1,0
TX_001810,496.49,22,32,13,630.71,0,0,0
TX_001811,3303.21,8,58,99,506.79,0,0,0
TX_001812,3823.04,11,22,94,461.54,0,0,0
TX_001813,1328.91,15,33,42,990.25,0,0,0
TX_001814,109.62,3,77,68,504.4,0,0,0
TX_001815,415.45,4,62,25,31.99,0,1,0
TX_001816,4839.46,7,65,31,626.47,0,0,0
TX_001817,1480.75,0,49,12,728.01,0,0,0
TX_001818,3847.27,5,39,64,885.18,0,0,0
TX_001819,3125.19,14,60,79,632.68,1,1,0
TX_001820,1912.79,3,49,61,19.46,0,0,0
TX_001821,1032.41,20,30,53,119.74,0,0,0
TX_001822,611.33,10,55,26,161.24,0,1,0
TX_001823,3076.99,4,43,61,211.26,0,0,0
TX_001824,3874.3,17,69,10,799.78,0,0,0
TX_001825,3221.3,23,34,12,309.76,0,0,0
TX_001826,2653.86,14,22,22,312.36,0,0,0
TX_001827,214.55,17,78,53,755.59,0,0,0
TX_001828,4842.6,19,66,21,412.44,0,0,0
TX_001829,3994.58,12,50,35,64.64,0,0,0
TX_001830,1467.65,4,44,71,585.13,0,0,0
TX_001831,4899.95,0,22,82,130.07,0,0,0
TX_001832,3011.4,21,54,27,571.66,0,0,0
TX_001833,2914.2,17,24,60,779.64,0,0,0
TX_001834,3741.63,13,65,99,929.49,1,0,0
TX_001835,4059.79,4,35,47,67.05,0,0,0
TX_001836,3284.11,5,48,66,303.97,0,0,0
TX_001837,644.84,23,23,96,652.46,0,0,0
TX_001838,1694.65,15,19,15,315.45,1,0,0
TX_001839,4640.78,21,30,24,451.03,0,1,0
TX_001840,1126.95,20,59,84,20.09,0,0,0
TX_001841,1863.97,11,70,10,693.5,0,1,0
TX_001842,2163.22,19,69,88,883.28,0,0,0
TX_001843,2199.83,17,28,24,976.86,0,0,0
TX_001844,3066.63,1,43,88,830.53,0,0,0
TX_001845,4715.66,22,38,57,31.78,0,0,0
TX_001846,1207.26,20,19,34,651.85,0,0,0
TX_001847,611.9,22,57,41,495.66,0,0,0
TX_001848,991.37,12,73,40,937.9,0,0,0
TX_001849,4435.19,16,71,11,902.14,0,0,0
TX_001850,3230.83,16,68,90,988.05,0,0,0
TX_001851,1433.1,15,37,1,861.93,0,0,0
TX_001852,4080.65,20,34,30,546.89,0,0,0
TX_001853,4307.54,17,33,43,714.9,0,0,0
TX_001854,4233.34,7,74,82,964.68,0,0,0
TX_001855,4595.04,2,59,26,578.12,0,0,0
TX_001856,1264.94,16,22,53,839.98,0,0,0
TX_001857,3776.43,17,31,47,942.21,1,0,0
TX_001858,2305.39,22,41,9,570.54,1,0,0
TX_001859,4210.78,5,68,9,159.15,0,0,0
TX_001860,3643.81,7,21,1,155.56,0,1,0
TX_001861,3883.35,22,69,71,115.32,0,0,0
TX_001862,3282.53,12,65,44,476.32,0,0,0
TX_001863,891.26,7,41,59,480.14,0,0,0
TX_001864,2727.41,18,64,56,617.37,0,0,0
TX_001865,4923.43,5,77,51,482.87,1,0,0
TX_001866,4687.25,22,26,16,973.06,1,0,1
TX_001867,220.65,14,20,38,291.31,1,0,0
TX_001868,828.25,9,72,11,873.82,0,0,0
TX_001869,662.99,16,26,25,100.33,1,0,0
TX_001870,3631.27,0,35,93,601.92,0,1,0
TX_001871,4089.84,6,53,83,648.33,1,1,1
TX_001872,1071.49,12,36,82,772.23,0,0,0
TX_001873,2531.73,2,41,59,503.02,0,0,0
TX_001874,4204.31,18,21,29,197.23,0,0,0
TX_001875,3665.34,14,26,80,369.0,0,0,0
TX_001876,2713.47,4,50,40,272.16,0,0,0
TX_001877,2953.79,10,18,8,419.11,1,0,0
TX_001878,2544.26,21,69,98,529.97,0,0,0
TX_001879,1491.25,17,68,6,625.07,0,0,0
TX_001880,2827.28,2,52,45,845.12,0,0,0
TX_001881,3445.98,5,27,53,910.01,0,0,0
TX_001882,4367.25,2,29,94,462.58,0,0,0
TX_001883,3183.28,4,35,98,88.67,0,0,0
TX_001884,3806.8,8,31,21,797.07,0,0,0
TX_001885,804.56,18,27,57,477.16,1,0,0
TX_001886,2310.48,12,27,76,546.45,1,0,0
TX_001887,51.61,5,35,6,595.79,0,0,0
TX_001888,1237.16,10,41,63,667.87,1,0,0
TX_001889,3633.68,20,18,6,890.1,0,0,0
TX_001890,4959.09,20,47,53,952.15,0,0,0
TX_001891,500.39,13,32,4,940.17,0,0,0
TX_001892,2010.46,5,25,9,809.46,0,0,0
TX_001893,4001.35,5,75,69,889.24,0,0,0
TX_001894,1024.16,16,52,74,49.65,1,0,0
TX_001895,2777.65,10,35,72,849.11,0,0,0
TX_001896,3666.69,14,58,87,72.27,0,0,0
TX_001897,3081.85,8,33,4,746.19,1,0,0
TX_001898,944.18,20,38,58,169.36,0,0,0
TX_001899,1780.15,16,32,37,360.11,0,0,0
TX_001900,3920.04,23,79,71,184.18,1,0,0
TX_001901,2773.36,6,22,6,443.46,1,0,0
TX_001902,31.12,6,62,51,411.75,1,0,0
TX_001903,3806.15,20,71,79,48.06,0,0,0
TX_001904,181.38,0,69,99,830.5,0,0,0
TX_001905,3729.94,7,24,50,854.19,0,0,0
TX_001906,1016.39,4,65,96,787.51,0,0,0
TX_001907,4790.58,18,24,14,847.61,0,0,0
TX_001908,1842.86,7,44,99,750.88,1,1,0
TX_001909,1638.02,16,42,11,937.48,1,0,0
TX_001910,748.7,18,39,10,576.39,0,0,0
TX_001911,1531.49,11,65,61,582.64,0,0,0
TX_001912,4383.87,22,30,81,859.91,0,0,0
TX_001913,4981.69,14,34,13,349.42,0,0,0
TX_001914,1844.71,3,58,34,50.08,0,1,0
TX_001915,2245.81,22,61,60,749.86,0,0,0
TX_001916,3611.74,11,30,51,254.59,0,0,0
TX_001917,4431.55,12,43,5,474.24,0,1,0
TX_001918,2967.26,13,26,74,240.44,0,0,0
TX_001919,1960.67,4,22,32,827.09,0,0,0
TX_001920,2066.05,21,56,12,958.29,0,0,0
TX_001921,3479.61,15,50,52,55.02,0,0,0
TX_001922,21.08,6,21,13,233.37,0,0,0
TX_001923,3099.85,14,45,85,189.56,0,0,0
TX_001924,1780.69,12,43,54,673.2,0,0,0
TX_001925,3972.02,15,21,97,428.68,0,0,0
TX_001926,469.49,11,33,54,456.26,0,0,0
TX_001927,2943.07,6,54,41,157.08,1,0,0
TX_001928,2407.46,15,39,48,414.73,0,0,0
TX_001929,3213.42,22,53,51,303.23,0,0,0
TX_001930,328.94,22,55,47,611.19,0,0,0
TX_001931,2902.02,12,75,50,217.24,0,0,0
TX_001932,2809.62,22,72,96,614.81,0,0,0
TX_001933,2805.5,2,52,76,377.75,1,1,1
TX_001934,3019.42,14,42,46,346.29,0,0,0
TX_001935,3383.96,2,25,99,305.56,1,0,0
TX_001936,4025.92,6,34,38,673.83,0,0,0
TX_001937,1352.75,17,78,92,562.42,0,1,0
TX_001938,4126.12,13,35,13,851.72,0,0,0
TX_001939,2493.79,17,67,76,241.61,1,0,0
TX_001940,389.91,18,75,22,40.12,0,0,0
TX_001941,297.46,13,74,2,182.02,0,0,0
TX_001942,1674.52,19,29,93,343.36,0,0,0
TX_001943,3925.56,5,74,77,179.65,0,0,0
TX_001944,3539.87,7,74,99,83.51,0,0,0
TX_001945,3944.13,6,50,13,445.34,1,0,0
TX_001946,2588.76,19,40,57,676.93,0,0,0
TX_001947,2203.79,17,29,34,751.57,0,0,0
TX_001948,741.53,17,28,19,398.73,0,0,0
TX_001949,1644.32,14,30,9,478.04,0,0,0
TX_001950,2172.93,19,52,95,755.47,0,0,0
TX_001951,447.56,21,44,33,352.71,0,1,0
TX_001952,1106.96,18,42,27,784.77,0,0,0
TX_001953,2993.14,21,57,45,967.38,0,0,0
TX_001954,3679.64,20,20,2,880.48,0,0,0
TX_001955,4991.75,20,66,79,453.6,1,0,0
TX_001956,4665.9,1,42,83,579.52,1,0,1
TX_001957,3214.61,7,62,57,716.43,0,0,0
TX_001958,2109.13,20,27,95,349.3,0,0,0
TX_001959,3182.71,10,34,57,799.24,0,0,0
TX_001960,3929.33,17,20,16,436.92,0,0,0
TX_001961,596.09,22,62,79,846.84,0,0,0
TX_001962,2052.47,12,39,6,254.73,0,0,0
TX_001963,4199.81,8,55,14,11.38,0,0,0
TX_001964,1922.25,8,31,27,632.69,1,0,0
TX_001965,2861.5,16,44,38,451.89,0,0,0
TX_001966,2940.91,6,59,19,59.82,0,0,0
TX_001967,926.46,8,37,37,487.61,1,0,0
TX_001968,1814.37,21,65,4,168.57,1,1,0
TX_001969,1675.88,0,35,58,629.75,0,0,0
TX_001970,135.85,1,30,90,445.05,0,1,0
TX_001971,125.84,3,59,9,171.12,0,0,0
TX_001972,4159.33,13,23,40,411.94,0,0,0
TX_001973,1368.99,3,27,15,232.71,0,0,0
TX_001974,2592.8,1,54,4,653.1,0,0,0
TX_001975,1497.13,7,46,90,295.14,1,0,0
TX_001976,4703.69,17,23,52,822.02,0,0,0
TX_001977,1300.19,18,56,18,14.16,0,0,0
TX_001978,2151.14,13,28,53,403.42,0,0,0
TX_001979,4364.29,19,65,59,617.08,0,0,0
TX_001980,4210.46,9,42,99,22.61,0,0,0
TX_001981,934.58,16,61,54,215.84,0,0,0
TX_001982,4014.2,7,61,41,327.42,1,0,0
TX_001983,2293.64,13,47,60,21.84,1,1,0
TX_001984,2417.43,20,72,93,546.69,0,0,0
TX_001985,671.73,22,37,88,630.87,1,1,0
TX_001986,407.6,7,75,4,227.52,0,0,0
TX_001987,3641.06,4,54,85,543.48,0,0,0
TX_001988,2484.82,15,33,39,999.13,0,0,0
TX_001989,2187.07,7,48,7,886.92,0,0,0
TX_001990,3648.89,9,46,23,58.66,1,1,0
TX_001991,3828.74,7,23,85,127.88,0,0,0
TX_001992,798.75,8,46,63,494.4,0,0,0
TX_001993,3053.07,17,49,65,245.2,0,1,0
TX_001994,681.09,2,26,41,80.97,0,0,0
TX_001995,3758.12,16,54,89,254.55,0,1,0
TX_001996,3286.49,19,70,95,61.18,0,0,0
TX_001997,4783.29,14,40,44,529.91,0,0,0
TX_001998,349.45,20,33,45,490.25,1,0,0
TX_001999,289.99,16,35,69,6.33,1,0,0
TX_002000,1414.52,7,36,95,482.52,0,0,0
TX_002001,1312.22,1,61,51,519.81,0,0,0
TX_002002,1238.66,16,19,65,605.7,1,0,0
TX_002003,4531.74,17,75,54,970.1,0,0,0
TX_002004,1251.48,4,27,56,982.69,0,0,0
TX_002005,1363.39,8,29,94,526.93,0,0,0
TX_002006,3798.19,8,63,82,845.19,0,0,0
TX_002007,2251.45,1,35,72,85.17,0,0,0
TX_002008,3884.67,1,36,90,531.15,1,0,0
TX_002009,331.5,18,55,40,678.9,0,0,0
TX_002010,2440.42,22,54,58,564.73,0,0,0
TX_002011,172.9,2,44,15,230.72,0,0,0
TX_002012,317.95,16,65,19,62.66,0,0,0
TX_002013,4532.66,13,31,10,386.67,0,0,0
TX_002014,700.53,13,62,88,647.64,0,0,0
TX_002015,2664.44,13,70,16,991.71,0,0,0
TX_002016,2058.42,5,51,43,236.53,0,0,0
TX_002017,1739.98,2,19,31,917.79,0,0,0
TX_002018,4499.67,0,61,16,68.26,1,0,0
TX_002019,114.01,15,50,80,930.99,0,0,0
TX_002020,3320.63,3,36,28,832.37,0,0,0
TX_002021,4817.16,0,77,62,20.95,0,0,0
TX_002022,2803.04,16,77,20,298.19,0,0,0
TX_002023,4684.43,17,44,35,50.96,0,0,0
TX_002024,266.03,7,65,59,995.51,0,1,0
TX_002025,2096.87,1,47,9,427.84,0,0,0
TX_002026,1304.49,17,24,10,662.17,1,0,0
TX_002027,3655.45,15,44,45,234.19,0,0,0
TX_002028,4906.58,9,38,82,933.74,0,0,0
TX_002029,1286.37,7,24,15,274.17,0,0,0
TX_002030,3272.6,11,65,30,260.21,0,0,0
TX_002031,994.5,21,42,48,314.6,0,0,0
TX_002032,2828.82,15,55,96,462.49,1,0,0
TX_002033,2322.34,11,35,40,18.53,0,1,0
TX_002034,4860.17,10,50,91,597.84,0,0,0
TX_002035,3044.59,19,50,91,31.67,0,1,0
TX_002036,1750.78,18,49,83,539.2,0,0,0
TX_002037,574.91,0,75,74,457.88,0,0,0
TX_002038,760.48,2,42,44,242.55,0,0,0
TX_002039,1130.46,11,31,46,329.77,0,0,0
TX_002040,1258.58,8,55,6,705.66,0,0,0
TX_002041,4253.83,20,55,24,9.6,0,0,0
TX_002042,2808.31,21,21,73,316.65,0,0,0
TX_002043,2619.34,4,61,91,680.3,0,0,0
TX_002044,578.27,0,79,7,152.27,0,0,0
TX_002045,4301.4,9,35,6,560.39,0,0,0
TX_002046,3615.46,16,27,33,168.93,1,0,0
TX_002047,343.0,3,52,85,154.76,0,0,0
TX_002048,3540.64,14,52,38,772.28,0,0,0
TX_002049,2719.97,18,57,44,266.53,0,0,0
TX_002050,413.22,7,71,17,375.77,0,0,0
TX_002051,2294.21,22,40,31,730.02,0,0,0
TX_002052,2426.06,14,42,37,179.52,0,0,0
TX_002053,833.04,6,18,11,531.74,0,0,0
TX_002054,4728.76,14,35,92,917.82,0,0,0
TX_002055,4250.63,7,32,5,553.83,0,0,0
TX_002056,3346.77,22,42,64,48.85,0,0,0
TX_002057,2314.17,9,49,76,589.7,0,0,0
TX_002058,2061.77,17,70,3,90.15,0,0,0
TX_002059,3256.61,3,37,56,282.12,0,0,0
TX_002060,2729.43,14,34,63,849.68,0,0,0
TX_002061,316.05,10,74,38,11.07,0,0,0
TX_002062,2564.95,21,28,54,77.01,0,0,0
TX_002063,4032.99,2,30,2,363.36,0,0,0
TX_002064,2298.9,14,42,90,999.4,0,0,0
TX_002065,264.52,2,37,2,291.86,0,0,0
TX_002066,3932.46,14,42,12,157.27,1,0,0
TX_002067,1010.81,5,59,40,549.42,1,0,0
TX_002068,1296.81,0,62,2,519.26,0,0,0
TX_002069,827.71,13,66,80,449.62,1,1,0
TX_002070,1654.42,15,48,94,946.65,0,0,0
TX_002071,3784.97,0,70,57,280.15,0,0,0
TX_002072,2599.33,20,18,47,293.32,0,0,0
TX_002073,1028.38,16,69,36,140.26,0,0,0
TX_002074,4389.76,7,33,4,697.29,0,0,0
TX_002075,4398.51,17,65,75,321.37,0,0,0
TX_002076,4353.54,15,45,24,802.74,0,0,0
TX_002077,1197.79,5,38,82,971.76,0,0,0
TX_002078,2258.94,9,47,91,43.69,0,0,0
TX_002079,4925.02,9,76,62,993.12,0,0,0
TX_002080,3861.2,4,20,2,254.1,0,0,0
TX_002081,140.7,11,51,15,420.11,0,0,0
TX_002082,330.7,19,23,75,777.74,0,0,0
TX_002083,2322.34,16,60,91,665.33,0,0,0
TX_002084,4546.55,13,46,49,778.44,1,0,1
TX_002085,2695.82,13,20,87,466.33,0,0,0
TX_002086,2491.57,2,75,35,916.07,0,1,0
TX_002087,531.84,11,50,94,789.94,0,0,0
TX_002088,3285.62,19,28,47,309.23,0,0,0
TX_002089,4111.41,17,62,24,948.48,0,0,0
TX_002090,1905.2,11,22,83,961.05,0,0,0
TX_002091,3879.18,1,67,60,415.05,0,0,0
TX_002092,4822.56,1,49,93,651.96,0,0,0
TX_002093,1022.81,16,64,77,814.77,1,1,0
TX_002094,2619.03,9,35,48,817.3,0,0,0
TX_002095,1439.25,17,64,23,14.12,0,1,0
TX_002096,3965.31,21,37,12,629.01,0,0,0
TX_002097,2890.08,18,69,41,973.7,0,0,0
TX_002098,3174.74,20,69,29,231.35,0,0,0
TX_002099,3990.58,0,56,70,795.61,0,0,0
TX_002100,1982.87,23,66,51,534.25,1,0,0
TX_002101,4575.87,3,78,23,221.47,0,0,0
TX_002102,2667.48,3,57,31,51.04,1,0,0
TX_002103,793.98,1,45,21,759.92,1,1,0
TX_002104,3481.02,18,30,24,316.47,0,0,0
TX_002105,3967.34,20,43,72,375.59,1,0,0
TX_002106,1587.22,11,33,9,485.23,0,0,0
TX_002107,4286.61,9,42,22,507.19,0,0,0
TX_002108,4531.19,12,27,4,206.19,0,0,0
TX_002109,1388.14,21,46,77,670.64,0,0,0
TX_002110,4917.69,22,63,98,692.54,0,0,0
TX_002111,707.85,19,55,3,142.3,0,0,0
TX_002112,1014.07,22,37,28,532.91,0,0,0
TX_002113,925.2,14,71,90,609.26,0,0,0
TX_002114,4470.48,2,43,98,186.25,0,0,0
TX_002115,3273.19,22,49,15,894.46,0,0,0
TX_002116,764.76,19,56,8,482.83,0,0,0
TX_002117,2204.42,12,55,48,115.03,0,0,0
TX_002118,3078.41,7,76,99,334.4,0,0,0
TX_002119,421.9,6,66,88,476.96,1,0,0
TX_002120,4412.67,23,70,52,10.14,0,1,0
TX_002121,4019.0,7,41,55,31.91,1,0,0
TX_002122,2528.51,17,48,37,55.52,0,0,0
TX_002123,4835.8,8,57,4,538.14,0,0,0
TX_002124,2091.72,5,29,55,336.09,0,0,0
TX_002125,4920.63,3,75,12,893.1,1,0,1
TX_002126,3341.26,14,74,19,559.23,0,0,0
TX_002127,3175.18,4,53,79,759.9,0,0,0
TX_002128,833.94,4,27,57,687.13,0,1,0
TX_002129,4410.23,6,23,94,520.32,0,0,0
TX_002130,2140.31,8,24,37,744.72,0,0,0
TX_002131,815.36,6,70,76,544.71,0,0,0
TX_002132,67.97,8,48,83,385.46,0,0,0
TX_002133,2800.98,19,44,98,435.8,0,0,0
TX_002134,2639.36,9,25,7,838.5,0,0,0
TX_002135,3598.17,3,20,92,563.27,0,0,0
TX_002136,4451.84,5,57,55,377.3,0,0,0
TX_002137,401.64,23,64,28,179.74,0,1,0
TX_002138,3658.82,13,79,93,495.36,0,0,0
TX_002139,941.12,8,38,37,252.4,1,0,0
TX_002140,4291.59,0,18,84,955.58,1,1,1
TX_002141,4096.22,16,62,61,490.98,0,0,0
TX_002142,2706.26,12,71,75,8.95,0,0,0
TX_002143,3552.66,23,67,39,92.88,0,0,0
TX_002144,1575.18,6,32,23,284.32,0,0,0
TX_002145,2358.48,8,24,52,92.16,0,1,0
TX_002146,4109.08,10,32,84,893.96,0,0,0
TX_002147,2299.03,2,42,84,854.35,0,0,0
TX_002148,1792.2,11,20,11,970.86,1,0,0
TX_002149,2473.59,20,47,66,706.47,0,0,0
TX_002150,4142.11,2,75,13,645.46,0,0,0
TX_002151,1679.36,14,31,77,923.5,0,0,0
TX_002152,872.94,20,69,41,946.39,0,0,0
TX_002153,3561.51,9,21,49,877.49,0,0,0
TX_002154,4130.76,0,53,15,861.47,0,0,0
TX_002155,507.68,13,20,56,671.7,0,0,0
TX_002156,1203.17,19,22,54,1.61,0,0,0
TX_002157,714.15,5,42,31,429.52,0,0,0
TX_002158,1742.97,1,48,61,635.66,0,0,0
TX_002159,2254.5,22,28,58,547.13,0,0,0
TX_002160,3745.39,7,25,87,821.13,0,0,0
TX_002161,3257.48,0,43,60,818.9,0,0,0
TX_002162,3106.54,3,19,53,598.68,0,0,0
TX_002163,1765.11,3,45,86,21.99,0,0,0
TX_002164,4208.03,4,65,61,369.33,0,0,0
TX_002165,2359.08,19,74,80,228.82,0,0,0
TX_002166,4895.63,8,77,42,338.79,0,0,0
TX_002167,3172.54,22,27,29,617.29,1,0,0
TX_002168,635.69,12,67,84,66.46,0,1,0
TX_002169,3382.51,17,56,92,22.24,0,0,0
TX_002170,1628.89,16,54,27,436.87,0,0,0
TX_002171,3433.2,0,78,44,793.57,0,0,0
TX_002172,352.86,21,56,93,30.7,0,0,0
TX_002173,878.53,14,38,5,849.05,0,0,0
TX_002174,4279.41,1,45,52,383.88,0,0,0
TX_002175,1139.76,15,55,53,118.24,0,0,0
TX_002176,4186.02,19,73,52,567.5,0,0,0
TX_002177,1399.98,21,50,38,952.36,1,0,0
TX_002178,3216.2,4,78,44,542.51,0,0,0
TX_002179,3472.28,21,28,53,686.63,1,0,0
TX_002180,2565.71,18,62,2,816.42,0,0,0
TX_002181,1530.03,4,61,54,799.34,0,0,0
TX_002182,1067.16,1,18,84,73.12,0,0,0
TX_002183,170.78,6,70,77,741.0,0,0,0
TX_002184,1523.21,2,64,90,949.45,1,0,0
TX_002185,3267.55,16,50,35,700.65,0,0,0
TX_002186,4691.83,23,20,46,836.44,0,0,0
TX_002187,4356.67,23,43,72,485.55,1,1,1
TX_002188,3831.49,2,32,92,319.07,0,0,0
TX_002189,3943.29,12,58,79,676.24,0,0,0
TX_002190,3326.6,6,31,55,492.2,0,0,0
TX_002191,1305.13,23,78,72,895.29,0,0,0
TX_002192,4536.44,2,40,11,974.38,0,0,0
TX_002193,3355.31,14,77,29,819.8,0,0,0
TX_002194,2804.4,17,71,69,992.68,0,0,0
TX_002195,559.39,9,73,63,348.37,0,0,0
TX_002196,2238.04,22,25,47,895.76,0,0,0
TX_002197,2304.49,6,71,7,329.93,0,0,0
TX_002198,4323.5,8,53,64,118.04,1,0,0
TX_002199,2735.51,4,37,82,621.37,0,0,0
TX_002200,1905.1,19,69,64,454.99,0,0,0
TX_002201,4884.12,7,23,92,921.7,0,0,0
TX_002202,558.05,13,50,12,492.19,0,0,0
TX_002203,2115.63,3,45,12,927.63,0,0,0
TX_002204,214.91,19,67,36,78.63,1,0,0
TX_002205,3700.82,13,55,29,830.51,0,0,0
TX_002206,4590.79,11,47,11,759.11,0,0,0
TX_002207,1403.79,1,63,53,719.98,0,0,0
TX_002208,4292.42,12,60,70,355.14,0,1,0
TX_002209,1464.63,0,34,85,783.76,0,1,0
TX_002210,4554.3,19,26,74,483.3,1,0,0
TX_002211,3771.04,6,45,96,715.2,0,0,0
TX_002212,4025.51,8,71,47,552.23,0,1,0
TX_002213,94.94,16,24,33,157.44,0,0,0
TX_002214,4814.24,20,63,81,64.56,0,0,0
TX_002215,3634.72,22,45,67,366.19,0,0,0
TX_002216,1527.23,12,34,43,932.79,0,0,0
TX_002217,4147.83,22,57,18,529.74,0,0,0
TX_002218,1411.2,9,77,74,802.19,1,0,0
TX_002219,4364.41,15,65,53,575.95,0,1,0
TX_002220,567.34,5,61,39,957.91,0,0,0
TX_002221,3519.91,15,61,72,369.46,0,0,0
TX_002222,2705.79,10,77,34,57.05,0,0,0
TX_002223,487.19,19,77,37,780.67,0,0,0
TX_002224,1213.26,2,22,41,705.46,1,0,0
TX_002225,66.96,8,22,97,527.53,1,1,0
TX_002226,2346.5,14,31,49,326.39,0,1,0
TX_002227,1509.82,12,23,10,188.27,0,0,0
TX_002228,2993.8,9,24,40,482.28,0,0,0
TX_002229,1489.7,19,72,18,666.2,0,0,0
TX_002230,1503.1,23,70,25,578.89,0,0,0
TX_002231,3717.25,12,34,41,437.49,1,1,1
TX_002232,245.47,16,76,36,539.69,0,0,0
TX_002233,4514.96,6,26,2,107.95,0,0,0
TX_002234,4262.06,5,48,83,695.84,0,0,0
TX_002235,3340.68,12,39,74,734.26,0,0,0
TX_002236,2968.14,16,62,49,11.45,0,0,0
TX_002237,4462.05,14,26,67,270.52,0,0,0
TX_002238,930.72,3,76,53,92.12,0,0,0
TX_002239,399.45,14,33,19,998.23,0,0,0
TX_002240,1201.35,13,53,26,593.34,1,0,0
TX_002241,3973.92,20,51,54,465.74,0,0,0
TX_002242,178.18,10,62,51,463.0,0,0,0
TX_002243,2916.12,23,30,25,964.77,1,0,0
TX_002244,4977.21,3,36,17,659.86,0,0,0
TX_002245,4279.2,2,29,74,168.66,0,0,0
TX_002246,2609.62,1,53,61,448.16,1,0,0
TX_002247,322.89,19,27,46,774.2,0,0,0
TX_002248,4157.71,9,33,55,423.35,0,0,0
TX_002249,2996.9,12,45,50,309.53,0,0,0
TX_002250,579.09,19,73,75,991.22,0,0,0
TX_002251,473.82,20,36,11,935.64,0,0,0
TX_002252,4548.59,22,57,12,941.56,0,0,0
TX_002253,3347.66,17,23,40,131.67,0,0,0
TX_002254,4147.29,20,21,48,234.26,0,0,0
TX_002255,4395.5,15,47,56,442.07,0,0,0
TX_002256,2861.0,10,56,8,832.13,0,0,0
TX_002257,2589.64,9,48,88,736.83,1,0,0
TX_002258,2154.98,8,63,14,849.67,0,0,0
TX_002259,1588.15,11,44,87,920.76,0,0,0
TX_002260,2175.81,18,62,56,780.77,0,0,0
TX_002261,3870.53,0,38,54,261.77,0,0,0
TX_002262,3011.61,17,54,17,285.45,1,0,0
TX_002263,4463.15,13,26,45,352.49,0,0,0
TX_002264,2219.68,21,78,5,303.08,0,0,0
TX_002265,3037.41,20,52,3,249.1,0,0,0
TX_002266,3158.38,0,59,9,752.49,0,0,0
TX_002267,2960.53,16,64,84,33.99,0,0,0
TX_002268,3514.66,10,69,20,728.39,0,0,0
TX_002269,1190.98,19,38,83,823.56,0,0,0
TX_002270,2564.26,14,34,21,66.04,0,0,0
TX_002271,525.6,3,72,80,61.85,0,0,0
TX_002272,1925.63,14,41,33,285.46,0,0,0
TX_002273,2440.9,21,48,5,208.31,0,0,0
TX_002274,3262.86,21,23,24,581.13,0,0,0
TX_002275,4752.9,13,74,63,675.45,1,0,0
TX_002276,3005.25,21,52,79,634.14,0,0,0
TX_002277,3719.25,0,67,26,357.35,0,0,0
TX_002278,2533.8,8,54,89,498.4,0,0,0
TX_002279,3172.35,6,30,92,639.99,0,0,0
TX_002280,359.31,22,42,33,119.43,0,0,0
TX_002281,1275.69,10,49,18,229.51,0,0,0
TX_002282,1812.46,22,76,18,890.5,1,0,0
TX_002283,2365.1,1,18,38,342.33,0,0,0
TX_002284,233.02,1,66,33,801.16,0,0,0
TX_002285,704.42,5,75,27,250.99,0,0,0
TX_002286,1387.69,22,52,49,41.64,0,0,0
TX_002287,4857.81,18,75,50,500.4,0,0,0
TX_002288,1660.08,19,36,15,892.48,0,0,0
TX_002289,2412.8,13,70,77,819.28,0,0,0
TX_002290,984.51,2,69,52,252.94,0,0,0
TX_002291,3055.85,6,71,98,909.94,1,0,0
TX_002292,1407.01,6,29,68,479.72,0,0,0
TX_002293,1038.93,3,57,99,49.0,1,0,0
TX_002294,2585.28,22,57,19,27.92,0,0,0
TX_002295,32.5,4,64,95,485.11,0,1,0
TX_002296,43.28,16,60,25,546.32,0,0,0
TX_002297,1099.25,3,37,76,79.91,0,0,0
TX_002298,188.42,22,50,76,922.24,1,0,0
TX_002299,544.59,12,46,25,718.22,0,1,0
TX_002300,1697.61,15,33,33,801.28,0,0,0
TX_002301,4013.92,15,79,60,584.02,0,1,0
TX_002302,2862.38,1,31,37,663.54,0,0,0
TX_002303,2565.78,17,24,92,387.86,0,0,0
TX_002304,1470.98,0,23,43,679.3,0,0,0
TX_002305,4659.11,17,38,9,978.18,0,0,0
TX_002306,1988.09,7,53,14,647.72,0,0,0
TX_002307,440.03,10,39,3,341.63,1,0,0
TX_002308,3087.25,23,57,69,285.24,0,1,0
TX_002309,573.62,23,71,56,963.35,0,0,0
TX_002310,1729.39,14,36,26,185.0,0,1,0
TX_002311,2539.52,15,42,53,806.2,0,0,0
TX_002312,4371.74,16,20,41,465.26,0,0,0
TX_002313,2470.27,16,53,82,443.76,0,0,0
TX_002314,3512.78,11,62,21,747.54,0,0,0
TX_002315,4964.12,9,70,39,148.04,0,0,0
TX_002316,661.79,19,76,80,466.3,0,0,0
TX_002317,1377.28,5,51,23,35.83,1,0,0
TX_002318,1975.91,7,28,93,670.41,0,1,0
TX_002319,2112.03,12,65,74,58.38,1,0,0
TX_002320,2058.05,1,59,58,87.29,1,1,0
TX_002321,4538.52,18,64,69,844.83,0,0,0
TX_002322,3571.59,21,44,75,442.96,1,0,0
TX_002323,3041.49,9,59,29,200.98,0,0,0
TX_002324,1550.32,3,19,62,592.58,0,0,0
TX_002325,4119.83,11,23,53,519.28,0,0,0
TX_002326,4775.53,17,63,45,410.91,0,0,0
TX_002327,4106.89,6,19,27,905.42,0,0,0
TX_002328,12.82,19,59,34,749.46,0,0,0
TX_002329,3183.82,23,34,14,151.59,0,0,0
TX_002330,260.42,23,57,41,570.77,0,0,0
TX_002331,1291.75,22,75,74,88.74,0,0,0
TX_002332,302.33,3,65,60,244.65,0,0,0
TX_002333,3020.96,6,31,42,909.86,0,0,0
TX_002334,3434.52,9,27,51,462.08,0,0,0
TX_002335,576.87,14,62,75,892.11,0,0,0
TX_002336,1922.28,11,50,11,166.0,1,0,0
TX_002337,2283.9,0,59,35,205.34,0,0,0
TX_002338,1848.42,19,79,19,352.82,0,0,0
TX_002339,609.52,17,71,88,366.33,0,0,0
TX_002340,2097.64,15,29,65,745.28,0,0,0
TX_002341,3757.13,4,79,76,599.41,0,0,0
TX_002342,359.68,18,49,61,553.25,0,0,0
TX_002343,405.5,3,66,47,602.38,0,0,0
TX_002344,1777.08,5,41,14,732.19,0,0,0
TX_002345,4708.92,16,31,67,892.82,0,1,1
TX_002346,3344.52,6,22,52,414.74,0,0,0
TX_002347,3394.96,23,68,32,802.93,0,0,0
TX_002348,1812.79,22,22,80,495.1,0,0,0
TX_002349,2970.34,6,64,10,722.08,0,0,0
TX_002350,55.61,8,49,17,874.82,0,0,0
TX_002351,3182.3,12,62,40,32.21,1,0,0
TX_002352,4566.87,19,66,68,546.63,1,0,0
TX_002353,3064.8,13,50,63,989.38,0,0,0
TX_002354,4369.12,15,77,15,496.22,0,0,0
TX_002355,3621.25,22,63,97,864.3,0,0,0
TX_002356,607.19,8,21,39,185.9,0,0,0
TX_002357,4512.75,14,74,57,604.29,0,0,0
TX_002358,336.89,4,47,10,870.31,0,0,0
TX_002359,2672.17,17,58,71,431.53,0,0,0
TX_002360,714.97,20,34,97,486.72,0,0,0
TX_002361,63.47,19,20,17,82.02,1,0,0
TX_002362,2113.06,7,30,76,42.17,0,0,0
TX_002363,1478.73,14,61,17,468.71,1,0,0
TX_002364,2432.57,20,65,16,843.48,1,0,0
TX_002365,2888.11,8,53,78,931.32,0,0,0
TX_002366,223.48,18,35,3,658.65,0,0,0
TX_002367,619.4,21,40,51,826.4,0,0,0
TX_002368,2795.42,5,52,94,734.85,0,0,0
TX_002369,1719.12,3,66,46,701.49,0,0,0
TX_002370,3647.22,10,50,55,769.03,0,0,0
TX_002371,3263.2,9,68,99,505.3,1,0,0
TX_002372,4228.79,2,71,26,457.94,1,0,1
TX_002373,3464.0,0,53,76,159.14,0,1,0
TX_002374,2152.51,11,34,31,843.82,0,0,0
TX_002375,3366.47,22,56,81,44.61,0,1,0
TX_002376,1380.53,14,51,72,267.44,0,0,0
TX_002377,1535.04,14,29,19,519.92,0,0,0
TX_002378,3945.98,20,22,90,971.6,0,0,0
TX_002379,2234.87,13,65,68,785.97,0,0,0
TX_002380,3992.91,6,57,15,368.67,0,0,0
TX_002381,4113.0,16,72,58,713.95,0,0,0
TX_002382,4288.52,23,44,78,931.37,0,0,0
TX_002383,4583.59,18,77,30,538.88,1,1,1
TX_002384,2157.77,6,57,48,461.94,0,0,0
TX_002385,1597.74,2,30,56,552.99,0,0,0
TX_002386,2913.08,2,43,42,311.53,0,0,0
TX_002387,1859.01,17,31,24,907.35,1,0,0
TX_002388,3007.37,19,49,52,797.28,0,0,0
TX_002389,3529.4,21,28,43,705.48,1,0,0
TX_002390,3443.58,13,55,34,589.09,0,0,0
TX_002391,1875.89,2,33,60,969.47,0,0,0
TX_002392,838.47,6,72,83,297.71,0,0,0
TX_002393,2155.49,6,74,3,283.14,0,1,0
TX_002394,717.26,4,39,68,242.14,0,0,0
TX_002395,4451.03,2,74,11,741.78,0,0,0
TX_002396,1732.66,17,64,13,797.29,0,0,0
TX_002397,776.53,14,33,50,597.11,0,0,0
TX_002398,132.11,19,30,82,651.98,1,0,0
TX_002399,3230.88,13,29,19,348.96,0,1,0
TX_002400,3186.33,3,35,44,39.76,1,1,0
TX_002401,1706.32,23,46,33,253.64,0,1,0
TX_002402,363.2,7,35,38,584.3,0,0,0
TX_002403,2051.1,20,63,3,812.93,1,0,0
TX_002404,1559.53,12,19,99,777.19,0,0,0
TX_002405,3387.22,21,71,65,179.49,1,0,0
TX_002406,3030.87,7,19,35,51.45,0,0,0
TX_002407,1826.15,14,20,36,850.56,0,0,0
TX_002408,1093.37,16,46,38,75.59,0,0,0
TX_002409,4940.24,4,73,39,393.31,1,0,1
TX_002410,2272.74,19,25,25,94.23,1,0,0
TX_002411,3442.93,3,28,64,564.05,0,0,0
TX_002412,707.06,10,29,13,363.34,0,1,0
TX_002413,2430.52,17,49,68,202.49,0,0,0
TX_002414,142.55,9,21,70,595.17,0,0,0
TX_002415,2529.75,16,26,75,363.39,0,0,0
TX_002416,4820.27,14,41,1,166.79,0,0,0
TX_002417,1924.11,5,66,72,700.09,0,0,0
TX_002418,199.79,22,73,54,836.81,0,0,0
TX_002419,159.62,20,33,98,273.74,0,0,0
TX_002420,1942.99,15,34,9,186.43,0,0,0
TX_002421,804.32,14,64,36,75.25,0,0,0
TX_002422,121.64,7,69,37,527.9,0,0,0
TX_002423,3782.29,8,75,59,831.29,0,0,0
TX_002424,2295.32,10,39,21,250.79,0,0,0
TX_002425,1449.78,1,24,20,460.64,0,0,0
TX_002426,4500.92,12,27,1,160.8,0,0,0
TX_002427,585.11,3,46,99,404.2,0,1,0
TX_002428,4779.81,8,53,59,15.45,0,0,0
TX_002429,1573.26,4,41,28,910.73,1,1,1
TX_002430,4442.58,18,73,71,676.57,0,0,0
TX_002431,3016.7,21,63,56,332.81,0,0,0
TX_002432,4134.4,2,31,9,881.2,0,0,0
TX_002433,4920.15,20,31,65,182.93,0,0,0
TX_002434,1445.59,2,42,36,78.73,0,0,0
TX_002435,4805.87,5,63,98,942.62,0,0,0
TX_002436,1950.46,9,39,34,309.02,0,0,0
TX_002437,1930.63,4,69,81,935.97,0,0,0
TX_002438,1705.23,2,67,32,637.61,1,0,0
TX_002439,2709.33,21,64,66,980.04,0,0,0
TX_002440,774.95,23,40,25,753.43,1,0,0
TX_002441,2770.79,6,49,51,105.48,0,1,0
TX_002442,2710.82,21,43,63,852.23,0,0,0
TX_002443,3810.7,17,68,90,147.88,0,0,0
TX_002444,4169.08,22,44,45,692.2,0,0,0
TX_002445,2205.0,7,62,26,500.41,0,0,0
TX_002446,1515.15,0,29,21,707.73,0,0,0
TX_002447,1300.38,3,36,82,764.99,0,0,0
TX_002448,977.15,23,36,93,803.67,0,0,0
TX_002449,292.95,6,69,51,834.98,0,1,0
TX_002450,1715.53,13,51,24,847.22,0,0,0
TX_002451,1354.89,12,49,92,412.57,1,0,0
TX_002452,4832.25,9,46,12,889.23,1,1,1
TX_002453,2790.76,22,78,11,719.58,0,0,0
TX_002454,1739.65,17,38,27,838.97,0,0,0
TX_002455,2904.44,0,52,23,989.19,0,0,0
TX_002456,700.29,3,59,33,116.41,0,0,0
TX_002457,2223.0,15,22,80,370.58,0,0,0
TX_002458,3133.04,15,29,92,806.55,1,0,0
TX_002459,2447.04,17,78,92,86.3,1,0,0
TX_002460,2011.89,7,24,38,540.78,0,0,0
TX_002461,4969.27,9,58,55,858.4,0,0,0
TX_002462,4402.17,15,19,70,18.99,0,0,0
TX_002463,3118.91,22,42,42,939.52,0,0,0
TX_002464,2849.04,23,27,29,978.14,0,1,0
TX_002465,3105.2,10,55,34,322.28,0,0,0
TX_002466,1010.55,5,61,57,766.79,0,0,0
TX_002467,1978.71,0,23,3,127.18,0,0,0
TX_002468,202.1,11,44,6,772.86,0,0,0
TX_002469,2380.35,5,52,48,481.52,0,0,0
TX_002470,2717.41,12,79,64,860.27,0,0,0
TX_002471,1142.61,16,27,13,212.61,0,0,0
TX_002472,4820.32,0,78,36,672.66,0,0,0
TX_002473,4547.73,7,26,79,786.12,0,1,0
TX_002474,3612.11,21,37,70,202.49,0,0,0
TX_002475,2669.27,7,54,33,818.29,0,0,0
TX_002476,4350.5,23,52,76,957.99,0,0,0
TX_002477,657.61,10,54,57,616.08,0,0,0
TX_002478,3953.6,13,57,55,784.85,0,0,0
TX_002479,628.48,23,25,13,532.58,0,0,0
TX_002480,3972.08,9,63,97,598.1,0,0,0
TX_002481,1382.46,14,73,51,13.35,0,0,0
TX_002482,4386.07,6,71,92,524.29,0,0,0
TX_002483,4720.49,6,48,53,575.56,0,0,0
TX_002484,748.24,9,66,36,670.05,0,0,0
TX_002485,2316.06,3,60,5,169.39,0,1,0
TX_002486,4905.03,17,75,25,241.37,1,0,0
TX_002487,2419.62,9,33,81,756.0,0,0,0
TX_002488,4318.42,18,45,37,167.64,0,1,0
TX_002489,2945.71,13,23,19,416.03,0,0,0
TX_002490,1879.77,12,49,35,250.49,1,0,0
TX_002491,1432.49,14,45,34,545.18,0,0,0
TX_002492,1020.1,15,28,54,986.87,0,1,0
TX_002493,3810.18,1,59,46,852.04,0,0,0
TX_002494,1935.77,3,40,6,269.47,0,0,0
TX_002495,2558.82,20,47,83,368.61,1,0,0
TX_002496,2464.17,17,26,1,918.63,0,0,0
TX_002497,2888.51,16,45,71,898.29,0,0,0
TX_002498,4328.56,9,41,34,160.53,0,0,0
TX_002499,4903.79,20,76,56,829.27,0,0,0
TX_002500,2040.88,8,45,83,297.61,0,0,0
TX_002501,4138.46,14,41,97,543.8,1,0,0
TX_002502,3823.82,11,32,26,5.1,0,0,0
TX_002503,2869.78,20,56,42,998.59,0,1,0
TX_002504,4780.46,8,67,91,761.1,0,0,0
TX_002505,1006.37,13,50,38,241.73,0,0,0
TX_002506,550.77,12,64,26,683.79,0,0,0
TX_002507,4270.54,5,51,99,293.31,0,0,0
TX_002508,2198.55,18,39,59,89.46,0,0,0
TX_002509,4235.61,3,46,84,425.31,0,1,0
TX_002510,4465.99,19,51,24,613.72,0,0,0
TX_002511,316.98,16,59,21,89.78,0,0,0
TX_002512,4417.91,18,69,60,518.41,0,0,0
TX_002513,2244.35,2,64,90,514.86,1,0,0
TX_002514,2554.61,13,27,20,628.65,0,0,0
TX_002515,3134.83,16,68,6,244.65,0,0,0
TX_002516,4632.28,12,71,67,20.64,0,0,0
TX_002517,100.48,8,77,10,324.86,0,0,0
TX_002518,2386.83,0,77,12,398.58,0,0,0
TX_002519,3440.17,16,62,97,635.74,0,0,0
TX_002520,3614.92,15,47,22,930.17,0,0,0
TX_002521,3464.2,17,73,62,203.39,0,0,0
TX_002522,676.5,1,28,61,687.33,0,0,0
TX_002523,1500.48,13,71,80,97.4,0,0,0
TX_002524,1796.78,21,51,17,190.62,1,1,0
TX_002525,4023.16,22,38,10,509.13,0,0,0
TX_002526,1397.41,16,76,12,708.38,0,0,0
TX_002527,1057.47,2,30,83,858.57,0,1,0
TX_002528,4787.45,1,71,40,743.9,0,0,0
TX_002529,49.27,7,42,23,15.35,0,0,0
TX_002530,4989.12,1,71,40,683.93,0,0,0
TX_002531,3385.72,1,75,74,824.66,0,1,0
TX_002532,4143.2,8,38,74,525.53,0,1,0
TX_002533,1476.62,19,18,50,965.6,0,0,0
TX_002534,76.5,20,75,10,4.31,0,0,0
TX_002535,3690.66,5,22,94,818.66,0,0,0
TX_002536,4171.55,11,70,4,334.82,0,0,0
TX_002537,3703.68,8,39,1,650.45,0,0,0
TX_002538,718.54,6,24,43,693.48,1,0,0
TX_002539,3768.37,11,30,83,306.25,0,0,0
TX_002540,3845.77,4,62,5,995.42,0,0,0
TX_002541,3294.41,15,69,94,103.25,0,0,0
TX_002542,3831.75,4,40,90,157.03,0,0,0
TX_002543,4230.38,11,38,34,892.19,0,0,0
TX_002544,3069.95,23,23,66,119.18,0,0,0
TX_002545,447.58,19,37,24,381.29,0,0,0
TX_002546,2440.7,8,29,14,733.14,0,0,0
TX_002547,392.86,22,57,41,791.49,1,0,0
TX_002548,2040.68,6,26,42,954.67,1,0,0
TX_002549,2038.5,18,67,13,789.57,0,0,0
TX_002550,334.72,19,45,29,844.53,0,0,0
TX_002551,1747.36,22,28,65,949.38,0,0,0
TX_002552,559.44,10,69,46,553.69,0,1,0
TX_002553,4042.13,20,49,34,343.43,1,0,0
TX_002554,4738.7,11,28,63,761.61,0,0,0
TX_002555,366.22,2,41,4,163.54,1,0,0
TX_002556,4775.8,16,73,28,68.23,1,0,0
TX_002557,2615.27,6,32,83,785.33,1,0,0
TX_002558,1501.33,21,58,1,950.67,0,0,0
TX_002559,388.93,9,52,36,442.45,0,0,0
TX_002560,2505.62,22,34,13,161.13,0,0,0
TX_002561,3973.61,14,42,5,497.02,0,0,0
TX_002562,3536.9,1,66,97,393.32,0,0,0
TX_002563,255.88,12,52,14,372.47,1,0,0
TX_002564,369.14,3,36,80,628.08,0,0,0
TX_002565,2017.35,17,58,32,174.74,0,0,0
TX_002566,1479.98,23,48,50,380.48,0,0,0
TX_002567,1165.76,22,34,27,868.68,0,0,0
TX_002568,1408.62,0,72,35,729.67,0,1,0
TX_002569,4018.4,1,67,3,55.59,1,0,0
TX_002570,4646.49,1,40,4,513.9,0,0,0
TX_002571,2028.49,3,64,7,91.3,0,0,0
TX_002572,4531.02,2,18,77,957.5,0,1,1
TX_002573,1610.87,16,78,3,244.64,0,0,0
TX_002574,2384.8,13,75,81,932.62,0,1,0
TX_002575,1134.01,1,27,59,834.01,0,0,0
TX_002576,3204.18,15,25,74,551.36,0,1,0
TX_002577,4895.01,10,59,1,336.3,0,0,0
TX_002578,3019.45,12,78,28,857.95,0,0,0
TX_002579,1792.28,0,43,59,152.78,0,0,0
TX_002580,3240.85,22,51,53,179.97,0,0,0
TX_002581,618.99,1,36,10,224.72,0,1,0
TX_002582,4443.85,1,31,71,597.7,0,0,0
TX_002583,2517.9,20,25,3,314.33,0,0,0
TX_002584,2249.5,4,68,7,989.18,0,0,0
TX_002585,2931.39,3,18,9,195.11,0,0,0
TX_002586,3125.8,11,65,99,805.61,0,0,0
TX_002587,363.52,2,42,90,95.84,0,0,0
TX_002588,3414.67,19,41,69,353.45,0,0,0
TX_002589,1213.45,9,64,13,243.76,0,0,0
TX_002590,3571.19,19,37,94,976.84,1,0,0
TX_002591,4113.56,17,73,40,25.73,0,1,0
TX_002592,4020.77,20,47,62,721.67,0,0,0
TX_002593,2764.74,20,22,62,247.72,0,0,0
TX_002594,2603.25,20,20,10,811.25,0,0,0
TX_002595,718.67,9,49,87,311.22,0,0,0
TX_002596,3877.85,0,34,11,187.28,1,0,0
TX_002597,1360.69,5,78,76,693.04,0,0,0
TX_002598,2485.99,10,59,62,257.58,0,0,0
TX_002599,1424.95,1,22,77,485.55,0,0,0
TX_002600,673.47,6,28,56,131.53,1,0,0
TX_002601,3149.64,19,55,49,724.6,0,0,0
TX_002602,276.39,20,21,16,406.84,1,0,0
TX_002603,3744.48,20,56,73,140.58,0,0,0
TX_002604,1591.35,20,36,74,741.6,0,0,0
TX_002605,5.67,17,56,93,103.36,0,0,0
TX_002606,2558.09,20,63,9,574.82,0,0,0
TX_002607,239.03,18,66,33,607.49,0,0,0
TX_002608,1384.47,3,40,88,930.35,0,0,0
TX_002609,3536.35,12,34,35,150.98,0,0,0
TX_002610,318.13,17,30,75,653.35,0,1,0
TX_002611,4197.5,19,44,39,380.77,1,0,0
TX_002612,24.08,23,18,77,400.81,0,0,0
TX_002613,1237.89,12,19,87,501.83,0,0,0
TX_002614,3705.82,18,35,25,233.78,0,0,0
TX_002615,1584.77,16,53,80,461.18,0,1,0
TX_002616,513.95,0,62,56,686.85,1,0,0
TX_002617,1804.37,5,50,48,457.11,0,0,0
TX_002618,1355.61,18,53,85,42.51,0,0,0
TX_002619,4214.35,19,19,10,257.83,0,0,0
TX_002620,1570.17,0,21,41,351.46,0,0,0
TX_002621,3945.72,7,33,83,354.72,0,0,0
TX_002622,4459.9,16,21,99,81.01,0,0,0
TX_002623,2171.92,20,74,59,449.57,0,0,0
TX_002624,4550.17,21,26,28,691.95,1,1,1
TX_002625,1889.7,14,66,41,48.67,0,0,0
TX_002626,4820.57,17,38,66,750.92,1,0,1
TX_002627,451.0,6,40,51,955.11,0,0,0
TX_002628,3436.66,15,69,62,9.34,0,0,0
TX_002629,2471.6,6,77,30,193.69,0,0,0
TX_002630,1941.31,16,70,40,543.49,0,0,0
TX_002631,3165.4,3,19,40,218.05,0,0,0
TX_002632,3520.77,11,20,69,764.63,0,0,0
TX_002633,26.79,12,40,62,312.13,0,0,0
TX_002634,838.93,3,43,15,293.63,0,0,0
TX_002635,3566.67,20,78,3,0.92,0,1,0
TX_002636,3333.6,0,64,24,270.13,0,0,0
TX_002637,4830.41,0,24,41,217.67,1,0,1
TX_002638,3806.38,6,53,63,343.24,0,0,0
TX_002639,4754.11,8,61,48,147.66,0,0,0
TX_002640,3514.19,0,50,61,594.65,0,0,0
TX_002641,1493.77,15,66,48,238.74,0,0,0
TX_002642,531.3,17,53,47,831.75,0,0,0
TX_002643,3910.21,21,21,56,284.56,0,0,0
TX_002644,3222.53,14,71,76,210.87,0,0,0
TX_002645,245.69,5,40,8,56.75,0,0,0
TX_002646,1803.45,1,42,78,739.91,1,0,0
TX_002647,4784.22,8,58,18,508.21,1,0,0
TX_002648,2504.5,3,43,84,113.78,1,0,0
TX_002649,2166.48,12,45,23,221.33,0,0,0
TX_002650,2291.21,22,45,69,998.72,0,0,0
TX_002651,1048.37,21,38,65,806.03,0,1,0
TX_002652,1846.69,10,27,46,349.87,0,0,0
TX_002653,1852.22,12,44,66,542.55,0,0,0
TX_002654,266.51,10,68,80,416.02,0,0,0
TX_002655,3839.0,18,68,69,36.39,1,0,0
TX_002656,2085.44,7,32,22,778.68,0,0,0
TX_002657,4111.79,6,71,65,716.99,0,0,0
TX_002658,4252.49,15,34,12,408.8,0,1,0
TX_002659,1063.91,2,56,19,845.9,1,0,0
TX_002660,3288.48,16,52,22,534.74,0,0,0
TX_002661,2364.05,17,22,55,65.21,1,0,0
TX_002662,4401.38,14,33,62,259.41,1,0,0
TX_002663,1082.62,16,40,51,461.77,0,0,0
TX_002664,3390.68,10,56,48,103.45,1,0,0
TX_002665,3040.72,4,65,17,571.08,0,0,0
TX_002666,1480.03,15,26,13,120.57,0,1,0
TX_002667,687.32,14,50,28,200.51,0,0,0
TX_002668,3259.94,9,52,67,893.98,1,0,0
TX_002669,3694.29,13,74,5,999.81,0,0,0
TX_002670,1581.56,1,57,60,550.25,0,0,0
TX_002671,3225.94,15,67,15,619.65,0,0,0
TX_002672,1978.68,18,41,81,797.43,0,0,0
TX_002673,3567.47,7,41,44,696.14,0,0,0
TX_002674,1000.08,14,67,46,182.47,1,0,0
TX_002675,4451.62,9,41,29,411.67,0,1,0
TX_002676,1440.61,4,36,68,535.12,0,0,0
TX_002677,1842.09,19,56,96,359.71,0,0,0
TX_002678,295.17,15,78,49,176.11,0,0,0
TX_002679,562.0,20,42,43,736.11,0,0,0
TX_002680,2581.73,21,69,68,198.85,0,0,0
TX_002681,1341.63,11,48,77,260.49,1,1,0
TX_002682,4178.22,22,76,20,286.52,0,0,0
TX_002683,78.39,12,55,18,161.78,0,1,0
TX_002684,1898.57,8,42,64,849.55,1,0,0
TX_002685,1690.04,16,44,49,610.62,0,0,0
TX_002686,101.54,19,49,42,834.75,0,0,0
TX_002687,626.22,11,28,12,493.73,0,0,0
TX_002688,2071.15,4,22,89,519.56,0,0,0
TX_002689,2466.86,23,61,94,616.14,0,0,0
TX_002690,2024.43,11,50,79,370.92,0,0,0
TX_002691,2657.03,0,36,36,496.58,0,0,0
TX_002692,2977.68,19,60,8,546.92,0,0,0
TX_002693,54.57,15,64,28,953.54,0,1,0
TX_002694,2323.16,11,74,86,882.91,0,0,0
TX_002695,4817.68,8,33,60,129.25,0,0,0
TX_002696,2597.57,12,52,49,41.28,0,0,0
TX_002697,3389.32,16,28,38,680.33,0,0,0
TX_002698,1562.76,16,28,80,49.2,0,0,0
TX_002699,3871.09,3,27,58,60.35,1,0,0
TX_002700,3865.74,13,51,5,159.26,0,0,0
TX_002701,2608.87,18,69,46,351.71,0,0,0
TX_002702,4880.19,6,22,98,435.0,1,0,0
TX_002703,632.12,2,40,75,519.38,0,0,0
TX_002704,89.65,0,72,2,992.29,0,0,0
TX_002705,3851.94,11,42,89,385.23,0,0,0
TX_002706,4036.74,14,46,25,242.75,0,0,0
TX_002707,605.44,10,57,1,575.25,0,1,0
TX_002708,1331.59,9,30,95,215.15,0,0,0
TX_002709,92.67,1,64,69,940.54,0,0,0
TX_002710,1470.08,3,49,40,259.25,0,0,0
TX_002711,3866.84,16,51,68,989.93,0,0,0
TX_002712,2592.21,16,29,69,418.67,0,0,0
TX_002713,1743.74,7,41,69,812.69,0,0,0
TX_002714,1861.84,22,57,16,648.28,0,0,0
TX_002715,11.76,13,38,54,933.49,1,0,0
TX_002716,1502.5,23,46,63,625.43,0,0,0
TX_002717,3234.06,3,68,18,581.22,0,0,0
TX_002718,4871.1,5,74,17,652.85,0,0,0
TX_002719,4236.07,18,77,99,786.47,0,1,0
TX_002720,122.86,23,40,82,898.84,0,1,0
TX_002721,4493.31,3,50,4,266.81,0,0,0
TX_002722,3917.08,2,25,95,200.89,0,0,0
TX_002723,3902.98,19,59,95,34.35,1,0,0
TX_002724,2292.69,5,30,9,370.08,0,1,0
TX_002725,1993.04,22,22,31,846.19,0,0,0
TX_002726,1518.06,6,71,5,69.86,0,0,0
TX_002727,333.15,13,58,16,538.52,0,0,0
TX_002728,1145.04,11,27,42,694.79,0,1,0
TX_002729,1236.79,15,31,41,836.85,0,1,0
TX_002730,2422.96,19,41,80,583.43,0,0,0
TX_002731,3738.48,7,79,84,186.32,0,0,0
TX_002732,2371.68,22,28,30,964.54,0,0,0
TX_002733,293.93,1,63,26,94.65,0,0,0
TX_002734,4789.16,12,79,49,769.0,0,0,0
TX_002735,4713.91,7,20,31,86.56,0,0,0
TX_002736,3927.02,20,46,50,143.42,0,0,0
TX_002737,4956.68,19,70,15,898.22,0,0,0
TX_002738,2724.69,15,65,52,753.07,0,0,0
TX_002739,4814.03,3,69,38,365.51,0,0,0
TX_002740,382.65,15,47,38,638.72,1,0,0
TX_002741,1831.58,19,66,60,457.25,1,0,0
TX_002742,1130.78,5,54,20,66.54,0,0,0
TX_002743,983.19,3,75,99,721.13,0,0,0
TX_002744,708.31,15,24,87,763.26,1,0,0
TX_002745,3113.96,22,34,44,882.34,1,0,0
TX_002746,3907.7,22,37,89,540.64,0,0,0
TX_002747,2893.6,20,71,63,673.14,0,0,0
TX_002748,739.08,12,28,50,438.05,0,0,0
TX_002749,4056.56,4,61,22,318.91,0,1,0
TX_002750,3181.59,14,42,72,411.7,0,0,0
TX_002751,1943.89,7,76,54,911.75,0,0,0
TX_002752,3372.28,6,41,9,164.17,1,0,0
TX_002753,1303.23,13,19,15,248.5,0,0,0
TX_002754,1729.24,6,44,48,606.19,0,0,0
TX_002755,4587.84,21,36,20,116.28,0,0,0
TX_002756,1456.07,6,75,35,891.86,0,1,0
TX_002757,2352.59,22,46,67,47.24,0,1,0
TX_002758,4451.25,17,54,60,755.31,0,1,0
TX_002759,3540.07,9,28,98,373.73,0,0,0
TX_002760,315.71,17,72,34,51.17,0,0,0
TX_002761,740.78,13,36,99,842.93,0,0,0
TX_002762,44.17,9,45,73,640.46,0,0,0
TX_002763,3156.45,6,56,94,8.86,0,0,0
TX_002764,2241.13,6,38,54,267.53,0,0,0
TX_002765,675.7,6,43,90,352.05,0,0,0
TX_002766,4789.88,4,39,12,322.58,0,0,0
TX_002767,2650.65,0,23,88,498.34,1,0,0
TX_002768,1213.26,13,28,19,526.8,0,0,0
TX_002769,2505.51,17,76,80,396.75,0,0,0
TX_002770,3399.7,12,31,26,331.77,1,0,0
TX_002771,385.81,7,77,23,504.41,1,0,0
TX_002772,1377.15,7,53,33,33.62,0,0,0
TX_002773,4035.79,9,77,57,645.2,1,0,0
TX_002774,2301.03,16,57,30,605.98,0,0,0
TX_002775,2735.15,5,58,23,279.22,0,0,0
TX_002776,2166.92,14,19,74,179.52,0,0,0
TX_002777,224.28,14,74,36,72.98,0,0,0
TX_002778,832.92,15,60,95,587.34,0,0,0
TX_002779,2230.48,7,77,86,568.9,1,0,0
TX_002780,1049.88,18,37,43,533.32,0,0,0
TX_002781,254.65,19,39,66,985.62,1,0,0
TX_002782,4219.03,14,79,53,531.54,0,0,0
TX_002783,4906.06,2,56,87,721.79,0,0,0
TX_002784,3966.75,5,21,99,112.92,0,0,0
TX_002785,4269.66,7,73,60,298.97,0,0,0
TX_002786,1213.68,15,46,37,275.45,0,0,0
TX_002787,4803.33,14,63,61,575.98,0,0,0
TX_002788,988.64,12,75,96,330.81,0,0,0
TX_002789,4757.39,19,41,53,641.07,0,0,0
TX_002790,4974.12,14,18,12,690.09,0,0,0
TX_002791,3560.06,17,41,35,33.69,0,0,0
TX_002792,4905.81,12,75,67,639.76,0,0,0
TX_002793,2849.85,23,47,98,116.79,0,0,0
TX_002794,1301.41,7,29,38,465.14,0,0,0
TX_002795,2187.79,13,36,24,726.58,1,0,0
TX_002796,2969.84,10,54,81,703.34,0,0,0
TX_002797,370.04,5,79,40,299.82,0,0,0
TX_002798,3113.6,23,75,65,272.37,0,0,0
TX_002799,4905.98,0,57,57,440.23,0,0,0
TX_002800,954.59,1,60,72,188.67,0,0,0
TX_002801,3964.01,12,71,79,974.7,0,0,0
TX_002802,4539.95,0,21,45,344.92,0,0,0
TX_002803,4718.79,23,32,89,922.99,0,0,0
TX_002804,4800.88,23,37,72,908.26,0,0,0
TX_002805,2609.69,3,61,96,364.85,0,0,0
TX_002806,4886.65,23,37,13,254.08,0,0,0
TX_002807,3787.76,22,71,79,770.84,1,0,0
TX_002808,812.55,1,72,6,229.38,0,0,0
TX_002809,2387.12,20,78,97,521.25,0,0,0
TX_002810,3593.06,19,38,71,110.69,0,0,0
TX_002811,1240.46,15,27,97,385.93,0,0,0
TX_002812,3204.87,2,47,47,78.15,0,0,0
TX_002813,3334.67,16,41,93,283.44,0,1,0
TX_002814,817.69,4,65,44,665.29,0,0,0
TX_002815,2827.6,7,72,32,991.31,0,0,0
TX_002816,3859.28,11,57,3,254.81,0,0,0
TX_002817,2496.98,22,69,54,473.32,1,0,0
TX_002818,65.46,11,57,84,448.05,0,1,0
TX_002819,50.15,0,78,78,184.15,1,0,0
TX_002820,1788.36,0,55,92,610.07,0,0,0
TX_002821,4631.34,14,20,38,724.7,1,0,0
TX_002822,1147.24,16,46,4,147.22,0,0,0
TX_002823,3173.65,1,25,79,757.12,0,0,0
TX_002824,1114.27,16,46,17,700.16,0,0,0
TX_002825,1611.74,19,72,37,197.34,1,0,0
TX_002826,4240.97,8,27,88,648.95,0,1,0
TX_002827,3645.66,11,22,36,393.67,0,0,0
TX_002828,481.52,3,28,58,681.14,1,0,0
TX_002829,2146.37,12,21,41,496.1,0,1,0
TX_002830,150.7,3,66,8,48.14,0,0,0
TX_002831,2407.05,6,75,67,786.97,0,0,0
TX_002832,3313.86,13,52,30,555.6,0,0,0
TX_002833,596.92,8,67,86,724.79,0,0,0
TX_002834,1447.98,22,57,52,126.07,0,0,0
TX_002835,1992.19,0,79,97,721.27,1,0,0
TX_002836,4598.06,0,73,25,413.67,0,0,0
TX_002837,4966.31,19,29,52,799.27,1,0,1
TX_002838,229.33,3,38,59,599.17,0,0,0
TX_002839,3806.23,0,33,30,354.9,0,0,0
TX_002840,1861.76,21,31,67,201.92,0,0,0
TX_002841,1965.33,9,38,4,815.92,0,0,0
TX_002842,3772.55,1,65,93,560.19,0,0,0
TX_002843,4592.54,20,44,57,987.47,0,0,0
TX_002844,4754.89,23,53,63,373.49,0,0,0
TX_002845,2887.73,14,18,32,685.72,0,0,0
TX_002846,1788.82,2,18,87,622.82,0,0,0
TX_002847,3938.81,22,78,83,637.58,0,0,0
TX_002848,1258.75,8,39,79,736.98,0,0,0
TX_002849,2822.55,16,32,51,139.11,0,0,0
TX_002850,1796.1,20,69,63,549.64,1,0,0
TX_002851,3284.87,12,37,80,509.13,0,0,0
TX_002852,1205.79,2,20,87,342.53,1,0,0
TX_002853,962.01,3,31,1,436.15,0,1,0
TX_002854,4591.6,3,26,19,518.81,1,0,1
TX_002855,513.51,10,36,35,320.92,0,0,0
TX_002856,2532.26,6,57,63,293.16,0,0,0
TX_002857,1108.16,10,51,94,738.27,0,0,0
TX_002858,199.46,23,21,81,66.92,1,0,0
TX_002859,184.91,10,50,26,312.96,0,0,0
TX_002860,880.23,9,60,13,653.71,0,0,0
TX_002861,4334.52,4,54,86,208.77,0,0,0
TX_002862,1415.98,12,19,23,572.27,0,1,0
TX_002863,4752.54,11,44,97,302.16,0,0,0
TX_002864,2910.2,9,62,91,843.3,0,0,0
TX_002865,2185.89,6,34,35,349.99,0,0,0
TX_002866,2902.54,18,66,12,229.52,0,0,0
TX_002867,2585.91,18,67,9,530.1,0,0,0
TX_002868,3795.09,18,70,98,135.66,0,0,0
TX_002869,1416.07,11,77,78,797.48,0,0,0
TX_002870,1768.49,19,48,67,680.03,0,0,0
TX_002871,4471.0,21,58,44,770.51,0,0,0
TX_002872,4732.55,14,23,61,398.88,0,1,0
TX_002873,4463.33,4,77,21,835.0,0,1,1
TX_002874,2100.14,23,69,7,493.55,0,0,0
TX_002875,3902.93,13,48,97,94.7,0,0,0
TX_002876,2384.3,11,20,99,224.03,0,0,0
TX_002877,2490.21,20,57,11,711.05,0,0,0
TX_002878,1027.38,10,20,45,896.42,0,0,0
TX_002879,2957.7,4,50,32,95.19,0,1,0
TX_002880,934.75,15,69,86,864.21,0,0,0
TX_002881,1661.17,17,76,83,799.07,0,0,0
TX_002882,4275.88,11,30,36,356.56,0,0,0
TX_002883,1039.34,4,38,37,689.28,0,0,0
TX_002884,360.44,15,54,75,186.95,0,0,0
TX_002885,349.69,11,33,41,813.39,0,1,0
TX_002886,4704.22,22,38,77,657.34,0,0,0
TX_002887,2537.07,1,73,92,438.83,0,0,0
TX_002888,2050.01,5,65,49,864.52,0,0,0
TX_002889,4055.34,22,73,15,139.23,0,0,0
TX_002890,4179.95,20,61,13,845.79,0,0,0
TX_002891,1664.29,3,30,53,23.89,0,1,0
TX_002892,3469.62,12,21,33,753.2,0,0,0
TX_002893,3856.76,9,48,72,573.36,0,0,0
TX_002894,3274.98,16,26,32,696.72,0,0,0
TX_002895,762.22,13,65,48,412.34,1,1,0
TX_002896,4380.04,23,50,68,864.44,0,1,0
TX_002897,2697.78,14,54,57,313.15,0,0,0
TX_002898,1415.95,7,70,62,274.96,0,0,0
TX_002899,2129.01,22,54,82,301.75,0,0,0
TX_002900,192.67,23,41,87,774.36,1,0,0
TX_002901,643.69,17,42,93,495.29,0,0,0
TX_002902,3828.91,2,68,2,537.09,0,0,0
TX_002903,5.06,16,58,77,831.66,1,0,0
TX_002904,2085.75,23,46,16,833.37,0,0,0
TX_002905,2614.94,23,76,8,161.74,0,0,0
TX_002906,277.9,6,57,19,549.77,0,0,0
TX_002907,4865.53,12,68,32,126.02,0,0,0
TX_002908,1134.5,15,67,67,868.53,0,0,0
TX_002909,1524.47,4,64,32,837.01,0,0,0
TX_002910,1523.19,3,53,85,849.35,0,0,0
TX_002911,1155.93,9,32,25,704.86,0,0,0
TX_002912,12.36,12,62,53,466.88,0,0,0
TX_002913,3648.08,9,77,81,404.72,0,0,0
TX_002914,4834.39,13,35,25,395.22,1,0,0
TX_002915,1125.35,21,37,33,66.21,0,0,0
TX_002916,3316.92,11,22,31,948.87,0,0,0
TX_002917,3710.77,0,35,36,450.28,1,0,0
TX_002918,4242.88,20,77,87,930.11,0,0,0
TX_002919,2116.03,19,57,89,879.26,0,0,0
TX_002920,1518.14,19,18,49,828.61,0,0,0
TX_002921,1629.85,6,36,44,588.31,0,0,0
TX_002922,3564.54,8,40,48,101.56,0,0,0
TX_002923,4084.81,7,43,30,323.91,1,0,0
TX_002924,912.16,12,66,13,603.59,0,0,0
TX_002925,1857.85,13,46,43,13.46,0,0,0
TX_002926,4510.19,11,76,93,42.63,0,0,0
TX_002927,4034.43,7,51,16,677.66,0,0,0
TX_002928,4924.37,20,36,91,888.2,0,0,0
TX_002929,3772.47,21,79,26,855.16,1,0,0
TX_002930,1969.01,17,65,75,168.15,0,0,0
TX_002931,2955.24,15,79,47,911.23,0,0,0
TX_002932,3306.77,10,35,37,696.3,0,1,0
TX_002933,396.89,15,19,3,716.33,0,0,0
TX_002934,2724.76,13,77,26,304.04,0,0,0
TX_002935,3548.06,2,44,98,716.0,0,0,0
TX_002936,840.77,20,23,97,709.77,0,1,0
TX_002937,3904.26,1,56,15,594.67,0,1,0
TX_002938,2920.95,2,23,66,357.29,0,0,0
TX_002939,4761.35,3,76,28,811.01,0,0,0
TX_002940,216.9,21,23,84,937.52,0,0,0
TX_002941,1330.3,4,48,38,869.89,0,0,0
TX_002942,3009.76,9,58,44,242.98,0,0,0
TX_002943,1486.32,19,57,53,445.67,0,0,0
TX_002944,3573.55,1,47,80,342.41,0,0,0
TX_002945,3796.23,11,73,4,707.48,0,0,0
TX_002946,517.07,4,71,72,831.49,0,0,0
TX_002947,2571.7,4,38,44,215.8,0,0,0
TX_002948,2546.91,22,58,46,947.28,0,0,0
TX_002949,1849.56,0,61,84,677.33,0,0,0
TX_002950,4664.96,3,35,26,218.45,0,0,0
TX_002951,4138.39,20,40,96,371.09,0,0,0
TX_002952,3487.56,23,55,13,104.61,0,0,0
TX_002953,3573.06,11,40,69,597.07,1,0,0
TX_002954,2311.27,11,45,44,169.19,0,0,0
TX_002955,4605.37,15,53,53,693.09,1,0,0
TX_002956,3474.5,23,42,51,737.25,0,0,0
TX_002957,3646.26,16,24,13,479.33,1,1,1
TX_002958,4309.15,20,35,41,93.82,0,0,0
TX_002959,1373.99,9,78,11,610.87,0,0,0
TX_002960,4036.32,16,37,37,372.21,0,0,0
TX_002961,980.23,16,22,60,949.65,0,0,0
TX_002962,1729.98,17,35,32,513.21,0,0,0
TX_002963,1681.37,1,59,45,72.27,0,0,0
TX_002964,4892.73,3,57,18,636.05,0,0,0
TX_002965,4283.4,18,50,93,779.35,0,0,0
TX_002966,3507.34,10,32,79,160.5,0,0,0
TX_002967,3636.65,16,52,20,449.06,0,0,0
TX_002968,2812.55,11,64,44,743.2,0,0,0
TX_002969,4735.72,1,63,36,20.49,0,0,0
TX_002970,2483.81,5,18,69,28.97,0,0,0
TX_002971,1905.69,8,38,37,676.91,0,0,0
TX_002972,819.36,4,25,33,725.13,0,0,0
TX_002973,3932.1,19,24,82,845.87,0,0,0
TX_002974,3673.55,20,58,19,399.6,0,0,0
TX_002975,1924.85,8,67,51,389.78,0,0,0
TX_002976,130.84,22,61,32,552.37,0,0,0
TX_002977,4195.79,7,57,22,757.33,1,0,0
TX_002978,62.03,19,57,1,640.99,1,1,0
TX_002979,3519.98,7,47,54,327.32,0,0,0
TX_002980,4851.43,21,55,89,346.55,1,0,0
TX_002981,2191.12,20,52,20,763.0,0,0,0
TX_002982,1178.69,22,19,58,534.65,0,0,0
TX_002983,3525.83,5,63,35,97.98,0,0,0
TX_002984,4086.56,2,25,70,152.99,0,0,0
TX_002985,2734.42,4,55,70,851.19,1,0,0
TX_002986,4835.34,8,21,61,998.8,0,0,0
TX_002987,263.09,6,54,63,335.68,0,0,0
TX_002988,2526.45,3,38,61,386.7,0,0,0
TX_002989,3593.68,6,30,57,154.49,1,0,0
TX_002990,4313.89,4,26,3,235.71,0,0,0
TX_002991,900.38,10,62,95,424.63,0,0,0
TX_002992,4001.02,14,46,99,284.39,0,0,0
TX_002993,2765.77,1,58,45,701.42,1,0,0
TX_002994,1985.79,12,73,15,537.85,0,0,0
TX_002995,662.92,21,41,17,822.3,0,0,0
TX_002996,4327.15,15,33,15,724.52,0,0,0
TX_002997,790.58,6,29,5,128.1,0,0,0
TX_002998,1552.39,7,19,86,123.39,0,0,0
TX_002999,1453.78,5,79,46,895.65,0,0,0
TX_003000,4357.71,23,36,11,819.51,0,0,0
TX_003001,3365.15,6,47,64,467.92,0,0,0
TX_003002,3984.42,17,33,92,130.36,0,1,0
TX_003003,1256.09,21,41,14,898.58,0,0,0
TX_003004,3126.25,21,30,39,230.7,0,1,0
TX_003005,2860.87,19,22,67,35.53,0,0,0
TX_003006,4164.99,6,40,55,924.24,1,0,0
TX_003007,4530.9,2,79,42,808.94,0,0,0
TX_003008,65.72,4,73,75,693.48,0,0,0
TX_003009,3371.73,0,55,94,34.03,0,0,0
TX_003010,263.92,14,48,5,528.43,0,0,0
TX_003011,2746.55,2,70,52,653.64,0,0,0
TX_003012,1441.73,7,73,22,759.35,0,0,0
TX_003013,1537.35,8,34,77,471.07,1,0,0
TX_003014,1768.03,14,66,44,953.35,0,0,0
TX_003015,3108.36,9,66,85,244.78,0,0,0
TX_003016,1673.58,1,20,59,69.73,0,0,0
TX_003017,3664.83,19,43,25,332.77,1,0,0
TX_003018,2025.61,4,30,21,661.8,0,0,0
TX_003019,346.42,18,61,92,737.16,0,0,0
TX_003020,3919.88,12,55,64,738.5,0,0,0
TX_003021,1432.36,10,39,68,110.67,0,0,0
TX_003022,2166.67,0,38,93,885.09,1,1,1
TX_003023,3428.79,21,46,47,280.83,0,0,0
TX_003024,1665.62,14,62,35,209.91,0,0,0
TX_003025,287.65,17,63,87,614.46,1,0,0
TX_003026,1872.74,15,56,7,211.85,0,0,0
TX_003027,4722.52,8,22,56,508.04,0,0,0
TX_003028,3210.46,0,31,52,407.03,0,0,0
TX_003029,3359.04,10,35,46,232.03,0,0,0
TX_003030,3163.25,8,21,9,292.06,0,0,0
TX_003031,998.97,22,50,58,427.41,0,0,0
TX_003032,2094.58,10,56,23,346.16,0,1,0
TX_003033,3755.94,12,37,3,381.58,0,0,0
TX_003034,511.36,1,30,61,735.43,1,0,0
TX_003035,1392.87,13,53,9,168.38,0,0,0
TX_003036,1385.21,5,62,53,627.62,0,1,0
TX_003037,2162.93,7,21,68,678.16,0,0,0
TX_003038,4901.94,17,52,49,802.09,0,0,0
TX_003039,342.18,15,25,89,847.33,0,0,0
TX_003040,2595.91,20,69,70,158.67,1,0,0
TX_003041,900.93,11,57,48,138.26,0,0,0
TX_003042,4853.53,10,74,82,614.77,0,0,0
TX_003043,570.95,5,66,7,756.92,1,0,0
TX_003044,2020.99,2,64,99,272.33,0,0,0
TX_003045,3690.74,13,53,31,525.85,0,0,0
TX_003046,3524.25,1,23,56,772.24,1,0,1
TX_003047,2116.53,10,73,96,767.5,0,0,0
TX_003048,1735.89,21,79,99,653.82,1,0,0
TX_003049,1991.07,2,39,61,78.79,0,0,0
TX_003050,1325.06,17,77,92,50.64,0,0,0
TX_003051,1030.64,0,23,5,388.45,0,0,0
TX_003052,2417.78,23,59,30,26.69,0,0,0
TX_003053,1346.33,0,53,22,904.14,0,0,0
TX_003054,1440.87,11,26,17,20.14,1,1,0
TX_003055,3285.5,14,33,10,29.61,0,0,0
TX_003056,4842.84,4,56,71,165.33,0,0,0
TX_003057,3020.17,5,63,68,627.02,0,0,0
TX_003058,389.51,15,76,42,541.55,0,0,0
TX_003059,382.54,11,55,27,659.49,0,0,0
TX_003060,4757.36,11,50,7,893.56,0,0,0
TX_003061,1489.97,2,35,23,454.95,1,0,0
TX_003062,464.87,22,29,75,43.88,1,0,0
TX_003063,2997.23,1,71,8,763.5,0,0,0
TX_003064,3120.13,6,44,8,811.96,0,0,0
TX_003065,3244.28,1,64,5,49.89,0,0,0
TX_003066,1340.67,20,18,71,242.85,0,0,0
TX_003067,80.48,6,32,86,770.6,1,0,0
TX_003068,4825.25,10,64,2,376.16,0,1,0
TX_003069,1258.21,10,44,88,472.65,1,1,0
TX_003070,3381.75,13,33,51,823.18,0,0,0
TX_003071,3534.62,2,38,66,94.62,0,0,0
TX_003072,3051.99,13,18,12,677.28,0,0,0
TX_003073,1567.97,10,46,47,214.98,0,0,0
TX_003074,1359.13,3,20,55,62.65,1,0,0
TX_003075,2990.35,16,29,26,662.5,0,0,0
TX_003076,4331.15,15,77,45,121.41,1,0,0
TX_003077,4733.93,2,45,62,747.01,0,0,0
TX_003078,534.0,9,56,70,202.71,0,0,0
TX_003079,778.37,20,54,87,48.51,0,0,0
TX_003080,4723.96,14,48,2,99.3,0,0,0
TX_003081,3683.99,7,77,26,841.27,0,0,0
TX_003082,4415.55,17,48,14,370.97,0,0,0
TX_003083,1017.15,2,75,82,302.27,0,0,0
TX_003084,2939.99,6,50,57,491.2,1,0,0
TX_003085,3507.19,9,50,32,632.93,0,0,0
TX_003086,3402.16,19,64,62,37.1,0,0,0
TX_003087,2043.72,8,57,78,898.19,0,0,0
TX_003088,81.9,13,28,30,958.48,0,0,0
TX_003089,2916.72,22,63,13,417.31,0,0,0
TX_003090,1269.24,13,46,40,412.63,0,1,0
TX_003091,2254.02,10,42,31,878.56,0,0,0
TX_003092,4788.12,0,72,37,429.31,0,0,0
TX_003093,1998.18,3,30,45,856.19,0,1,0
TX_003094,4199.81,5,68,86,28.34,0,0,0
TX_003095,946.76,21,61,59,489.65,0,0,0
TX_003096,3363.94,21,71,28,952.43,0,0,0
TX_003097,4885.15,4,36,61,252.8,0,0,0
TX_003098,513.96,2,75,19,266.15,0,0,0
TX_003099,46.56,1,53,43,630.12,0,0,0
TX_003100,2170.75,2,45,59,926.19,1,0,0
TX_003101,467.66,8,21,16,198.74,0,0,0
TX_003102,3743.18,18,20,69,921.65,0,0,0
TX_003103,4573.17,18,75,44,663.0,1,0,0
TX_003104,2172.93,16,55,66,993.05,0,0,0
TX_003105,1297.26,17,54,10,736.46,0,0,0
TX_003106,2174.84,10,60,47,667.8,0,0,0
TX_003107,3618.62,11,42,19,814.9,1,0,0
TX_003108,50.23,2,58,84,175.14,0,0,0
TX_003109,2949.32,17,52,93,945.99,1,0,0
TX_003110,3068.39,23,46,89,165.6,0,0,0
TX_003111,3190.25,5,58,81,25.67,0,0,0
TX_003112,1213.9,6,46,51,697.86,0,0,0
TX_003113,3571.69,0,29,13,184.6,0,0,0
TX_003114,461.5,5,52,63,758.75,1,0,0
TX_003115,1000.36,17,37,16,795.04,0,0,0
TX_003116,4387.96,12,34,53,236.7,0,0,0
TX_003117,3694.92,21,70,35,86.72,0,0,0
TX_003118,73.66,18,29,59,500.82,0,0,0
TX_003119,1245.64,6,74,39,890.22,0,0,0
TX_003120,1075.96,18,67,67,847.29,0,0,0
TX_003121,1357.68,8,53,73,117.08,0,0,0
TX_003122,1241.56,2,27,61,964.78,0,0,0
TX_003123,317.32,22,35,50,263.95,1,0,0
TX_003124,2297.41,11,47,53,349.39,0,0,0
TX_003125,3665.0,19,25,46,149.05,0,0,0
TX_003126,3035.62,23,58,52,377.8,0,0,0
TX_003127,3365.99,17,68,29,635.64,1,0,0
TX_003128,410.34,7,30,5,506.08,0,0,0
TX_003129,4757.7,8,48,67,827.54,0,0,0
TX_003130,4193.27,12,74,74,641.3,0,0,0
TX_003131,4026.43,7,23,95,263.54,0,0,0
TX_003132,4115.8,21,71,75,557.44,0,0,0
TX_003133,4663.89,9,24,81,64.19,0,0,0
TX_003134,2723.55,16,77,40,580.79,0,0,0
TX_003135,1005.41,6,38,72,389.66,0,0,0
TX_003136,3085.83,16,55,2,98.4,0,0,0
TX_003137,3715.69,22,60,68,307.46,0,0,0
TX_003138,3690.9,17,66,62,898.09,0,1,0
TX_003139,2609.64,23,68,80,586.04,0,0,0
TX_003140,346.95,1,45,58,903.26,1,0,0
TX_003141,1858.71,2,74,85,410.8,0,0,0
TX_003142,4604.23,18,61,69,978.91,0,1,1
TX_003143,2924.32,0,38,58,360.02,0,0,0
TX_003144,2693.97,20,38,35,756.8,0,1,0
TX_003145,1347.92,20,41,14,305.4,0,0,0
TX_003146,1845.4,9,44,15,105.99,0,0,0
TX_003147,4477.25,20,44,6,833.06,0,1,0
TX_003148,3333.98,13,30,16,762.58,0,1,0
TX_003149,3938.0,12,67,87,820.63,0,0,0
TX_003150,2274.46,8,46,95,299.69,0,0,0
TX_003151,3153.08,5,56,46,703.66,0,0,0
TX_003152,1245.68,5,74,63,219.92,0,0,0
TX_003153,3528.78,18,72,12,11.31,0,0,0
TX_003154,2140.87,20,45,41,866.49,0,0,0
TX_003155,2215.51,9,54,19,523.53,0,0,0
TX_003156,3248.37,22,46,76,983.65,0,0,0
TX_003157,4681.72,2,65,77,385.04,0,0,0
TX_003158,324.71,17,39,2,956.87,0,0,0
TX_003159,4124.59,20,53,20,615.06,0,0,0
TX_003160,1465.45,18,47,95,512.21,0,0,0
TX_003161,2222.38,4,45,9,302.81,0,0,0
TX_003162,114.46,10,40,21,825.28,0,0,0
TX_003163,1508.73,9,50,8,828.79,0,0,0
TX_003164,2515.64,16,21,39,416.93,0,0,0
TX_003165,285.6,3,20,37,727.29,0,0,0
TX_003166,2458.02,20,78,29,447.24,1,0,0
TX_003167,4635.92,17,49,83,739.66,0,1,0
TX_003168,531.44,17,21,35,994.19,1,0,0
TX_003169,3823.38,0,18,38,262.5,0,0,0
TX_003170,2051.31,13,29,90,634.05,1,0,0
TX_003171,3277.59,7,30,75,379.88,1,0,0
TX_003172,1304.88,1,51,35,548.37,0,0,0
TX_003173,801.66,18,77,68,874.15,0,0,0
TX_003174,806.51,14,76,3,347.58,0,1,0
TX_003175,357.11,1,46,12,72.39,0,0,0
TX_003176,932.31,3,26,32,798.94,0,0,0
TX_003177,3322.78,0,48,47,555.02,0,1,0
TX_003178,4409.04,18,24,63,449.4,0,0,0
TX_003179,4071.56,20,30,26,183.33,0,0,0
TX_003180,3427.25,9,71,43,92.85,0,0,0
TX_003181,556.61,0,19,77,278.74,0,0,0
TX_003182,1449.49,19,50,44,718.9,0,0,0
TX_003183,1552.49,21,67,38,411.77,0,0,0
TX_003184,1253.53,14,24,29,570.23,1,0,0
TX_003185,2577.45,3,35,55,82.05,0,1,0
TX_003186,2680.09,6,68,52,123.24,0,0,0
TX_003187,1787.65,6,25,19,11.31,0,0,0
TX_003188,1772.18,21,72,35,673.28,0,0,0
TX_003189,4143.64,17,29,48,264.45,0,0,0
TX_003190,3947.52,12,60,91,966.93,0,0,0
TX_003191,1542.44,9,76,60,308.46,0,0,0
TX_003192,4569.37,23,47,31,363.62,0,0,0
TX_003193,4764.31,7,76,3,469.49,0,0,0
TX_003194,1637.08,9,26,35,319.14,0,0,0
TX_003195,1775.35,13,45,88,817.44,0,0,0
TX_003196,2530.64,13,21,52,876.21,0,0,0
TX_003197,4705.9,19,56,71,11.04,1,0,0
TX_003198,4382.22,21,34,51,654.66,0,0,0
TX_003199,517.33,10,28,56,686.09,0,0,0
TX_003200,1966.69,5,76,99,961.42,1,0,0
TX_003201,2769.09,20,19,21,370.4,1,0,0
TX_003202,2518.15,0,40,1,195.28,0,1,0
TX_003203,973.35,18,67,53,520.58,1,0,0
TX_003204,4294.79,6,39,6,447.56,1,0,0
TX_003205,3386.32,23,78,98,791.73,0,0,0
TX_003206,4190.35,17,43,82,903.98,0,0,0
TX_003207,4294.53,2,29,62,86.71,0,1,0
TX_003208,3743.04,19,49,89,846.58,1,0,0
TX_003209,2198.86,10,26,79,908.97,0,0,0
TX_003210,3054.68,4,60,47,924.14,0,0,0
TX_003211,806.03,18,22,96,764.31,1,0,0
TX_003212,3369.86,20,43,50,742.08,1,0,0
TX_003213,900.37,23,24,82,14.9,0,0,0
TX_003214,3471.28,23,46,31,920.19,0,0,0
TX_003215,1151.84,1,50,64,351.51,0,0,0
TX_003216,592.17,21,41,29,41.12,1,0,0
TX_003217,830.6,3,42,15,412.98,1,0,0
TX_003218,14.95,9,48,58,732.85,0,1,0
TX_003219,3595.1,1,46,23,441.96,1,0,0
TX_003220,3663.34,7,22,38,758.01,0,0,0
TX_003221,2577.09,0,55,41,509.41,0,0,0
TX_003222,811.01,5,62,75,299.43,0,0,0
TX_003223,422.35,10,28,15,202.91,0,0,0
TX_003224,100.55,9,49,87,421.1,0,0,0
TX_003225,832.91,12,25,3,35.8,0,0,0
TX_003226,4454.82,0,37,83,422.54,1,0,1
TX_003227,1211.48,1,51,1,68.62,0,0,0
TX_003228,1774.59,2,64,88,877.0,1,0,0
TX_003229,531.2,8,59,75,575.48,0,0,0
TX_003230,1115.69,4,25,94,646.04,0,0,0
TX_003231,2598.53,9,19,11,288.86,0,0,0
TX_003232,3040.72,9,38,60,225.82,1,0,0
TX_003233,1230.53,11,32,65,707.91,0,0,0
TX_003234,293.37,17,78,76,671.57,1,0,0
TX_003235,1958.21,20,23,4,122.68,0,0,0
TX_003236,1174.85,20,22,25,238.64,0,1,0
TX_003237,1101.67,0,71,72,946.58,1,0,0
TX_003238,4799.51,2,71,79,304.18,0,0,0
TX_003239,3083.42,4,20,43,25.83,0,0,0
TX_003240,2786.61,16,60,94,63.78,0,1,0
TX_003241,2081.8,7,60,40,775.49,0,0,0
TX_003242,2147.58,16,33,96,757.16,0,0,0
TX_003243,2706.82,8,52,99,381.83,0,0,0
TX_003244,3483.67,5,26,85,153.2,1,0,0
TX_003245,3512.22,16,52,95,498.11,0,0,0
TX_003246,862.61,7,36,91,331.89,0,1,0
TX_003247,2503.06,20,60,44,373.97,0,0,0
TX_003248,2062.73,6,63,72,260.99,0,0,0
TX_003249,4353.28,6,51,59,62.86,0,0,0
TX_003250,3158.94,14,56,23,791.16,0,0,0
TX_003251,2664.86,6,27,62,618.22,0,0,0
TX_003252,581.4,21,27,23,834.64,0,0,0
TX_003253,3030.16,7,37,58,503.2,0,0,0
TX_003254,590.43,8,18,55,984.99,1,0,0
TX_003255,1689.35,14,23,33,962.52,0,0,0
TX_003256,718.5,1,70,77,271.78,0,0,0
TX_003257,3461.91,6,63,63,386.98,0,0,0
TX_003258,1035.23,14,76,60,752.71,0,0,0
TX_003259,1962.34,17,19,99,776.6,0,0,0
TX_003260,4478.9,21,55,61,910.7,0,0,0
TX_003261,1025.56,17,50,80,652.63,0,0,0
TX_003262,2541.49,9,20,76,475.12,0,1,0
TX_003263,2099.26,21,53,61,377.65,1,0,0
TX_003264,95.53,17,30,95,419.18,0,0,0
TX_003265,3964.83,0,52,69,850.41,0,0,0
TX_003266,349.88,6,32,89,980.01,0,0,0
TX_003267,2373.9,2,62,21,51.91,0,0,0
TX_003268,2805.59,13,39,3,580.24,0,0,0
TX_003269,3143.99,11,60,48,520.05,0,0,0
TX_003270,3444.71,13,21,10,376.14,0,0,0
TX_003271,1270.1,3,79,87,851.58,0,1,0
TX_003272,54.84,12,34,81,575.74,0,0,0
TX_003273,3618.6,15,22,42,313.12,1,0,0
TX_003274,2680.6,15,38,99,444.1,1,0,0
TX_003275,4181.41,21,74,89,356.8,0,0,0
TX_003276,4107.83,4,41,66,430.09,0,0,0
TX_003277,4217.41,19,48,91,71.27,0,1,0
TX_003278,2428.05,5,57,46,111.92,1,0,0
TX_003279,1671.47,5,70,9,623.69,1,0,0
TX_003280,3958.83,17,73,49,684.07,0,0,0
TX_003281,2259.21,5,47,4,636.62,0,0,0
TX_003282,921.29,6,59,60,763.08,1,0,0
TX_003283,4275.6,23,24,90,943.53,0,0,0
TX_003284,4413.39,23,66,96,860.62,0,1,0
TX_003285,2334.22,15,77,29,418.51,0,1,0
TX_003286,383.12,8,24,86,217.54,1,0,0
TX_003287,1942.19,12,44,47,311.85,0,0,0
TX_003288,4018.67,11,41,77,587.74,1,0,0
TX_003289,4509.36,18,36,87,856.21,0,0,0
TX_003290,1021.35,22,58,63,701.72,0,0,0
TX_003291,339.53,22,73,31,543.01,0,0,0
TX_003292,4387.37,0,51,51,601.88,0,1,1
TX_003293,1950.08,7,39,41,528.26,0,0,0
TX_003294,2711.1,3,69,36,971.63,0,0,0
TX_003295,4840.49,20,68,40,816.09,1,0,1
TX_003296,337.49,21,44,95,781.28,1,0,0
TX_003297,3243.35,18,23,60,517.33,0,1,0
TX_003298,375.16,20,27,15,331.81,0,1,0
TX_003299,1880.47,4,62,78,19.51,1,0,0
TX_003300,4020.05,16,48,99,43.43,1,0,0
TX_003301,2170.19,2,42,88,30.24,1,0,0
TX_003302,4985.93,18,19,30,980.48,0,0,0
TX_003303,2797.5,0,27,30,114.48,0,0,0
TX_003304,1609.2,22,27,27,142.12,1,0,0
TX_003305,1104.46,0,43,40,484.15,0,0,0
TX_003306,1755.85,22,22,78,481.4,0,0,0
TX_003307,1865.8,19,39,45,919.97,1,1,0
TX_003308,348.22,8,21,75,73.53,0,1,0
TX_003309,1851.02,22,72,47,957.24,0,1,0
TX_003310,2323.87,4,51,90,216.39,0,0,0
TX_003311,3615.08,6,24,56,970.15,0,0,0
TX_003312,3285.36,5,67,54,541.32,0,0,0
TX_003313,3545.28,16,34,85,652.01,0,0,0
TX_003314,46.78,21,28,9,315.73,0,0,0
TX_003315,1092.25,16,70,65,611.82,1,0,0
TX_003316,3310.11,12,67,70,710.83,0,1,0
TX_003317,2422.53,11,25,1,10.37,0,1,0
TX_003318,31.54,3,45,86,34.23,0,0,0
TX_003319,4023.45,7,77,13,986.48,0,0,0
TX_003320,3865.18,4,61,38,457.56,0,0,0
TX_003321,2744.35,4,73,45,935.82,0,0,0
TX_003322,336.98,12,50,40,729.9,0,0,0
TX_003323,3833.74,10,69,95,372.97,1,0,0
TX_003324,2920.65,7,79,15,150.84,0,1,0
TX_003325,3910.89,7,42,50,978.15,0,1,0
TX_003326,3759.98,0,38,2,584.5,1,0,0
TX_003327,4016.0,12,29,53,192.36,0,0,0
TX_003328,2592.45,4,76,95,681.65,0,0,0
TX_003329,705.92,20,43,26,92.05,0,0,0
TX_003330,3357.43,7,46,66,868.04,0,0,0
TX_003331,3104.27,16,55,75,90.14,0,0,0
TX_003332,3712.55,22,52,33,236.19,0,0,0
TX_003333,853.56,22,54,82,91.43,0,0,0
TX_003334,978.9,12,63,85,103.79,0,0,0
TX_003335,4452.6,8,61,59,523.83,0,0,0
TX_003336,3751.14,1,62,95,686.99,0,0,0
TX_003337,4541.6,18,62,26,788.48,1,0,1
TX_003338,3794.78,19,46,94,695.06,0,0,0
TX_003339,2987.79,16,66,21,363.49,0,0,0
TX_003340,3272.39,6,41,49,557.29,0,0,0
TX_003341,4446.19,2,76,80,927.66,0,0,0
TX_003342,2896.14,18,32,71,387.58,0,0,0
TX_003343,3163.79,18,23,86,252.4,0,0,0
TX_003344,786.6,23,49,71,519.32,0,0,0
TX_003345,2372.24,8,61,66,297.34,0,0,0
TX_003346,3583.4,9,51,37,261.82,0,0,0
TX_003347,1358.36,13,53,14,778.8,0,0,0
TX_003348,1015.26,17,37,72,890.84,0,0,0
TX_003349,1572.56,14,74,93,502.32,0,0,0
TX_003350,1211.3,0,74,7,779.78,0,0,0
TX_003351,1078.49,5,70,38,187.09,0,0,0
TX_003352,2127.13,14,29,45,547.64,0,0,0
TX_003353,4539.65,5,52,22,636.2,0,0,0
TX_003354,2537.76,17,66,44,490.66,0,0,0
TX_003355,943.66,0,55,81,116.88,0,1,0
TX_003356,389.47,23,73,80,734.1,0,0,0
TX_003357,3482.3,2,34,97,839.08,0,0,0
TX_003358,1917.08,16,44,35,635.23,0,1,0
TX_003359,4110.05,15,34,60,169.16,0,0,0
TX_003360,3299.26,7,28,96,74.55,0,0,0
TX_003361,3982.23,16,72,3,301.6,0,0,0
TX_003362,1363.37,7,56,67,36.99,0,0,0
TX_003363,3463.33,16,19,72,839.22,1,1,1
TX_003364,1323.99,8,68,95,703.06,0,0,0
TX_003365,4695.65,11,19,55,563.69,0,0,0
TX_003366,3183.69,18,71,9,889.63,0,0,0
TX_003367,1625.94,3,46,69,110.09,0,1,0
TX_003368,1351.21,20,62,28,714.46,0,0,0
TX_003369,958.68,21,41,15,146.63,0,0,0
TX_003370,3474.73,10,41,91,60.93,0,1,0
TX_003371,1097.48,3,33,31,132.9,0,1,0
TX_003372,2978.54,13,48,59,950.94,0,0,0
TX_003373,1326.85,13,66,82,440.43,1,0,0
TX_003374,3311.53,5,60,54,49.0,0,0,0
TX_003375,4075.62,16,26,68,583.63,1,0,0
TX_003376,3891.24,1,44,85,199.71,1,0,0
TX_003377,3805.45,7,73,47,6.84,0,1,0
TX_003378,942.67,3,58,42,758.39,1,0,0
TX_003379,446.48,9,78,23,154.86,0,0,0
TX_003380,3496.25,6,31,86,942.49,1,0,0
TX_003381,1844.89,3,62,65,592.8,1,0,0
TX_003382,2164.57,15,42,89,87.0,1,0,0
TX_003383,160.59,13,60,54,217.82,0,0,0
TX_003384,1301.58,15,61,92,610.84,0,0,0
TX_003385,173.21,8,39,11,338.11,0,0,0
TX_003386,4396.53,3,52,63,532.14,0,0,0
TX_003387,1220.77,23,50,22,799.51,0,0,0
TX_003388,2788.9,5,44,54,792.6,0,1,0
TX_003389,199.7,0,57,89,697.99,0,0,0
TX_003390,3335.9,6,43,85,886.05,0,0,0
TX_003391,1618.52,0,36,36,199.36,1,1,0
TX_003392,4490.11,18,62,58,177.24,0,0,0
TX_003393,4441.15,7,56,20,799.35,0,0,0
TX_003394,1629.83,2,62,16,320.89,0,1,0
TX_003395,4505.3,0,43,92,512.18,0,0,0
TX_003396,4980.81,0,23,56,743.95,0,0,0
TX_003397,4127.95,6,20,93,395.93,0,0,0
TX_003398,4225.13,20,23,50,130.16,1,0,0
TX_003399,1248.8,12,45,90,679.46,1,0,0
TX_003400,2885.63,0,20,66,817.16,0,0,0
TX_003401,340.94,15,30,74,12.8,0,0,0
TX_003402,479.12,21,30,13,562.55,0,0,0
TX_003403,4994.47,21,79,15,469.41,1,0,0
TX_003404,1636.56,13,74,73,259.6,0,0,0
TX_003405,3742.18,3,30,27,161.03,0,0,0
TX_003406,4034.29,22,18,8,188.04,0,0,0
TX_003407,4290.83,22,78,70,724.97,1,0,0
TX_003408,4988.15,11,57,50,536.2,0,0,0
TX_003409,1211.27,11,54,88,981.15,0,0,0
TX_003410,206.55,16,48,67,243.23,0,0,0
TX_003411,2058.9,20,69,26,956.9,0,0,0
TX_003412,654.75,14,34,36,515.11,1,0,0
TX_003413,117.02,9,26,21,146.03,0,0,0
TX_003414,1805.33,2,62,77,148.18,1,0,0
TX_003415,3919.77,22,74,52,608.57,0,0,0
TX_003416,2833.07,19,30,11,831.42,0,0,0
TX_003417,1567.33,19,54,8,747.71,1,0,0
TX_003418,3273.44,11,31,57,655.63,0,0,0
TX_003419,1163.93,0,28,46,172.11,0,0,0
TX_003420,76.84,0,42,78,108.34,0,1,0
TX_003421,3822.95,9,48,97,0.25,0,0,0
TX_003422,3120.6,17,75,2,101.79,0,0,0
TX_003423,3812.7,14,31,64,766.37,0,0,0
TX_003424,199.5,1,74,52,895.25,0,0,0
TX_003425,4186.41,16,24,65,240.35,0,0,0
TX_003426,3099.53,7,41,11,794.89,0,1,0
TX_003427,2819.16,21,66,6,198.85,0,0,0
TX_003428,3124.95,21,53,96,249.27,0,0,0
TX_003429,4322.84,8,59,79,224.16,0,0,0
TX_003430,2936.75,20,59,76,51.73,0,0,0
TX_003431,2906.85,19,64,64,194.06,0,0,0
TX_003432,4953.44,10,69,93,373.54,0,0,0
TX_003433,3784.87,5,61,55,405.47,0,0,0
TX_003434,2214.26,23,58,44,309.47,0,0,0
TX_003435,3538.45,13,20,86,514.73,1,0,0
TX_003436,1949.21,0,64,14,378.0,0,0,0
TX_003437,1148.23,6,61,83,970.36,0,0,0
TX_003438,2986.28,23,43,5,807.35,1,0,0
TX_003439,4641.27,8,64,99,930.98,0,0,0
TX_003440,4646.05,10,43,25,557.43,0,0,0
TX_003441,1712.82,23,18,50,678.34,1,0,0
TX_003442,2640.75,22,32,73,166.68,1,0,0
TX_003443,1062.12,15,28,71,752.79,0,0,0
TX_003444,4978.18,18,54,82,235.97,0,0,0
TX_003445,4905.68,1,24,2,145.83,0,0,0
TX_003446,3249.3,14,29,10,41.86,1,0,0
TX_003447,4023.05,2,69,2,472.23,0,0,0
TX_003448,3576.93,3,74,60,286.79,0,0,0
TX_003449,2967.83,19,55,45,986.73,0,0,0
TX_003450,271.47,21,71,8,249.83,0,0,0
TX_003451,2276.55,6,20,58,866.54,0,1,0
TX_003452,3375.56,11,59,7,316.44,0,0,0
TX_003453,3389.27,3,75,99,749.13,0,1,0
TX_003454,1868.75,9,70,87,659.84,0,0,0
TX_003455,4708.75,5,43,72,561.78,0,1,0
TX_003456,840.95,21,71,21,416.82,1,0,0
TX_003457,2504.3,13,47,97,671.11,0,0,0
TX_003458,3455.97,2,49,47,407.28,0,0,0
TX_003459,3487.19,16,53,1,548.1,0,0,0
TX_003460,3244.95,10,62,12,589.8,0,0,0
TX_003461,1380.06,9,68,75,267.36,0,0,0
TX_003462,785.25,20,54,48,339.74,0,0,0
TX_003463,3181.52,9,72,94,18.05,0,0,0
TX_003464,2998.51,9,76,4,852.16,0,0,0
TX_003465,900.88,2,71,34,755.98,0,0,0
TX_003466,3527.17,23,35,87,183.53,1,0,0
TX_003467,2278.58,14,18,32,362.05,0,0,0
TX_003468,3340.46,16,70,3,421.07,0,0,0
TX_003469,4187.65,17,38,92,334.38,0,0,0
TX_003470,852.79,18,45,68,798.24,0,0,0
TX_003471,100.63,18,65,57,725.42,0,0,0
TX_003472,3896.62,11,33,76,767.16,0,0,0
TX_003473,3050.44,23,65,24,904.13,0,0,0
TX_003474,3499.7,4,45,33,595.15,0,0,0
TX_003475,4191.58,23,39,3,614.53,0,0,0
TX_003476,4015.04,15,36,4,721.93,0,0,0
TX_003477,4804.8,14,65,30,681.23,0,0,0
TX_003478,2682.0,14,18,70,869.81,0,1,0
TX_003479,2445.04,5,48,49,770.2,0,0,0
TX_003480,2012.43,11,69,30,120.46,0,0,0
TX_003481,772.69,1,69,72,928.36,0,0,0
TX_003482,2865.17,19,59,82,683.1,0,0,0
TX_003483,1388.68,8,51,16,127.15,0,0,0
TX_003484,4606.93,3,63,53,771.97,0,0,0
TX_003485,2918.04,4,57,6,358.41,1,0,0
TX_003486,2966.24,20,23,24,805.98,0,0,0
TX_003487,1777.85,7,45,92,955.41,1,1,0
TX_003488,264.69,21,20,96,255.24,0,1,0
TX_003489,163.56,9,48,89,857.41,0,0,0
TX_003490,2119.56,6,33,28,773.56,0,0,0
TX_003491,427.4,21,34,21,671.18,0,1,0
TX_003492,3036.2,13,61,8,384.92,0,0,0
TX_003493,4405.46,4,44,36,109.86,0,1,0
TX_003494,4415.16,15,68,9,483.9,0,0,0
TX_003495,3296.93,14,41,40,105.67,0,0,0
TX_003496,1060.1,4,37,85,500.15,0,0,0
TX_003497,4315.67,2,49,51,820.29,1,0,1
TX_003498,4431.04,22,52,1,997.64,0,0,0
TX_003499,987.28,9,30,63,198.01,0,0,0
TX_003500,3688.44,4,65,68,207.86,0,0,0
TX_003501,1436.17,22,60,74,810.88,0,0,0
TX_003502,4014.19,14,37,26,469.06,0,0,0
TX_003503,4986.2,17,76,40,915.8,0,0,0
TX_003504,154.98,7,65,3,769.0,0,0,0
TX_003505,4487.34,20,69,9,736.43,0,0,0
TX_003506,3115.04,1,19,32,101.95,0,1,0
TX_003507,4867.05,21,21,67,35.88,1,0,0
TX_003508,2327.72,7,44,4,316.76,0,0,0
TX_003509,4237.7,22,77,6,217.3,0,0,0
TX_003510,316.66,7,42,73,712.31,0,0,0
TX_003511,1679.72,3,21,26,450.73,0,0,0
TX_003512,339.75,18,77,2,523.15,1,0,0
TX_003513,4876.84,22,49,66,813.74,0,0,0
TX_003514,4085.78,17,34,85,478.5,0,1,0
TX_003515,4263.47,20,18,86,544.93,0,0,0
TX_003516,4690.14,22,50,3,842.32,0,0,0
TX_003517,430.09,0,47,35,431.34,1,0,0
TX_003518,1931.06,19,22,59,83.13,0,0,0
TX_003519,359.82,14,71,38,521.71,0,0,0
TX_003520,1057.91,17,29,33,579.36,0,0,0
TX_003521,1150.68,21,55,15,511.8,0,0,0
TX_003522,2348.19,11,49,75,258.05,0,1,0
TX_003523,1346.47,0,55,74,223.69,1,0,0
TX_003524,509.39,6,74,14,369.76,0,0,0
TX_003525,841.62,18,34,66,166.23,0,0,0
TX_003526,740.64,0,75,45,666.02,0,0,0
TX_003527,4865.52,23,71,48,614.67,0,0,0
TX_003528,3797.67,6,62,44,632.4,0,0,0
TX_003529,4838.97,1,57,37,224.8,1,0,1
TX_003530,2201.5,6,49,29,246.53,0,0,0
TX_003531,1395.45,18,41,99,787.39,0,0,0
TX_003532,3992.47,12,29,84,690.11,0,0,0
TX_003533,1634.64,23,64,85,875.18,0,0,0
TX_003534,1500.42,4,48,34,403.51,1,0,0
TX_003535,1166.37,22,36,59,547.33,0,0,0
TX_003536,652.75,18,46,43,738.78,0,1,0
TX_003537,1286.03,0,38,33,974.15,0,0,0
TX_003538,1779.82,0,43,19,989.63,0,0,0
TX_003539,3371.6,17,69,8,999.18,0,0,0
TX_003540,317.51,23,45,31,890.53,0,0,0
TX_003541,1056.48,0,34,11,639.65,1,0,0
TX_003542,4046.07,4,26,8,6.97,0,0,0
TX_003543,738.88,8,38,25,699.54,0,0,0
TX_003544,1716.51,11,67,20,238.6,0,0,0
TX_003545,4323.97,8,77,38,57.17,0,0,0
TX_003546,778.85,17,51,7,697.18,0,0,0
TX_003547,418.27,22,28,77,756.01,0,0,0
TX_003548,2425.27,10,72,39,659.43,0,0,0
TX_003549,1515.59,0,37,74,365.17,0,1,0
TX_003550,2819.22,18,66,72,511.0,1,0,0
TX_003551,4020.01,21,70,20,934.95,0,0,0
TX_003552,690.06,9,67,81,729.61,1,0,0
TX_003553,2905.59,1,64,11,504.68,0,0,0
TX_003554,2530.02,6,56,16,593.45,0,0,0
TX_003555,724.67,19,33,42,927.68,0,0,0
TX_003556,3121.87,1,74,96,393.78,0,1,0
TX_003557,1371.83,18,46,90,101.84,0,0,0
TX_003558,2441.73,5,18,52,325.83,0,0,0
TX_003559,415.95,9,77,37,415.2,0,0,0
TX_003560,2300.62,8,35,52,272.96,0,0,0
TX_003561,1535.79,7,76,9,528.97,0,0,0
TX_003562,4112.79,10,39,35,304.86,1,0,0
TX_003563,289.61,8,25,67,103.18,0,0,0
TX_003564,2095.94,19,24,95,188.07,0,0,0
TX_003565,2294.86,19,42,7,918.16,0,0,0
TX_003566,3626.41,8,47,2,629.6,0,0,0
TX_003567,2873.57,7,51,25,314.31,1,0,0
TX_003568,3337.73,14,61,76,366.92,0,0,0
TX_003569,3886.36,1,65,94,493.38,0,0,0
TX_003570,4311.7,23,58,94,673.13,0,0,0
TX_003571,1572.81,0,69,93,582.18,0,0,0
TX_003572,2692.42,8,28,41,932.7,1,0,0
TX_003573,4201.34,8,32,75,625.75,1,0,0
TX_003574,4947.31,12,52,52,910.79,0,0,0
TX_003575,4448.15,7,40,87,5.43,0,0,0
TX_003576,1860.48,20,70,81,890.56,1,0,0
TX_003577,979.86,4,62,77,721.46,0,0,0
TX_003578,2449.52,2,38,97,172.19,0,1,0
TX_003579,3709.5,20,45,65,263.04,1,0,0
TX_003580,2465.38,3,30,77,542.81,0,0,0
TX_003581,2418.49,16,51,38,124.94,0,0,0
TX_003582,4191.96,15,55,67,785.37,0,1,0
TX_003583,1810.21,15,23,80,791.17,0,1,0
TX_003584,4299.67,19,61,42,300.95,0,0,0
TX_003585,2036.99,2,21,71,69.82,0,1,0
TX_003586,1644.52,5,22,54,988.85,0,0,0
TX_003587,2272.68,0,72,67,250.73,0,1,0
TX_003588,3813.42,20,79,78,67.56,0,0,0
TX_003589,634.38,15,57,64,329.96,0,0,0
TX_003590,986.11,14,23,80,969.0,0,0,0
TX_003591,4757.47,6,38,4,792.93,1,0,1
TX_003592,881.58,1,45,31,480.33,0,0,0
TX_003593,2840.8,9,20,13,305.33,1,0,0
TX_003594,2898.68,14,40,27,423.31,0,0,0
TX_003595,2450.67,5,25,59,17.37,0,1,0
TX_003596,3225.5,1,36,65,718.37,0,0,0
TX_003597,1152.98,23,70,64,99.64,0,0,0
TX_003598,2765.55,23,28,25,519.04,1,1,0
TX_003599,1864.01,16,67,37,565.85,1,0,0
TX_003600,3310.03,0,27,75,1.69,0,0,0
TX_003601,710.41,0,75,73,979.88,0,0,0
TX_003602,2856.53,3,45,71,302.14,0,0,0
TX_003603,930.43,19,37,14,77.22,0,0,0
TX_003604,1396.82,15,61,94,854.39,0,1,0
TX_003605,1097.46,7,69,24,151.95,0,1,0
TX_003606,918.27,0,45,67,24.96,0,0,0
TX_003607,4129.43,18,46,48,494.69,0,0,0
TX_003608,1432.11,10,25,91,129.92,0,0,0
TX_003609,4635.98,16,36,65,982.42,0,0,0
TX_003610,4849.78,9,70,38,10.41,0,0,0
TX_003611,2858.45,11,65,90,51.2,1,0,0
TX_003612,719.29,8,76,70,833.28,1,0,0
TX_003613,1875.87,6,38,59,239.75,0,1,0
TX_003614,3989.67,11,35,12,911.6,0,0,0
TX_003615,1840.12,14,26,54,311.14,0,0,0
TX_003616,439.65,7,21,51,69.78,0,0,0
TX_003617,2786.14,16,58,38,10.59,0,0,0
TX_003618,4226.38,4,42,46,282.57,0,0,0
TX_003619,3980.65,13,51,99,473.73,0,0,0
TX_003620,879.74,1,26,10,1.02,0,0,0
TX_003621,3365.46,15,26,9,581.11,0,0,0
TX_003622,1106.42,16,35,87,333.66,0,0,0
TX_003623,1094.95,2,28,94,390.15,0,0,0
TX_003624,4370.99,22,30,52,261.41,0,0,0
TX_003625,1252.1,0,55,51,529.05,0,0,0
TX_003626,1319.92,17,26,22,230.12,0,0,0
TX_003627,8.26,17,33,73,134.82,1,0,0
TX_003628,4353.99,3,21,83,890.65,0,0,0
TX_003629,3964.01,14,51,72,390.55,0,0,0
TX_003630,3138.51,18,24,68,76.93,0,0,0
TX_003631,3752.58,18,32,5,230.32,0,0,0
TX_003632,764.48,9,74,83,309.94,0,0,0
TX_003633,2294.33,4,55,82,769.65,0,0,0
TX_003634,1759.34,18,28,29,22.26,0,0,0
TX_003635,473.41,10,49,83,478.25,0,0,0
TX_003636,2433.22,6,44,6,407.69,0,0,0
TX_003637,4604.09,4,47,69,968.4,0,0,0
TX_003638,205.1,19,69,58,180.08,0,0,0
TX_003639,1460.85,11,34,43,627.87,0,0,0
TX_003640,1041.67,18,53,69,202.2,0,0,0
TX_003641,1194.54,14,36,72,548.42,0,0,0
TX_003642,4542.63,11,24,91,555.06,0,0,0
TX_003643,2343.0,3,60,37,75.35,0,0,0
TX_003644,2334.17,11,62,58,456.45,0,0,0
TX_003645,3804.08,17,76,37,461.16,0,0,0
TX_003646,776.69,16,75,82,319.14,0,0,0
TX_003647,2438.89,18,38,26,277.16,0,1,0
TX_003648,2152.78,15,45,42,224.3,0,0,0
TX_003649,2986.57,10,20,16,5.94,0,0,0
TX_003650,4997.79,1,31,22,1.82,0,0,0
TX_003651,3848.4,15,19,23,589.79,0,0,0
TX_003652,1992.34,0,46,47,291.46,1,0,0
TX_003653,4138.63,16,35,67,167.89,1,0,0
TX_003654,857.69,17,54,3,684.74,1,1,0
TX_003655,157.17,12,62,12,528.9,0,0,0
TX_003656,1026.22,4,62,23,914.96,0,0,0
TX_003657,1705.36,23,41,11,831.02,0,0,0
TX_003658,2555.35,5,73,52,726.73,0,0,0
TX_003659,3077.57,0,63,50,126.58,0,0,0
TX_003660,4553.48,9,29,57,666.09,0,0,0
TX_003661,2551.72,4,70,64,693.93,0,1,0
TX_003662,2508.87,0,62,46,763.33,0,0,0
TX_003663,255.96,22,49,29,263.13,0,0,0
TX_003664,179.38,10,35,70,640.3,0,0,0
TX_003665,2758.04,23,30,46,618.28,0,0,0
TX_003666,2193.7,23,21,16,385.31,1,0,0
TX_003667,4196.71,6,40,98,663.51,0,0,0
TX_003668,807.59,17,79,51,86.7,0,0,0
TX_003669,129.73,20,71,11,643.51,0,0,0
TX_003670,2247.95,19,27,11,606.02,0,0,0
TX_003671,1191.21,20,72,63,210.62,0,0,0
TX_003672,252.82,9,22,53,818.21,0,0,0
TX_003673,3624.37,14,67,89,874.41,1,0,0
TX_003674,562.41,3,57,58,210.48,0,0,0
TX_003675,3043.56,15,31,19,75.96,0,0,0
TX_003676,1408.84,14,77,32,603.58,0,0,0
TX_003677,871.61,14,51,50,479.92,0,0,0
TX_003678,1901.86,11,45,72,427.59,0,0,0
TX_003679,4008.22,7,25,55,761.01,0,0,0
TX_003680,1963.51,7,33,76,969.66,0,0,0
TX_003681,3755.09,17,48,41,477.66,1,0,0
TX_003682,631.8,5,24,99,6.16,0,0,0
TX_003683,3864.99,4,20,70,596.27,1,0,1
TX_003684,1188.48,1,46,21,653.97,0,1,0
TX_003685,3388.58,11,53,26,828.02,0,0,0
TX_003686,2831.08,3,78,1,199.41,0,0,0
TX_003687,4646.08,22,56,81,524.33,0,0,0
TX_003688,1939.68,12,21,99,447.13,0,0,0
TX_003689,335.5,16,26,27,664.44,0,0,0
TX_003690,100.68,15,72,50,63.94,0,0,0
TX_003691,4135.16,8,34,66,884.01,0,0,0
TX_003692,2626.05,0,66,65,511.16,0,0,0
TX_003693,3877.34,14,37,10,877.05,0,0,0
TX_003694,1175.96,11,31,95,340.24,0,0,0
TX_003695,1728.69,4,63,37,653.52,1,0,0
TX_003696,155.37,22,46,69,956.73,0,0,0
TX_003697,4807.65,23,74,41,943.38,0,0,0
TX_003698,3341.0,17,30,46,944.1,0,1,0
TX_003699,4666.36,19,53,77,42.95,0,0,0
TX_003700,1331.15,1,62,45,403.02,0,0,0
TX_003701,3059.26,3,70,88,60.78,0,0,0
TX_003702,3394.11,14,34,27,309.48,0,0,0
TX_003703,1591.16,5,64,65,174.58,0,0,0
TX_003704,4241.31,21,79,84,620.14,0,0,0
TX_003705,4736.07,11,67,8,780.75,0,0,0
TX_003706,4424.85,17,60,67,513.35,0,0,0
TX_003707,3696.64,19,21,49,795.47,0,0,0
TX_003708,1390.94,3,77,96,12.81,0,0,0
TX_003709,1411.67,0,37,89,820.48,0,0,0
TX_003710,4816.98,14,28,89,178.36,0,0,0
TX_003711,56.37,17,59,14,460.94,0,0,0
TX_003712,3581.67,13,39,62,442.59,1,0,0
TX_003713,3532.7,2,62,43,873.16,0,0,0
TX_003714,3115.33,14,71,27,965.98,0,0,0
TX_003715,4950.59,4,25,96,255.12,0,0,0
TX_003716,1562.84,23,45,27,67.41,0,0,0
TX_003717,1703.16,21,62,68,650.52,1,0,0
TX_003718,399.3,2,58,75,502.84,0,0,0
TX_003719,2216.78,21,47,48,565.71,0,1,0
TX_003720,1308.94,6,50,67,46.27,0,0,0
TX_003721,1720.22,5,50,25,775.31,1,0,0
TX_003722,4173.69,21,64,64,232.35,1,0,0
TX_003723,4677.75,0,71,24,334.94,1,0,1
TX_003724,932.74,18,53,9,228.35,0,0,0
TX_003725,1865.68,6,44,8,945.94,0,0,0
TX_003726,4643.51,3,37,95,168.72,0,0,0
TX_003727,313.73,11,50,59,732.32,0,0,0
TX_003728,466.34,19,42,17,245.75,0,0,0
TX_003729,818.14,22,61,43,424.92,0,1,0
TX_003730,2978.09,17,60,95,996.06,0,0,0
TX_003731,756.61,8,36,68,100.58,0,0,0
TX_003732,4840.54,18,64,4,881.36,0,0,0
TX_003733,2236.34,21,38,8,946.05,0,0,0
TX_003734,2510.08,3,59,42,698.23,0,0,0
TX_003735,1237.06,0,50,49,9.96,0,0,0
TX_003736,2357.45,8,73,6,820.8,0,0,0
TX_003737,3311.26,14,20,73,882.27,0,0,0
TX_003738,3757.13,21,31,42,980.93,0,0,0
TX_003739,3770.57,7,32,72,839.32,0,0,0
TX_003740,2891.57,14,50,32,445.59,0,1,0
TX_003741,4522.28,14,59,15,688.65,0,0,0
TX_003742,4087.95,17,39,82,485.13,0,0,0
TX_003743,3786.46,6,18,87,353.02,1,0,0
TX_003744,282.75,21,48,69,626.43,0,0,0
TX_003745,39.36,17,64,27,769.83,0,0,0
TX_003746,1066.17,15,52,97,635.9,0,0,0
TX_003747,3319.3,1,70,66,826.58,0,0,0
TX_003748,2058.93,3,37,59,176.37,0,0,0
TX_003749,2015.02,19,49,28,373.69,1,0,0
TX_003750,4423.51,15,72,24,312.59,0,0,0
TX_003751,4478.34,2,71,51,194.13,0,0,0
TX_003752,4546.33,23,29,21,443.17,0,0,0
TX_003753,1572.82,22,68,31,947.87,0,0,0
TX_003754,3456.82,1,33,75,538.01,0,0,0
TX_003755,1361.81,2,76,50,286.4,0,0,0
TX_003756,957.1,4,25,92,354.06,0,0,0
TX_003757,927.24,1,73,40,613.08,1,0,0
TX_003758,1713.83,18,31,68,352.75,0,0,0
TX_003759,2152.64,23,35,16,538.35,0,0,0
TX_003760,4155.59,19,72,76,274.16,0,0,0
TX_003761,603.86,1,47,86,345.93,1,0,0
TX_003762,3675.95,1,50,99,705.73,0,0,0
TX_003763,2659.62,21,51,63,584.62,0,0,0
TX_003764,1443.29,23,73,56,93.49,0,0,0
TX_003765,2466.63,22,61,80,973.18,1,0,0
TX_003766,1503.21,19,66,24,49.34,0,1,0
TX_003767,2982.43,17,51,99,82.94,0,0,0
TX_003768,2172.05,19,77,28,701.39,0,0,0
TX_003769,826.21,20,66,93,708.02,1,1,0
TX_003770,587.33,13,70,85,18.94,0,0,0
TX_003771,2735.74,14,24,89,642.75,0,0,0
TX_003772,4512.55,11,23,31,33.26,0,0,0
TX_003773,1723.07,10,23,15,960.77,0,0,0
TX_003774,3666.34,10,39,42,696.14,0,0,0
TX_003775,3295.01,6,25,99,186.58,0,0,0
TX_003776,4658.12,11,54,50,158.1,0,0,0
TX_003777,4105.8,15,32,86,569.66,0,0,0
TX_003778,2835.19,4,43,5,633.52,0,0,0
TX_003779,3286.87,1,56,48,831.24,0,0,0
TX_003780,4492.44,21,20,13,903.32,0,0,0
TX_003781,2000.6,15,74,32,392.53,0,0,0
TX_003782,1637.34,22,27,67,844.08,0,1,0
TX_003783,59.0,14,20,79,542.38,0,0,0
TX_003784,4133.62,10,47,91,470.58,0,0,0
TX_003785,4005.9,5,63,91,698.97,0,0,0
TX_003786,526.75,12,39,30,103.19,0,0,0
TX_003787,2886.4,18,20,6,265.39,0,0,0
TX_003788,2322.59,9,18,25,816.76,0,0,0
TX_003789,597.95,23,50,28,504.08,0,0,0
TX_003790,4902.94,18,36,62,908.04,0,0,0
TX_003791,1077.41,4,53,22,88.7,0,0,0
TX_003792,340.83,20,79,68,313.41,0,1,0
TX_003793,2976.26,6,51,15,355.55,0,0,0
TX_003794,3695.64,10,74,26,422.72,0,0,0
TX_003795,167.06,13,48,63,986.82,0,0,0
TX_003796,3295.29,22,60,18,310.66,0,1,0
TX_003797,2663.8,20,41,73,518.68,0,0,0
TX_003798,520.81,15,29,63,536.07,0,1,0
TX_003799,866.76,17,30,62,770.8,0,0,0
TX_003800,2842.03,20,33,68,517.87,0,0,0
TX_003801,1485.31,22,33,48,605.74,0,0,0
TX_003802,4691.89,22,68,50,753.33,1,0,1
TX_003803,4094.61,3,72,63,101.13,1,0,0
TX_003804,4917.92,0,69,69,963.47,0,0,1
TX_003805,1302.06,21,70,6,846.3,0,0,0
TX_003806,4848.77,14,37,58,388.77,1,0,0
TX_003807,2159.01,13,58,51,728.42,0,0,0
TX_003808,1740.86,18,65,12,762.33,0,0,0
TX_003809,256.5,4,44,95,850.25,0,1,0
TX_003810,268.56,3,56,47,188.32,0,0,0
TX_003811,3461.6,12,30,9,703.7,0,0,0
TX_003812,2292.36,17,21,7,33.34,0,0,0
TX_003813,1136.48,11,49,29,115.58,1,0,0
TX_003814,3071.78,22,62,78,776.07,0,0,0
TX_003815,1268.03,20,57,51,813.0,0,0,0
TX_003816,2890.27,14,51,84,592.44,0,0,0
TX_003817,1799.25,22,56,55,581.69,0,0,0
TX_003818,4118.64,8,60,96,749.51,1,0,0
TX_003819,4104.38,3,34,59,906.08,0,0,0
TX_003820,2389.37,4,41,56,421.12,0,0,0
TX_003821,1757.34,8,46,22,114.82,0,0,0
TX_003822,1815.99,12,63,18,839.0,0,0,0
TX_003823,4029.54,9,45,58,341.64,0,0,0
TX_003824,1644.26,15,79,40,133.79,0,0,0
TX_003825,1049.25,12,62,89,614.62,0,0,0
TX_003826,428.02,3,64,31,578.08,0,0,0
TX_003827,2336.13,20,39,56,474.25,0,0,0
TX_003828,2413.25,12,45,35,859.8,0,0,0
TX_003829,4205.34,20,70,26,272.23,0,0,0
TX_003830,1110.09,7,42,68,13.24,0,0,0
TX_003831,1908.05,12,58,84,323.47,0,1,0
TX_003832,4042.99,14,20,34,9.71,1,0,0
TX_003833,4119.0,19,74,76,543.59,0,0,0
TX_003834,1926.13,19,30,16,378.25,0,0,0
TX_003835,2298.32,12,48,42,813.94,0,0,0
TX_003836,1519.91,22,30,5,797.59,0,0,0
TX_003837,4663.11,4,58,61,434.64,0,0,0
TX_003838,597.63,21,35,44,216.49,0,0,0
TX_003839,4669.08,21,54,35,422.43,0,0,0
TX_003840,3420.91,5,60,91,641.32,0,0,0
TX_003841,2660.2,4,51,1,190.21,0,0,0
TX_003842,168.13,12,34,98,773.05,0,0,0
TX_003843,2380.6,4,72,43,330.56,0,0,0
TX_003844,2041.7,12,69,32,932.18,0,0,0
TX_003845,810.29,23,38,63,511.87,0,0,0
TX_003846,3283.77,19,53,33,847.13,0,0,0
TX_003847,4855.9,22,71,95,615.89,0,0,0
TX_003848,2813.13,7,76,77,554.6,0,0,0
TX_003849,3575.19,8,67,66,682.13,0,0,0
TX_003850,346.91,20,73,30,811.49,0,0,0
TX_003851,2091.25,18,69,10,644.51,1,1,0
TX_003852,586.21,19,57,23,797.24,0,0,0
TX_003853,3065.92,14,36,97,190.47,0,0,0
TX_003854,4692.72,21,29,39,277.52,0,0,0
TX_003855,3310.58,9,45,45,229.72,0,0,0
TX_003856,388.63,10,28,29,798.3,0,1,0
TX_003857,1776.56,4,65,30,86.13,1,0,0
TX_003858,2755.56,8,54,34,795.86,0,0,0
TX_003859,2019.02,10,45,52,389.04,0,0,0
TX_003860,4169.05,18,52,81,79.51,0,0,0
TX_003861,4074.28,1,61,22,424.43,1,0,0
TX_003862,3061.1,5,32,5,300.5,0,0,0
TX_003863,1870.42,22,33,11,591.95,1,0,0
TX_003864,1280.41,20,62,86,472.53,0,1,0
TX_003865,533.84,0,24,32,296.78,0,0,0
TX_003866,1777.71,2,64,24,862.27,0,0,0
TX_003867,2068.8,2,20,11,406.82,1,1,0
TX_003868,3380.74,13,48,11,470.69,0,0,0
TX_003869,3292.51,19,29,17,846.63,0,0,0
TX_003870,355.19,21,25,32,89.06,0,0,0
TX_003871,1979.32,4,42,83,389.89,0,0,0
TX_003872,912.99,16,78,27,402.86,0,0,0
TX_003873,788.28,14,61,32,495.83,0,0,0
TX_003874,4137.37,5,67,61,106.12,1,0,0
TX_003875,214.37,13,52,25,102.66,0,0,0
TX_003876,2098.82,13,29,64,416.42,0,0,0
TX_003877,845.18,16,78,64,33.03,0,0,0
TX_003878,4397.25,7,72,28,254.98,0,0,0
TX_003879,2787.42,7,38,40,201.18,0,1,0
TX_003880,1160.75,18,43,91,489.39,0,0,0
TX_003881,2514.62,8,72,14,11.16,1,0,0
TX_003882,3658.77,10,19,42,675.73,0,0,0
TX_003883,4790.8,12,31,39,855.59,0,0,0
TX_003884,1106.13,12,63,2,706.74,0,0,0
TX_003885,4431.48,23,21,81,818.08,0,0,0
TX_003886,4671.85,18,34,1,643.32,1,0,0
TX_003887,4582.52,20,64,32,507.37,0,0,0
TX_003888,3178.89,18,65,83,219.02,0,0,0
TX_003889,3150.95,4,22,64,279.63,0,0,0
TX_003890,2019.04,15,41,78,317.71,1,0,0
TX_003891,3763.23,8,66,31,38.02,1,0,0
TX_003892,2658.81,19,72,58,913.09,0,0,0
TX_003893,3388.8,21,24,82,900.3,0,0,0
TX_003894,2145.15,2,40,78,107.78,1,0,0
TX_003895,3658.82,18,64,14,556.69,0,0,0
TX_003896,4123.24,4,34,88,467.64,0,0,0
TX_003897,736.45,7,29,69,683.41,0,0,0
TX_003898,4165.48,13,28,16,603.02,0,0,0
TX_003899,2703.78,23,68,69,124.32,0,0,0
TX_003900,4224.11,2,28,54,660.08,0,0,0
TX_003901,2159.35,23,51,13,608.87,0,1,0
TX_003902,1898.31,12,64,80,531.22,0,0,0
TX_003903,4575.73,10,54,79,402.41,1,1,1
TX_003904,1259.59,7,67,31,954.92,0,1,0
TX_003905,4221.84,18,46,69,849.44,0,0,0
TX_003906,2422.68,9,79,21,585.08,0,0,0
TX_003907,2572.91,17,70,30,6.38,1,0,0
TX_003908,1545.8,17,70,23,432.12,0,1,0
TX_003909,2867.35,6,65,38,700.34,0,0,0
TX_003910,1629.43,15,53,29,117.29,0,0,0
TX_003911,201.15,5,44,77,406.55,1,0,0
TX_003912,1363.63,15,72,32,191.73,1,0,0
TX_003913,36.86,15,59,62,338.14,0,0,0
TX_003914,4891.88,22,39,91,26.67,0,0,0
TX_003915,4828.91,23,19,98,126.73,0,0,0
TX_003916,1978.8,0,64,45,454.76,0,0,0
TX_003917,3643.21,23,53,49,898.19,0,0,0
TX_003918,1732.3,18,78,33,490.58,0,0,0
TX_003919,3357.11,2,65,4,453.08,0,0,0
TX_003920,4028.12,5,47,18,787.57,0,0,0
TX_003921,4734.05,3,76,70,267.83,0,0,0
TX_003922,2004.06,3,24,64,95.07,0,0,0
TX_003923,3917.57,3,74,28,209.57,0,0,0
TX_003924,1333.31,9,74,58,791.3,1,0,0
TX_003925,4951.71,8,29,91,677.05,0,0,0
TX_003926,133.72,7,20,90,91.53,0,0,0
TX_003927,3019.63,18,34,56,667.09,0,0,0
TX_003928,3299.23,16,58,20,931.55,1,0,0
TX_003929,3441.79,16,49,77,44.95,0,0,0
TX_003930,606.34,0,25,92,616.42,1,0,0
TX_003931,4692.96,19,40,34,379.16,0,0,0
TX_003932,910.01,13,55,87,501.03,0,0,0
TX_003933,3115.65,21,47,10,528.18,0,0,0
TX_003934,1117.27,19,32,94,771.05,0,0,0
TX_003935,1539.55,10,27,22,557.01,1,0,0
TX_003936,2734.56,2,72,5,593.09,1,0,0
TX_003937,2088.88,23,76,44,332.91,0,0,0
TX_003938,805.33,7,74,9,125.95,0,0,0
TX_003939,858.83,21,55,43,682.73,0,0,0
TX_003940,2093.63,9,32,4,0.48,0,0,0
TX_003941,3787.63,16,47,42,328.72,0,0,0
TX_003942,4490.33,7,63,65,218.04,0,0,0
TX_003943,425.22,21,43,98,388.53,0,0,0
TX_003944,1968.55,0,68,41,311.27,0,0,0
TX_003945,505.73,19,62,64,704.22,0,0,0
TX_003946,87.88,20,31,55,260.21,0,0,0
TX_003947,3310.28,6,20,90,560.75,0,0,0
TX_003948,3014.23,23,53,18,455.77,0,0,0
TX_003949,819.28,8,43,16,801.06,0,0,0
TX_003950,1172.9,11,78,87,428.09,0,0,0
TX_003951,123.42,21,31,46,863.88,0,0,0
TX_003952,4175.56,8,48,36,0.15,1,0,0
TX_003953,4873.58,19,31,90,604.84,0,0,0
TX_003954,681.62,23,75,66,9.81,0,0,0
TX_003955,1161.22,2,57,44,713.93,0,0,0
TX_003956,4342.71,3,27,5,234.92,0,0,0
TX_003957,4632.69,9,26,29,379.98,0,0,0
TX_003958,2101.04,3,63,4,380.44,0,0,0
TX_003959,257.86,21,57,99,846.42,0,0,0
TX_003960,201.76,8,60,86,102.09,0,0,0
TX_003961,2871.88,21,59,49,666.9,0,0,0
TX_003962,1967.51,0,35,72,981.26,0,0,0
TX_003963,148.12,4,53,85,22.38,0,0,0
TX_003964,2918.35,8,53,8,965.89,0,0,0
TX_003965,61.46,4,29,52,18.4,0,0,0
TX_003966,3937.92,5,67,69,841.15,0,1,0
TX_003967,1535.63,18,78,21,961.24,0,0,0
TX_003968,206.09,7,57,27,993.03,1,0,0
TX_003969,2943.82,9,20,38,459.12,0,1,0
TX_003970,1991.43,10,35,5,866.96,0,0,0
TX_003971,4869.13,12,24,85,122.34,0,0,0
TX_003972,2723.27,19,48,61,425.38,0,0,0
TX_003973,1379.82,3,18,8,307.97,0,0,0
TX_003974,3548.65,10,48,86,395.18,0,0,0
TX_003975,1361.1,11,71,18,701.98,1,0,0
TX_003976,4521.7,4,30,4,87.48,0,0,0
TX_003977,1876.74,9,46,4,998.16,1,0,0
TX_003978,2751.59,23,20,37,635.07,0,0,0
TX_003979,257.61,6,46,15,873.52,0,1,0
TX_003980,2133.48,20,52,38,829.7,0,0,0
TX_003981,4162.66,8,32,27,766.0,0,0,0
TX_003982,4029.22,8,38,85,39.22,1,0,0
TX_003983,1125.47,9,79,48,516.47,1,0,0
TX_003984,1134.26,9,36,46,328.15,0,0,0
TX_003985,4087.44,1,45,46,112.94,0,0,0
TX_003986,4652.34,3,21,48,342.99,1,0,1
TX_003987,481.33,7,62,59,644.8,1,0,0
TX_003988,2253.04,13,30,4,230.63,0,0,0
TX_003989,1690.58,16,32,75,444.6,0,0,0
TX_003990,4354.09,12,68,19,404.49,0,0,0
TX_003991,422.21,20,65,57,52.46,0,0,0
TX_003992,1059.57,23,56,19,628.08,0,0,0
TX_003993,3763.58,17,49,91,618.85,0,0,0
TX_003994,261.21,17,20,42,966.41,0,0,0
TX_003995,2465.21,12,47,92,298.01,0,0,0
TX_003996,2213.32,7,75,5,418.95,0,0,0
TX_003997,1675.33,11,37,48,403.64,0,1,0
TX_003998,1975.89,22,19,25,919.74,0,0,0
TX_003999,2652.05,23,67,67,408.65,0,0,0
TX_004000,811.03,20,42,26,442.76,0,0,0
TX_004001,2862.12,0,28,74,252.34,0,0,0
TX_004002,4028.13,19,18,88,1.17,1,1,0
TX_004003,3802.0,17,65,62,110.45,0,0,0
TX_004004,773.73,2,66,93,703.89,1,0,0
TX_004005,750.5,11,65,7,682.5,0,0,0
TX_004006,1344.53,18,27,44,322.53,0,0,0
TX_004007,1808.57,12,34,87,473.01,0,0,0
TX_004008,2045.24,9,47,27,297.38,0,0,0
TX_004009,3400.09,14,52,42,730.92,0,0,0
TX_004010,288.12,19,67,73,842.5,0,0,0
TX_004011,178.19,1,36,56,899.11,0,0,0
TX_004012,1962.59,18,63,3,173.87,0,1,0
TX_004013,3487.33,2,70,13,695.02,0,1,0
TX_004014,971.21,13,74,70,963.0,0,0,0
TX_004015,3209.31,6,51,59,650.61,0,0,0
TX_004016,1302.84,7,49,38,350.97,0,0,0
TX_004017,4431.0,10,29,85,635.95,0,0,0
TX_004018,4478.97,21,60,83,688.43,0,0,0
TX_004019,1489.95,19,79,89,397.05,1,0,0
TX_004020,1153.82,5,34,68,103.99,1,1,0
TX_004021,2059.46,10,76,86,606.66,0,0,0
TX_004022,1206.46,16,23,69,802.14,0,0,0
TX_004023,3363.56,9,68,1,997.58,1,0,0
TX_004024,4131.19,23,30,50,223.06,1,0,0
TX_004025,3367.1,16,56,81,700.39,0,0,0
TX_004026,4122.63,20,39,73,28.04,0,0,0
TX_004027,1987.98,1,28,9,969.83,0,0,0
TX_004028,785.8,5,24,53,12.56,0,0,0
TX_004029,3691.06,4,62,88,358.79,0,1,0
TX_004030,1805.57,3,62,10,76.4,0,0,0
TX_004031,3358.0,1,38,84,620.97,0,0,0
TX_004032,1356.87,11,18,81,339.5,0,0,0
TX_004033,410.74,2,47,77,732.94,0,0,0
TX_004034,4962.95,5,36,29,486.38,0,0,0
TX_004035,785.23,23,68,36,419.4,1,0,0
TX_004036,4942.16,13,72,87,348.52,0,0,0
TX_004037,4886.51,7,64,27,86.13,0,0,0
TX_004038,3970.12,20,63,18,204.82,0,0,0
TX_004039,3298.82,20,46,18,639.1,0,1,0
TX_004040,2891.15,13,52,9,496.75,0,0,0
TX_004041,4331.18,2,76,67,70.09,0,0,0
TX_004042,1450.75,15,70,7,543.95,1,1,0
TX_004043,2341.07,14,37,58,54.14,0,1,0
TX_004044,3098.85,6,53,79,511.73,0,0,0
TX_004045,2058.9,14,78,30,964.96,0,0,0
TX_004046,2140.29,12,56,73,307.34,0,1,0
TX_004047,1654.77,5,18,61,723.5,0,0,0
TX_004048,2823.34,14,40,91,745.55,0,0,0
TX_004049,4253.62,16,48,82,404.86,0,0,0
TX_004050,1011.63,3,73,95,593.29,0,0,0
TX_004051,4672.49,21,68,17,472.05,0,0,0
TX_004052,3446.99,21,52,53,283.36,0,0,0
TX_004053,4117.25,13,69,6,754.74,0,0,0
TX_004054,2783.17,14,64,39,702.83,0,0,0
TX_004055,3898.69,11,62,25,900.55,0,0,0
TX_004056,85.92,18,39,42,618.13,0,0,0
TX_004057,4092.81,21,63,42,388.72,0,0,0
TX_004058,205.49,9,24,59,714.01,0,1,0
TX_004059,4450.12,5,50,38,619.04,0,0,0
TX_004060,4959.85,8,62,31,616.61,1,1,1
TX_004061,1473.87,1,53,29,849.84,0,0,0
TX_004062,1055.54,3,61,9,910.47,0,1,0
TX_004063,3827.99,8,24,1,180.24,0,0,0
TX_004064,1268.87,14,44,80,314.05,1,1,0
TX_004065,4328.48,12,19,87,650.31,0,0,0
TX_004066,518.7,19,34,72,557.22,0,0,0
TX_004067,634.15,7,18,47,652.33,0,0,0
TX_004068,4895.86,18,75,76,433.01,0,1,0
TX_004069,3370.83,18,63,10,412.44,0,0,0
TX_004070,4235.2,15,47,16,117.65,0,1,0
TX_004071,1625.03,10,39,47,623.65,0,0,0
TX_004072,3384.04,9,45,43,175.79,0,0,0
TX_004073,2973.24,7,70,24,671.02,0,0,0
TX_004074,3017.73,0,50,8,967.07,1,0,1
TX_004075,3414.25,9,43,75,256.41,0,0,0
TX_004076,2878.92,17,52,26,142.15,1,0,0
TX_004077,2148.17,2,28,7,24.18,0,0,0
TX_004078,1383.23,10,24,79,378.83,0,0,0
TX_004079,3844.06,17,45,15,214.61,0,0,0
TX_004080,1135.23,2,42,48,491.86,0,0,0
TX_004081,3463.31,7,78,3,524.31,0,0,0
TX_004082,1170.5,13,58,16,349.33,0,1,0
TX_004083,3128.52,5,48,79,749.91,0,0,0
TX_004084,3736.66,14,71,89,904.81,0,0,0
TX_004085,1097.48,13,20,97,211.52,0,0,0
TX_004086,304.42,6,50,14,836.3,0,0,0
TX_004087,659.21,9,68,88,131.19,0,0,0
TX_004088,3031.95,14,75,75,228.7,1,1,0
TX_004089,4247.98,9,51,3,561.42,1,0,0
TX_004090,229.76,21,76,73,306.58,1,0,0
TX_004091,3672.09,16,38,70,41.71,0,0,0
TX_004092,1709.89,18,73,31,294.87,0,0,0
TX_004093,2395.25,16,54,80,904.87,0,0,0
TX_004094,4644.65,11,66,75,174.22,0,0,0
TX_004095,1663.2,14,36,17,763.75,0,0,0
TX_004096,2329.36,11,77,49,722.28,0,0,0
TX_004097,73.34,8,54,3,106.22,1,0,0
TX_004098,412.59,4,72,83,329.44,0,0,0
TX_004099,1296.66,3,38,88,189.36,1,0,0
TX_004100,144.12,11,31,55,23.15,0,0,0
TX_004101,3158.72,15,27,72,173.04,0,1,0
TX_004102,2134.86,8,70,40,201.58,0,0,0
TX_004103,2742.99,2,24,66,165.98,0,0,0
TX_004104,877.36,20,46,87,91.1,0,0,0
TX_004105,1483.18,2,57,40,526.31,0,0,0
TX_004106,3320.8,17,79,30,322.64,0,0,0
TX_004107,4826.69,16,25,25,908.25,1,1,1
TX_004108,256.83,9,56,7,187.21,0,0,0
TX_004109,4452.47,1,30,92,602.86,1,0,1
TX_004110,2886.52,23,63,50,900.62,0,0,0
TX_004111,2821.78,10,36,81,47.19,0,0,0
TX_004112,2503.89,23,28,96,516.28,0,0,0
TX_004113,351.62,2,19,1,450.67,0,0,0
TX_004114,453.93,22,66,91,928.78,0,0,0
TX_004115,3006.56,22,23,44,663.76,1,0,0
TX_004116,1708.09,1,46,49,349.16,0,0,0
TX_004117,4586.75,8,58,7,711.52,0,0,0
TX_004118,2035.92,18,68,3,582.65,0,0,0
TX_004119,720.69,1,22,94,347.17,0,0,0
TX_004120,3575.02,18,58,1,785.25,0,0,0
TX_004121,1470.3,1,79,51,668.17,0,1,0
TX_004122,2629.72,14,47,98,5.42,0,0,0
TX_004123,3490.67,23,74,38,865.13,1,0,0
TX_004124,4501.82,20,56,43,397.09,0,0,0
TX_004125,3962.0,2,79,55,645.45,0,0,0
TX_004126,3383.42,4,53,57,396.77,0,0,0
TX_004127,3399.77,10,44,53,881.36,0,0,0
TX_004128,4729.89,23,67,33,650.84,0,1,0
TX_004129,1482.64,6,35,80,579.39,0,0,0
TX_004130,10.55,5,69,62,980.26,0,1,0
TX_004131,1363.41,13,66,11,280.64,0,0,0
TX_004132,1093.37,0,79,72,65.25,0,0,0
TX_004133,3310.86,16,53,52,516.01,0,1,0
TX_004134,3170.39,16,77,1,424.02,0,0,0
TX_004135,2969.34,13,79,14,454.29,0,1,0
TX_004136,86.14,9,76,94,620.1,1,0,0
TX_004137,3645.25,7,71,85,615.12,0,1,0
TX_004138,1621.03,7,33,21,392.26,0,0,0
TX_004139,3326.95,13,71,34,862.88,0,0,0
TX_004140,2785.11,6,72,90,651.46,0,0,0
TX_004141,1716.94,5,22,14,889.91,0,0,0
TX_004142,677.21,3,26,40,913.15,0,0,0
TX_004143,476.62,0,51,35,167.31,0,0,0
TX_004144,4158.43,14,51,42,680.56,0,0,0
TX_004145,4592.4,14,53,82,317.51,0,0,0
TX_004146,3250.69,0,48,20,836.43,0,0,0
TX_004147,521.65,19,69,60,732.85,0,1,0
TX_004148,2013.13,2,37,9,198.75,0,0,0
TX_004149,3646.05,22,34,33,938.73,1,0,0
TX_004150,3900.21,4,37,49,683.48,0,0,0
TX_004151,595.5,4,45,68,948.63,0,0,0
TX_004152,5.15,3,38,4,201.91,0,0,0
TX_004153,3562.12,16,74,48,869.71,1,0,0
TX_004154,1786.2,20,36,16,668.07,0,0,0
TX_004155,1276.13,19,20,47,552.29,1,0,0
TX_004156,69.42,13,47,26,820.51,1,0,0
TX_004157,2703.8,7,22,70,632.86,0,0,0
TX_004158,4256.5,1,59,37,669.6,0,1,1
TX_004159,4788.37,7,23,22,253.67,0,0,0
TX_004160,2830.9,0,20,7,817.05,0,0,0
TX_004161,2574.73,3,66,42,650.3,0,0,0
TX_004162,429.86,18,59,30,844.39,1,0,0
TX_004163,2746.62,4,41,74,351.53,0,0,0
TX_004164,1903.0,4,61,79,331.71,1,0,0
TX_004165,3037.64,20,18,6,23.9,0,0,0
TX_004166,1946.69,19,67,24,768.61,0,1,0
TX_004167,1205.29,23,68,66,330.31,1,0,0
TX_004168,479.35,18,71,40,327.21,0,0,0
TX_004169,1578.02,11,69,15,688.68,0,0,0
TX_004170,487.74,19,53,53,252.87,0,0,0
TX_004171,888.6,0,32,85,909.02,0,0,0
TX_004172,4936.74,6,58,82,538.07,0,0,0
TX_004173,2223.3,16,55,5,969.48,0,0,0
TX_004174,2661.7,1,61,89,76.67,1,0,0
TX_004175,4368.72,10,35,36,336.83,0,1,0
TX_004176,4977.87,6,40,74,381.47,0,1,0
TX_004177,2915.66,16,64,46,730.42,0,0,0
TX_004178,4063.31,2,46,23,212.96,0,0,0
TX_004179,1638.07,21,68,88,375.35,0,0,0
TX_004180,1532.19,5,58,45,910.64,0,0,0
TX_004181,2016.51,21,39,10,114.55,1,0,0
TX_004182,3364.17,10,41,54,745.32,1,0,0
TX_004183,3412.55,17,62,70,702.49,0,1,0
TX_004184,1579.62,17,65,77,130.51,0,0,0
TX_004185,670.38,21,30,85,688.49,1,0,0
TX_004186,3163.82,9,50,32,569.78,0,0,0
TX_004187,645.99,4,67,43,287.52,0,0,0
TX_004188,2894.57,22,39,15,311.14,0,0,0
TX_004189,3468.64,22,52,66,832.99,1,0,0
TX_004190,3504.55,20,34,15,231.01,0,0,0
TX_004191,3768.59,23,39,81,512.78,1,0,0
TX_004192,4364.93,21,22,20,681.15,1,0,0
TX_004193,2502.3,14,78,50,129.9,0,0,0
TX_004194,3652.59,20,42,6,932.35,1,1,1
TX_004195,3097.77,19,23,79,260.63,0,0,0
TX_004196,937.27,22,70,17,318.83,0,0,0
TX_004197,133.32,3,34,26,666.12,0,0,0
TX_004198,1426.28,20,48,22,78.19,0,0,0
TX_004199,2217.95,20,34,73,627.61,0,0,0
TX_004200,3087.44,0,76,64,916.03,0,0,0
TX_004201,4250.55,14,50,76,249.09,0,0,0
TX_004202,985.25,16,56,86,361.91,0,0,0
TX_004203,632.12,18,71,58,232.33,0,0,0
TX_004204,4817.58,13,79,87,818.77,0,1,1
TX_004205,544.68,18,65,37,167.61,0,0,0
TX_004206,2395.06,17,54,78,346.63,0,0,0
TX_004207,2929.89,1,65,88,601.02,0,0,0
TX_004208,2709.17,5,21,72,404.55,0,0,0
TX_004209,434.73,12,60,90,65.47,0,0,0
TX_004210,289.85,16,31,96,947.72,0,0,0
TX_004211,531.89,5,78,28,337.9,0,0,0
TX_004212,2930.01,20,30,96,445.65,0,0,0
TX_004213,2724.0,21,44,86,167.55,0,0,0
TX_004214,1172.54,4,41,49,865.35,0,0,0
TX_004215,3190.68,6,44,73,291.43,0,0,0
TX_004216,4101.24,0,25,67,19.82,0,0,0
TX_004217,212.69,12,70,89,316.4,0,1,0
TX_004218,2493.16,18,69,76,984.06,0,0,0
TX_004219,3448.11,21,64,93,146.84,1,0,0
TX_004220,1265.3,0,67,67,31.2,0,0,0
TX_004221,1542.32,12,56,41,578.18,0,0,0
TX_004222,3070.12,10,38,46,371.67,0,0,0
TX_004223,4490.19,6,68,87,794.98,0,0,0
TX_004224,4050.57,19,74,87,731.89,1,0,0
TX_004225,2917.74,2,58,55,185.42,0,0,0
TX_004226,3652.46,0,28,82,564.63,0,0,0
TX_004227,1827.29,7,48,11,32.44,0,0,0
TX_004228,3206.62,16,44,26,439.48,0,1,0
TX_004229,2333.58,12,59,72,714.05,0,1,0
TX_004230,953.73,13,63,92,414.96,0,0,0
TX_004231,3510.18,4,65,82,117.95,0,0,0
TX_004232,2784.54,23,44,13,61.53,0,0,0
TX_004233,1796.31,21,25,36,853.66,0,0,0
TX_004234,4557.14,22,50,64,891.33,0,0,0
TX_004235,109.57,23,29,51,343.09,0,0,0
TX_004236,1582.29,5,52,76,164.17,0,0,0
TX_004237,289.12,21,51,22,978.62,0,0,0
TX_004238,3833.8,5,33,60,545.86,0,0,0
TX_004239,3512.03,20,53,2,476.66,0,0,0
TX_004240,1660.1,7,19,56,741.61,0,0,0
TX_004241,3379.94,12,29,40,168.87,0,0,0
TX_004242,1982.71,17,44,28,579.99,1,0,0
TX_004243,3782.49,22,73,77,890.16,0,0,0
TX_004244,2273.65,3,34,97,23.07,0,0,0
TX_004245,2064.34,16,37,3,672.94,0,0,0
TX_004246,4673.98,4,38,63,551.42,0,1,1
TX_004247,1258.14,2,47,98,950.8,0,0,0
TX_004248,606.63,3,59,23,258.7,0,0,0
TX_004249,2924.79,22,37,55,858.89,0,0,0
TX_004250,4846.76,4,25,32,308.99,1,0,1
TX_004251,1892.31,13,35,84,429.86,0,0,0
TX_004252,314.87,14,74,28,213.29,0,0,0
TX_004253,1699.83,19,35,8,863.59,0,0,0
TX_004254,2532.13,16,35,3,195.41,0,0,0
TX_004255,813.81,5,78,94,859.01,0,0,0
TX_004256,3292.22,9,19,89,455.61,1,0,0
TX_004257,4988.76,21,29,53,835.09,0,0,0
TX_004258,2261.44,22,49,94,264.49,0,0,0
TX_004259,1776.87,15,59,29,132.73,1,0,0
TX_004260,2006.52,16,25,94,554.96,0,1,0
TX_004261,580.16,13,68,98,509.44,0,0,0
TX_004262,4416.95,19,27,89,356.61,0,0,0
TX_004263,2077.05,11,28,81,662.82,0,0,0
TX_004264,1939.44,8,31,59,95.14,0,0,0
TX_004265,3300.15,14,43,24,622.0,0,0,0
TX_004266,2212.96,11,64,38,211.76,0,0,0
TX_004267,3242.93,13,47,28,128.95,0,1,0
TX_004268,311.92,21,73,97,909.61,0,0,0
TX_004269,4069.55,17,72,62,459.8,0,0,0
TX_004270,4702.82,19,59,51,763.42,0,0,0
TX_004271,3245.58,5,21,7,89.12,0,0,0
TX_004272,4773.06,3,56,23,57.46,0,0,0
TX_004273,761.4,22,28,46,494.85,0,0,0
TX_004274,2389.69,11,41,90,315.55,1,0,0
TX_004275,3011.02,12,71,78,4.91,0,0,0
TX_004276,2910.77,18,39,28,183.29,0,0,0
TX_004277,2010.3,21,20,24,218.78,1,0,0
TX_004278,1693.73,12,54,7,288.51,0,0,0
TX_004279,638.49,11,75,79,877.54,0,0,0
TX_004280,1961.75,19,19,49,420.6,0,0,0
TX_004281,817.49,2,29,3,679.43,0,0,0
TX_004282,3673.16,2,38,2,18.4,1,0,0
TX_004283,1048.11,13,22,7,813.93,0,0,0
TX_004284,297.53,17,24,80,240.33,0,0,0
TX_004285,2764.07,18,21,21,309.04,0,0,0
TX_004286,2978.17,9,79,9,45.26,1,0,0
TX_004287,4360.21,16,60,12,409.69,0,0,0
TX_004288,2887.02,14,71,93,852.58,0,0,0
TX_004289,1730.68,18,58,24,378.73,0,0,0
TX_004290,4016.04,8,53,33,908.61,0,0,0
TX_004291,2703.69,3,76,78,867.45,0,0,0
TX_004292,401.01,14,79,43,61.96,1,0,0
TX_004293,2831.42,18,39,82,305.27,0,0,0
TX_004294,4540.55,15,46,5,910.42,0,0,0
TX_004295,1984.58,7,77,79,29.81,1,0,0
TX_004296,1485.15,16,26,71,765.81,1,0,0
TX_004297,721.63,20,43,89,906.43,0,0,0
TX_004298,761.47,0,29,14,770.49,0,0,0
TX_004299,2166.69,6,65,36,743.81,0,0,0
TX_004300,2980.42,20,18,35,843.36,0,0,0
TX_004301,407.67,17,25,50,665.79,0,1,0
TX_004302,4698.15,11,50,88,423.1,0,0,0
TX_004303,3776.89,15,69,79,62.76,0,0,0
TX_004304,2935.19,0,68,11,787.97,0,0,0
TX_004305,4143.05,14,21,24,905.25,0,1,0
TX_004306,405.53,6,31,75,511.59,0,0,0
TX_004307,2386.81,16,72,44,532.51,0,0,0
TX_004308,3152.32,2,46,51,403.29,1,1,1
TX_004309,4144.12,10,31,17,856.88,0,0,0
TX_004310,3918.43,5,26,70,14.8,0,1,0
TX_004311,1388.96,5,26,85,624.55,0,0,0
TX_004312,4704.7,14,43,8,907.41,0,0,0
TX_004313,626.11,6,66,79,103.22,0,0,0
TX_004314,4376.29,10,64,96,959.16,0,1,1
TX_004315,4854.85,16,59,74,967.68,0,0,0
TX_004316,889.88,22,34,28,929.79,0,0,0
TX_004317,3611.72,17,58,79,462.55,0,0,0
TX_004318,206.23,21,21,12,382.97,0,0,0
TX_004319,2030.09,23,77,43,705.95,0,0,0
TX_004320,2583.84,20,78,82,318.69,1,0,0
TX_004321,2905.32,18,63,37,68.34,0,0,0
TX_004322,4680.01,7,20,88,901.42,0,0,0
TX_004323,3362.89,23,46,63,634.86,0,0,0
TX_004324,2408.98,19,42,93,207.15,0,0,0
TX_004325,4049.33,7,38,63,18.41,0,0,0
TX_004326,4752.91,20,29,10,723.52,1,0,1
TX_004327,115.22,10,71,78,852.8,0,0,0
TX_004328,4912.69,20,18,80,405.65,0,0,0
TX_004329,435.23,2,18,37,80.9,0,0,0
TX_004330,4072.86,22,62,11,648.62,0,0,0
TX_004331,1405.27,13,63,90,296.93,0,0,0
TX_004332,665.24,8,65,19,143.95,0,0,0
TX_004333,2202.08,0,24,52,510.4,0,0,0
TX_004334,3221.56,0,27,18,481.84,0,0,0
TX_004335,1907.85,11,32,94,516.77,1,0,0
TX_004336,277.55,10,57,32,823.93,1,0,0
TX_004337,2999.31,20,28,23,484.55,0,0,0
TX_004338,4512.5,0,73,12,900.54,0,0,0
TX_004339,1919.16,19,63,58,841.81,0,0,0
TX_004340,1085.58,11,62,77,651.12,0,0,0
TX_004341,2215.67,16,40,21,56.85,0,0,0
TX_004342,246.57,14,30,21,864.94,0,1,0
TX_004343,4103.34,1,44,93,905.57,1,0,1
TX_004344,4132.57,17,58,93,375.05,0,1,0
TX_004345,2942.06,15,34,91,526.15,0,0,0
TX_004346,1768.75,3,67,29,281.02,0,0,0
TX_004347,3999.92,7,78,79,14.72,0,0,0
TX_004348,2775.66,1,68,47,479.45,0,1,0
TX_004349,4130.53,13,30,12,129.36,1,0,0
TX_004350,3159.14,14,29,58,183.32,0,0,0
TX_004351,3923.11,8,46,41,480.71,0,0,0
TX_004352,2994.82,1,38,19,867.04,0,0,0
TX_004353,2073.63,16,37,12,844.63,0,1,0
TX_004354,4789.94,9,37,23,965.07,0,0,0
TX_004355,2707.86,8,48,5,482.68,0,0,0
TX_004356,3027.42,1,25,26,552.01,0,1,0
TX_004357,1106.34,23,41,63,822.12,0,0,0
TX_004358,3130.13,18,28,52,699.67,0,0,0
TX_004359,2860.18,16,56,10,182.82,0,0,0
TX_004360,928.27,10,50,86,398.17,0,0,0
TX_004361,302.64,16,59,39,929.16,1,0,0
TX_004362,3023.77,9,32,23,146.13,0,0,0
TX_004363,3819.64,17,21,11,209.36,0,0,0
TX_004364,2619.39,22,18,92,400.66,0,0,0
TX_004365,1137.73,5,49,95,939.87,0,0,0
TX_004366,3334.28,15,28,72,113.82,0,0,0
TX_004367,405.13,17,47,48,672.94,0,0,0
TX_004368,2211.96,19,54,92,132.12,0,0,0
TX_004369,821.02,17,36,16,524.5,1,0,0
TX_004370,926.37,0,68,46,536.56,1,0,0
TX_004371,1015.46,2,53,47,42.63,0,0,0
TX_004372,1936.6,14,51,95,954.12,0,0,0
TX_004373,260.5,19,24,48,806.62,0,0,0
TX_004374,1991.98,9,77,80,302.85,0,0,0
TX_004375,2560.98,20,62,69,130.62,0,0,0
TX_004376,2419.05,4,37,99,345.63,0,0,0
TX_004377,1917.01,14,70,25,894.28,0,0,0
TX_004378,4196.54,22,29,77,132.68,0,1,0
TX_004379,730.91,13,79,93,349.32,0,0,0
TX_004380,2530.96,14,49,91,494.3,1,0,0
TX_004381,314.9,9,19,81,32.88,0,0,0
TX_004382,360.42,23,39,37,268.03,0,0,0
TX_004383,2871.46,8,58,63,595.63,0,0,0
TX_004384,2832.26,11,65,29,323.96,0,0,0
TX_004385,4390.78,6,57,58,870.53,0,0,0
TX_004386,2791.58,4,41,98,936.77,0,0,0
TX_004387,4799.16,23,67,94,441.54,0,0,0
TX_004388,248.23,9,48,31,532.02,0,0,0
TX_004389,494.55,7,21,86,630.81,1,0,0
TX_004390,225.11,21,41,89,664.53,0,0,0
TX_004391,930.46,19,60,68,63.26,0,0,0
TX_004392,2708.64,15,34,99,53.68,1,0,0
TX_004393,3229.63,11,57,41,865.59,1,0,0
TX_004394,232.7,8,36,50,219.87,0,0,0
TX_004395,4730.12,9,57,44,584.11,0,0,0
TX_004396,4211.62,15,55,9,624.67,0,0,0
TX_004397,1486.58,9,72,59,164.46,0,0,0
TX_004398,390.55,8,51,90,761.6,0,0,0
TX_004399,853.59,2,64,91,865.95,0,0,0
TX_004400,639.09,18,50,27,285.38,0,0,0
TX_004401,620.8,10,23,82,877.84,0,1,0
TX_004402,2595.22,5,77,94,81.04,1,0,0
TX_004403,1233.01,5,68,59,800.46,1,0,0
TX_004404,1793.91,14,53,95,640.11,0,0,0
TX_004405,4947.58,14,30,3,583.11,0,0,0
TX_004406,3423.15,12,64,93,230.13,0,0,0
TX_004407,4745.16,21,26,7,361.84,0,1,0
TX_004408,717.07,4,52,82,910.3,0,0,0
TX_004409,1913.79,13,51,16,465.74,0,0,0
TX_004410,2775.89,20,33,49,594.38,0,0,0
TX_004411,388.41,1,35,32,935.85,0,0,0
TX_004412,25.92,22,35,89,466.49,0,0,0
TX_004413,3353.82,11,55,44,388.27,0,0,0
TX_004414,3210.89,19,67,96,893.2,0,0,0
TX_004415,2056.89,13,60,19,910.89,0,0,0
TX_004416,2450.77,18,49,3,354.64,0,0,0
TX_004417,2080.14,23,24,60,591.99,1,0,0
TX_004418,124.91,19,40,35,963.73,0,0,0
TX_004419,1680.18,14,40,29,55.47,0,1,0
TX_004420,889.53,19,63,75,39.8,1,0,0
TX_004421,496.63,23,78,70,516.58,0,0,0
TX_004422,4783.82,16,35,83,291.24,0,0,0
TX_004423,2998.8,13,24,45,581.85,0,0,0
TX_004424,3644.64,22,59,27,724.3,0,0,0
TX_004425,1580.24,17,57,69,69.07,0,0,0
TX_004426,1968.77,21,41,90,882.37,0,0,0
TX_004427,1188.44,23,31,35,276.89,0,0,0
TX_004428,489.34,4,67,19,381.35,0,0,0
TX_004429,899.26,21,22,17,337.04,0,0,0
TX_004430,3988.58,11,63,35,839.83,0,0,0
TX_004431,3389.34,9,71,77,170.65,0,0,0
TX_004432,2736.91,7,74,78,28.67,0,0,0
TX_004433,2378.07,5,39,30,971.8,0,0,0
TX_004434,4612.56,14,75,48,980.63,0,0,0
TX_004435,368.31,11,39,57,257.69,0,0,0
TX_004436,1406.6,5,27,17,9.35,0,0,0
TX_004437,1752.94,11,43,15,645.92,1,1,0
TX_004438,3913.22,14,32,82,648.46,0,0,0
TX_004439,4962.61,11,55,14,940.36,0,0,0
TX_004440,1207.15,8,58,14,298.47,0,0,0
TX_004441,4372.17,18,59,45,189.5,0,0,0
TX_004442,4153.96,20,72,97,616.38,1,0,0
TX_004443,1127.16,1,66,38,563.67,0,0,0
TX_004444,1999.67,12,18,63,717.74,0,0,0
TX_004445,2051.32,12,31,75,885.13,0,0,0
TX_004446,4891.21,7,53,11,559.75,0,0,0
TX_004447,908.56,12,48,48,150.08,0,0,0
TX_004448,3996.79,3,45,26,598.13,1,0,1
TX_004449,1674.29,5,51,67,374.1,1,0,0
TX_004450,3655.7,5,52,25,452.74,0,0,0
TX_004451,2102.95,20,77,81,959.48,0,0,0
TX_004452,2893.91,11,56,61,554.95,0,0,0
TX_004453,4163.9,11,79,86,149.65,0,0,0
TX_004454,4021.81,16,40,93,443.16,0,0,0
TX_004455,4332.78,6,63,26,228.43,0,0,0
TX_004456,302.79,14,61,34,135.48,0,0,0
TX_004457,3461.79,23,36,90,712.23,0,0,0
TX_004458,704.24,16,78,9,628.57,0,0,0
TX_004459,2082.01,9,35,40,497.79,1,0,0
TX_004460,2745.2,22,32,75,423.24,1,0,0
TX_004461,2016.68,19,78,7,322.22,0,0,0
TX_004462,2600.46,5,78,30,88.01,1,1,0
TX_004463,4982.65,8,18,66,299.27,0,0,0
TX_004464,680.41,14,42,30,838.39,0,0,0
TX_004465,3378.9,15,43,68,783.68,0,0,0
TX_004466,1983.02,20,52,58,972.32,0,0,0
TX_004467,669.38,7,74,55,656.07,0,0,0
TX_004468,797.89,15,32,14,553.64,1,0,0
TX_004469,4746.62,4,21,77,296.04,0,0,0
TX_004470,4398.61,17,32,89,76.86,0,0,0
TX_004471,4535.67,19,59,77,618.02,0,0,0
TX_004472,4957.71,13,55,77,488.16,0,0,0
TX_004473,1045.54,1,62,37,759.07,0,0,0
TX_004474,1780.42,22,56,44,411.86,0,0,0
TX_004475,3347.75,22,75,6,985.55,0,0,0
TX_004476,2421.59,2,79,26,397.61,0,0,0
TX_004477,2094.86,13,71,14,333.07,0,0,0
TX_004478,1792.27,6,18,8,870.99,1,0,0
TX_004479,2970.93,14,39,24,395.51,0,0,0
TX_004480,2880.09,16,28,86,870.9,0,0,0
TX_004481,811.48,0,63,39,27.35,0,1,0
TX_004482,2361.34,8,55,49,692.59,0,0,0
TX_004483,2769.59,21,54,85,71.85,0,0,0
TX_004484,2853.58,13,68,63,148.23,0,0,0
TX_004485,1054.49,15,43,26,700.08,0,0,0
TX_004486,3712.65,20,68,10,289.72,1,0,0
TX_004487,130.87,12,44,77,210.43,1,1,0
TX_004488,1777.39,5,75,58,801.53,0,0,0
TX_004489,3902.16,21,30,14,946.25,0,0,0
TX_004490,2821.65,0,24,73,232.38,0,0,0
TX_004491,1309.51,20,25,71,317.2,0,0,0
TX_004492,3476.29,3,63,39,714.07,1,0,1
TX_004493,2839.12,2,68,31,815.29,0,0,0
TX_004494,3982.24,16,68,50,999.16,0,0,0
TX_004495,3676.45,1,40,16,273.37,0,0,0
TX_004496,3052.49,18,43,72,556.62,0,0,0
TX_004497,2443.45,19,61,51,134.02,0,0,0
TX_004498,670.24,22,72,15,330.84,0,0,0
TX_004499,1310.36,21,44,89,44.97,0,1,0
TX_004500,2098.4,7,26,38,210.84,0,0,0
TX_004501,2998.5,14,63,79,506.54,0,0,0
TX_004502,2570.97,5,55,89,163.76,0,0,0
TX_004503,1444.48,22,64,71,889.38,0,0,0
TX_004504,37.29,19,30,90,710.31,0,0,0
TX_004505,2483.71,1,24,72,27.74,0,0,0
TX_004506,1431.7,14,28,82,876.7,0,0,0
TX_004507,3674.37,19,27,21,977.32,1,0,0
TX_004508,124.61,11,50,16,501.86,0,0,0
TX_004509,2926.21,2,56,67,314.61,0,0,0
TX_004510,4707.66,9,67,65,263.46,0,0,0
TX_004511,876.17,13,72,13,87.42,0,0,0
TX_004512,2360.89,21,20,64,491.61,0,0,0
TX_004513,461.65,13,58,61,50.14,0,0,0
TX_004514,3130.28,2,46,32,503.84,0,0,0
TX_004515,2754.91,0,54,12,252.55,1,0,0
TX_004516,2039.79,19,72,95,476.43,0,0,0
TX_004517,2609.28,0,73,41,418.38,0,1,0
TX_004518,4483.39,1,62,66,305.11,0,0,0
TX_004519,985.49,18,33,8,448.64,1,0,0
TX_004520,117.71,23,33,59,474.03,0,0,0
TX_004521,4309.02,9,61,25,833.69,1,0,0
TX_004522,2887.7,3,67,5,665.78,0,0,0
TX_004523,4453.84,3,60,45,433.16,0,0,0
TX_004524,2986.74,12,66,2,905.24,1,0,0
TX_004525,4051.75,8,24,42,755.74,0,0,0
TX_004526,2151.22,6,32,38,75.72,0,0,0
TX_004527,3750.55,15,55,3,153.75,0,0,0
TX_004528,4565.64,17,23,46,81.67,0,0,0
TX_004529,2862.75,2,35,22,318.86,0,0,0
TX_004530,908.02,19,36,33,435.65,0,0,0
TX_004531,1347.64,19,69,32,504.25,0,0,0
TX_004532,997.23,9,68,17,851.41,0,0,0
TX_004533,1238.05,23,19,82,17.96,1,1,0
TX_004534,1535.55,21,20,56,428.29,0,1,0
TX_004535,2777.89,15,63,3,411.0,0,0,0
TX_004536,2942.02,2,71,70,947.48,0,0,0
TX_004537,2135.37,10,42,49,241.04,0,0,0
TX_004538,3079.03,9,53,55,122.41,0,0,0
TX_004539,412.47,15,71,77,142.26,0,0,0
TX_004540,443.5,7,66,31,520.14,0,0,0
TX_004541,863.29,8,45,81,390.9,0,0,0
TX_004542,2592.8,14,55,21,754.14,0,0,0
TX_004543,1073.9,20,45,16,323.18,0,0,0
TX_004544,1420.01,2,49,17,127.96,0,0,0
TX_004545,2004.56,3,68,96,386.88,0,0,0
TX_004546,4060.27,12,58,1,883.04,0,0,0
TX_004547,74.24,11,53,72,405.53,1,0,0
TX_004548,3248.65,20,56,65,833.63,0,0,0
TX_004549,3346.04,8,53,66,371.53,1,0,0
TX_004550,3994.29,13,60,37,281.39,0,0,0
TX_004551,4664.1,18,71,24,774.86,0,0,0
TX_004552,105.59,6,79,91,209.23,0,0,0
TX_004553,773.15,15,40,84,231.83,1,0,0
TX_004554,4431.43,21,19,62,49.81,0,0,0
TX_004555,2295.3,19,27,21,187.85,0,0,0
TX_004556,2825.13,4,23,37,378.82,0,0,0
TX_004557,3316.82,9,25,35,399.57,0,0,0
TX_004558,3396.94,17,32,38,420.63,0,0,0
TX_004559,4659.04,10,62,53,479.69,0,1,0
TX_004560,4984.76,6,46,15,571.91,0,0,0
TX_004561,3602.19,13,45,42,189.43,0,0,0
TX_004562,1439.67,19,39,94,613.94,0,1,0
TX_004563,4399.36,17,51,4,336.55,0,0,0
TX_004564,250.86,10,37,39,734.01,0,0,0
TX_004565,1159.25,21,50,79,557.2,0,0,0
TX_004566,4487.44,11,32,23,554.27,1,0,0
TX_004567,1284.68,17,24,15,685.49,0,1,0
TX_004568,1107.15,1,41,90,333.02,0,0,0
TX_004569,694.94,22,43,12,429.23,0,0,0
TX_004570,4296.26,0,67,82,582.9,0,0,0
TX_004571,2502.79,22,27,70,421.56,0,0,0
TX_004572,3376.09,9,32,82,444.26,0,0,0
TX_004573,1199.14,20,54,54,272.49,0,0,0
TX_004574,3791.41,0,76,88,287.39,0,0,0
TX_004575,3801.23,5,41,38,698.96,0,0,0
TX_004576,1566.43,6,28,28,4.28,0,0,0
TX_004577,2056.36,16,57,79,95.29,1,0,0
TX_004578,1052.4,8,38,19,948.81,0,0,0
TX_004579,4882.92,6,57,69,187.02,1,0,0
TX_004580,3229.78,16,79,64,418.12,0,0,0
TX_004581,4673.05,2,55,4,849.69,0,0,0
TX_004582,1520.41,15,32,81,0.1,0,0,0
TX_004583,3910.55,4,32,10,925.18,0,1,1
TX_004584,3830.46,19,54,12,53.49,0,0,0
TX_004585,3459.82,17,62,69,170.87,0,0,0
TX_004586,4828.37,0,31,7,29.1,0,1,0
TX_004587,1970.81,3,60,44,519.52,0,0,0
TX_004588,657.93,22,69,23,943.09,0,0,0
TX_004589,3360.19,10,38,2,839.04,0,0,0
TX_004590,3647.9,19,61,94,639.75,1,0,0
TX_004591,2877.43,8,37,37,185.49,1,0,0
TX_004592,1038.06,7,50,69,869.6,0,0,0
TX_004593,2524.76,7,20,20,754.78,0,0,0
TX_004594,1564.39,4,57,90,266.85,0,0,0
TX_004595,2140.2,11,40,44,805.09,0,1,0
TX_004596,3227.87,0,61,70,877.15,1,0,1
TX_004597,3727.35,14,64,93,698.23,0,0,0
TX_004598,1164.96,17,40,74,100.38,0,0,0
TX_004599,2029.6,5,44,51,984.25,0,0,0
TX_004600,1349.46,9,52,80,76.0,1,0,0
TX_004601,997.16,13,42,98,654.47,0,1,0
TX_004602,3918.02,20,49,31,110.53,1,0,0
TX_004603,4546.72,7,39,41,905.41,0,0,0
TX_004604,1854.31,2,25,58,349.98,0,0,0
TX_004605,3757.64,21,73,5,511.5,0,0,0
TX_004606,4485.49,21,68,33,178.76,0,0,0
TX_004607,4231.39,18,69,43,546.56,1,0,0
TX_004608,918.15,11,79,19,938.84,0,0,0
TX_004609,4781.68,11,55,32,901.63,0,0,0
TX_004610,1886.5,14,35,87,63.9,0,0,0
TX_004611,1699.51,6,45,3,378.26,0,0,0
TX_004612,316.84,3,45,1,267.43,0,1,0
TX_004613,2433.44,20,28,41,481.36,0,0,0
TX_004614,549.52,8,29,92,833.73,0,0,0
TX_004615,1246.46,21,72,48,738.85,0,0,0
TX_004616,1588.13,15,19,39,343.98,0,0,0
TX_004617,4045.09,12,76,5,382.67,0,0,0
TX_004618,4378.07,3,54,77,654.25,0,0,0
TX_004619,1515.82,23,77,11,194.23,0,0,0
TX_004620,4294.2,8,21,22,102.73,0,0,0
TX_004621,4286.87,20,58,87,242.59,0,0,0
TX_004622,3824.43,17,62,64,124.03,0,0,0
TX_004623,737.74,14,62,12,351.98,0,1,0
TX_004624,3453.16,14,64,53,937.57,0,0,0
TX_004625,4725.4,5,51,55,120.3,0,0,0
TX_004626,3414.29,10,40,53,818.32,0,0,0
TX_004627,1661.43,7,30,21,534.65,0,0,0
TX_004628,2505.39,20,24,19,632.9,0,0,0
TX_004629,3230.4,16,49,69,170.08,0,0,0
TX_004630,2555.3,23,40,88,151.37,0,0,0
TX_004631,604.16,16,66,94,162.74,0,0,0
TX_004632,1563.76,23,25,72,667.06,0,0,0
TX_004633,4012.97,17,67,66,747.79,0,0,0
TX_004634,4307.78,3,64,59,920.24,0,0,0
TX_004635,690.81,14,64,49,398.19,0,1,0
TX_004636,4762.17,1,54,98,461.97,0,0,0
TX_004637,1647.47,1,51,59,469.6,1,0,0
TX_004638,3313.26,9,65,23,269.9,0,0,0
TX_004639,3760.37,2,46,3,328.23,0,0,0
TX_004640,4060.67,7,54,56,846.82,0,0,0
TX_004641,4729.02,19,40,58,343.72,0,1,0
TX_004642,1568.03,6,55,88,869.1,0,0,0
TX_004643,4293.24,11,46,62,305.27,1,1,1
TX_004644,662.78,18,61,18,339.88,1,0,0
TX_004645,3526.68,14,22,61,560.28,0,0,0
TX_004646,3711.18,13,69,37,103.13,0,1,0
TX_004647,3390.23,15,57,54,922.06,0,0,0
TX_004648,1265.31,13,28,95,820.4,0,0,0
TX_004649,4365.85,2,31,78,670.5,0,1,1
TX_004650,848.45,17,73,65,988.13,0,0,0
TX_004651,272.91,21,66,14,16.0,0,0,0
TX_004652,3588.74,5,59,5,411.06,0,0,0
TX_004653,2380.0,16,19,95,858.34,0,0,0
TX_004654,4246.24,22,52,95,433.02,0,0,0
TX_004655,1920.07,13,62,94,5.24,0,1,0
TX_004656,845.55,13,66,62,157.75,0,0,0
TX_004657,4183.03,19,76,1,434.07,0,0,0
TX_004658,2746.8,12,52,63,667.95,0,1,0
TX_004659,950.03,2,59,67,162.65,0,0,0
TX_004660,3603.32,12,45,20,448.04,1,0,0
TX_004661,2558.01,23,25,43,12.79,0,0,0
TX_004662,3023.54,1,49,85,477.5,0,0,0
TX_004663,2307.19,8,21,94,895.92,0,0,0
TX_004664,4144.4,12,62,42,596.77,0,0,0
TX_004665,4148.67,7,78,94,440.66,1,0,0
TX_004666,3548.4,15,24,69,162.26,0,0,0
TX_004667,531.48,23,56,74,202.42,0,0,0
TX_004668,4195.08,2,65,88,76.51,0,0,0
TX_004669,3356.71,12,44,39,742.41,0,0,0
TX_004670,3486.64,3,54,62,77.14,0,0,0
TX_004671,1818.1,17,77,48,383.95,0,0,0
TX_004672,4397.0,1,34,6,749.84,0,0,0
TX_004673,3628.23,19,27,74,712.82,0,0,0
TX_004674,567.39,21,21,42,577.53,0,0,0
TX_004675,2041.85,20,40,58,571.31,0,0,0
TX_004676,4432.47,14,31,43,90.33,0,0,0
TX_004677,240.75,16,22,10,174.92,0,0,0
TX_004678,4807.28,9,19,89,534.74,0,0,0
TX_004679,3397.42,0,63,78,348.08,0,0,0
TX_004680,3158.72,5,41,39,18.94,0,0,0
TX_004681,1356.44,2,35,13,798.17,0,0,0
TX_004682,1247.71,18,44,75,653.81,0,0,0
TX_004683,4710.58,6,41,39,325.79,0,0,0
TX_004684,1494.87,12,46,11,98.21,1,1,0
TX_004685,3878.65,12,28,16,591.2,1,0,0
TX_004686,1968.64,16,65,33,348.55,0,0,0
TX_004687,700.57,0,35,60,255.39,0,0,0
TX_004688,58.52,13,76,96,721.47,0,0,0
TX_004689,2723.57,2,65,59,328.15,1,0,0
TX_004690,4879.02,13,70,74,136.05,0,0,0
TX_004691,1848.84,23,21,51,481.65,0,0,0
TX_004692,1789.18,0,50,15,828.47,0,0,0
TX_004693,1723.74,15,31,80,849.66,0,0,0
TX_004694,2605.12,9,61,43,849.34,0,0,0
TX_004695,2206.12,12,73,27,420.92,0,0,0
TX_004696,4400.17,3,59,56,790.93,0,0,0
TX_004697,2530.08,8,49,60,850.23,0,0,0
TX_004698,2541.25,13,77,96,459.54,0,1,0
TX_004699,696.17,3,68,70,318.74,1,0,0
TX_004700,4913.78,9,78,47,701.96,1,0,1
TX_004701,1253.61,7,21,8,904.47,1,0,0
TX_004702,371.45,22,37,63,972.15,0,0,0
TX_004703,3317.42,2,38,89,290.22,0,1,0
TX_004704,2978.86,22,20,7,956.17,0,0,0
TX_004705,2078.65,6,42,81,499.28,0,0,0
TX_004706,2113.85,9,21,94,306.03,0,0,0
TX_004707,3926.39,2,79,2,988.4,0,0,0
TX_004708,982.58,1,75,17,877.81,1,0,0
TX_004709,4102.17,14,64,4,692.42,0,0,0
TX_004710,3245.49,8,28,26,894.94,1,0,0
TX_004711,2097.75,14,33,78,681.49,0,0,0
TX_004712,2292.85,16,76,72,440.4,0,0,0
TX_004713,1286.95,6,53,69,948.05,0,0,0
TX_004714,3761.81,19,23,5,963.25,0,0,0
TX_004715,2566.81,17,48,5,314.18,1,0,0
TX_004716,1607.67,14,57,91,354.4,0,0,0
TX_004717,2982.27,17,30,69,382.72,0,0,0
TX_004718,4978.69,23,40,3,822.15,0,0,0
TX_004719,2179.14,22,69,38,791.15,1,0,0
TX_004720,4603.85,11,21,94,983.12,0,0,0
TX_004721,1728.36,22,54,1,465.21,1,0,0
TX_004722,278.39,20,59,8,736.77,0,0,0
TX_004723,1025.19,7,54,13,856.72,1,1,0
TX_004724,2096.38,1,61,84,221.23,0,0,0
TX_004725,1102.08,1,50,70,620.56,0,0,0
TX_004726,6.13,4,78,50,547.71,0,0,0
TX_004727,4575.43,0,73,8,742.83,0,0,0
TX_004728,4220.18,21,59,30,695.43,1,0,0
TX_004729,3712.75,3,46,40,812.79,0,0,0
TX_004730,843.23,5,54,79,311.15,0,0,0
TX_004731,606.22,22,36,74,216.36,0,0,0
TX_004732,342.69,12,68,33,805.2,1,0,0
TX_004733,3621.53,18,37,73,360.56,0,0,0
TX_004734,4644.4,10,49,52,287.57,0,0,0
TX_004735,2155.53,12,61,33,336.82,0,1,0
TX_004736,600.11,7,72,73,66.35,1,0,0
TX_004737,2564.4,6,33,78,773.14,0,0,0
TX_004738,1747.42,12,22,96,715.16,0,0,0
TX_004739,1877.25,0,66,37,552.69,0,0,0
TX_004740,3108.55,5,63,70,716.08,1,0,0
TX_004741,3595.0,6,29,69,373.13,0,0,0
TX_004742,557.46,15,62,4,295.37,0,0,0
TX_004743,182.77,14,38,60,862.3,0,0,0
TX_004744,4971.68,19,31,80,422.45,0,0,0
TX_004745,1167.48,1,54,74,195.91,0,0,0
TX_004746,273.88,22,39,31,749.04,0,0,0
TX_004747,953.43,15,47,95,335.87,0,0,0
TX_004748,199.59,16,40,14,211.85,0,0,0
TX_004749,1962.1,23,22,77,27.21,0,1,0
TX_004750,4013.0,14,46,60,970.6,0,0,0
TX_004751,1709.52,2,76,68,467.29,1,0,0
TX_004752,2223.7,3,47,26,161.76,0,0,0
TX_004753,3379.56,11,35,24,757.81,0,0,0
TX_004754,2546.93,4,63,56,887.65,1,0,0
TX_004755,4307.92,16,67,9,527.97,0,0,0
TX_004756,4330.85,5,78,35,28.36,0,0,0
TX_004757,54.5,9,69,79,365.14,0,0,0
TX_004758,3891.34,21,18,24,243.1,0,0,0
TX_004759,2306.36,17,56,31,636.4,0,0,0
TX_004760,4944.26,9,78,83,518.86,0,0,0
TX_004761,2418.74,5,34,66,355.74,0,0,0
TX_004762,4934.55,23,20,66,648.51,0,0,0
TX_004763,3774.07,5,59,41,584.43,1,0,0
TX_004764,1246.78,19,24,36,906.49,0,0,0
TX_004765,2694.28,14,44,34,596.8,1,0,0
TX_004766,4960.72,3,45,39,507.71,1,0,1
TX_004767,4288.37,15,61,83,823.67,0,0,0
TX_004768,491.35,21,71,23,202.42,1,1,0
TX_004769,3533.33,23,48,80,243.56,1,0,0
TX_004770,1731.17,7,32,44,783.57,0,0,0
TX_004771,39.88,6,72,70,442.35,1,0,0
TX_004772,2020.39,18,70,58,409.24,0,0,0
TX_004773,1177.6,16,65,59,887.08,1,0,0
TX_004774,4095.25,20,25,26,610.11,0,1,0
TX_004775,1689.97,12,23,22,802.91,0,0,0
TX_004776,4138.48,14,45,88,809.84,0,0,0
TX_004777,7.99,1,21,40,120.03,0,0,0
TX_004778,1542.56,9,47,85,653.7,0,0,0
TX_004779,1209.62,12,60,94,952.52,0,0,0
TX_004780,1171.67,17,34,11,480.03,1,0,0
TX_004781,345.59,22,51,9,732.18,0,0,0
TX_004782,939.69,10,77,12,566.73,0,0,0
TX_004783,2779.97,12,23,26,204.85,0,0,0
TX_004784,1460.35,18,53,38,195.19,0,0,0
TX_004785,2089.89,23,52,3,433.83,0,0,0
TX_004786,1887.45,23,56,97,482.99,0,0,0
TX_004787,4380.15,21,56,15,503.13,0,0,0
TX_004788,4526.97,4,33,47,955.0,0,0,0
TX_004789,2467.32,2,19,5,100.25,1,0,0
TX_004790,1654.13,18,25,54,380.53,0,0,0
TX_004791,538.47,22,32,24,514.55,0,1,0
TX_004792,4767.25,12,44,11,963.11,0,0,0
TX_004793,305.83,4,33,33,504.31,0,0,0
TX_004794,1491.76,11,18,87,775.28,0,0,0
TX_004795,1493.84,13,76,74,749.28,1,0,0
TX_004796,1605.4,5,27,57,566.44,0,0,0
TX_004797,825.61,21,24,52,130.7,0,0,0
TX_004798,3916.89,8,65,64,218.76,0,1,0
TX_004799,616.88,16,27,43,240.14,0,0,0
TX_004800,3176.36,7,29,92,38.66,0,0,0
TX_004801,623.61,12,34,81,379.22,0,0,0
TX_004802,357.33,4,62,44,610.51,0,0,0
TX_004803,4547.6,21,29,90,144.27,0,0,0
TX_004804,954.69,21,32,89,175.04,0,0,0
TX_004805,4107.14,16,63,36,706.99,1,0,0
TX_004806,2725.43,2,68,12,169.25,1,0,0
TX_004807,393.89,5,49,56,135.34,0,0,0
TX_004808,4777.46,13,49,3,977.84,0,0,0
TX_004809,1238.57,14,68,50,14.74,0,0,0
TX_004810,4298.93,13,43,29,325.41,0,1,0
TX_004811,848.21,10,31,88,34.94,1,0,0
TX_004812,4270.44,10,67,83,838.05,1,0,0
TX_004813,71.08,8,79,77,583.54,0,0,0
TX_004814,2561.34,5,43,16,47.95,0,0,0
TX_004815,3848.37,14,78,40,615.36,0,1,0
TX_004816,4674.3,11,22,27,123.1,0,0,0
TX_004817,4546.46,5,69,70,495.73,0,1,0
TX_004818,4099.03,0,78,42,669.41,1,0,1
TX_004819,4441.52,15,55,57,148.51,0,0,0
TX_004820,1000.1,19,67,10,497.05,0,0,0
TX_004821,1424.5,14,63,38,457.41,0,1,0
TX_004822,1448.4,1,21,8,915.75,1,0,0
TX_004823,1888.38,16,45,18,995.7,1,0,0
TX_004824,1969.64,2,72,96,654.47,1,0,0
TX_004825,2725.05,2,18,17,854.86,0,0,0
TX_004826,803.6,4,30,58,646.88,0,0,0
TX_004827,3457.78,16,60,66,876.29,0,0,0
TX_004828,841.99,22,20,44,433.27,0,0,0
TX_004829,1554.99,16,66,84,607.99,0,0,0
TX_004830,2519.21,19,67,74,845.17,1,0,0
TX_004831,3983.22,5,42,9,918.09,1,0,0
TX_004832,3698.65,0,59,48,24.68,0,0,0
TX_004833,3229.44,6,33,39,103.95,0,0,0
TX_004834,783.09,14,38,89,931.17,0,0,0
TX_004835,2737.49,6,30,89,568.51,0,0,0
TX_004836,441.8,18,69,88,990.19,0,0,0
TX_004837,1889.93,19,61,6,792.63,0,0,0
TX_004838,2070.52,21,53,30,818.14,1,0,0
TX_004839,203.86,10,25,74,386.12,1,1,0
TX_004840,1373.57,22,61,95,257.54,0,0,0
TX_004841,4778.47,13,36,18,598.26,1,0,0
TX_004842,4768.39,12,64,43,879.03,0,0,0
TX_004843,1764.87,19,77,33,725.7,0,0,0
TX_004844,220.29,8,33,53,472.18,0,0,0
TX_004845,899.58,8,29,56,753.2,1,0,0
TX_004846,1964.13,15,37,19,690.4,0,0,0
TX_004847,4739.16,11,35,87,913.05,0,0,0
TX_004848,710.29,9,71,69,263.56,0,0,0
TX_004849,3818.76,5,29,26,119.31,0,0,0
TX_004850,547.87,17,65,29,470.05,0,0,0
TX_004851,4906.38,1,42,24,361.08,0,0,0
TX_004852,1911.17,19,77,6,974.86,0,0,0
TX_004853,3877.3,8,69,54,7.5,0,0,0
TX_004854,1716.24,18,28,39,933.38,0,0,0
TX_004855,3140.21,5,39,4,955.08,0,0,0
TX_004856,964.12,1,69,58,50.96,0,0,0
TX_004857,734.37,14,63,48,889.57,1,0,0
TX_004858,4690.63,16,51,60,470.78,0,1,0
TX_004859,4588.65,15,30,26,766.15,0,0,0
TX_004860,4437.91,20,63,79,79.26,0,0,0
TX_004861,3129.04,7,55,77,955.21,0,0,0
TX_004862,4042.3,9,29,40,607.55,1,1,1
TX_004863,349.84,9,56,86,898.69,1,0,0
TX_004864,1677.27,17,53,77,672.96,0,0,0
TX_004865,1571.95,9,45,56,536.81,0,1,0
TX_004866,3180.05,8,44,39,172.5,0,0,0
TX_004867,1783.01,23,56,81,177.95,0,0,0
TX_004868,746.79,18,30,39,472.57,0,1,0
TX_004869,2984.35,0,60,48,870.44,0,0,0
TX_004870,4072.85,3,57,25,115.22,0,0,0
TX_004871,1913.71,23,44,34,998.39,1,0,0
TX_004872,665.68,2,68,21,875.91,0,0,0
TX_004873,987.46,9,48,25,392.56,1,0,0
TX_004874,1191.23,11,19,89,253.12,1,0,0
TX_004875,1502.99,17,70,22,922.0,0,0,0
TX_004876,3215.76,22,35,23,123.21,0,0,0
TX_004877,3006.72,19,43,25,347.29,0,0,0
TX_004878,3481.92,5,70,78,83.91,0,0,0
TX_004879,1815.7,20,59,78,953.46,0,1,0
TX_004880,4120.87,1,48,26,617.62,0,0,0
TX_004881,1024.42,9,78,30,336.18,1,0,0
TX_004882,2347.86,1,55,90,275.48,0,0,0
TX_004883,4005.69,8,73,38,444.09,0,0,0
TX_004884,904.89,9,39,86,91.38,0,0,0
TX_004885,553.77,1,53,34,889.35,0,0,0
TX_004886,4419.0,7,36,89,510.94,0,0,0
TX_004887,1717.93,23,31,77,725.1,0,0,0
TX_004888,3420.93,16,31,93,233.75,0,0,0
TX_004889,131.62,16,67,73,503.75,1,0,0
TX_004890,3451.78,3,46,15,211.09,0,0,0
TX_004891,1583.93,17,34,95,816.09,0,0,0
TX_004892,283.43,11,67,44,775.28,0,0,0
TX_004893,3051.01,16,67,91,148.2,0,0,0
TX_004894,1207.82,8,54,95,74.51,0,0,0
TX_004895,1937.1,18,26,10,824.2,0,0,0
TX_004896,407.5,13,18,37,109.65,0,0,0
TX_004897,740.08,13,21,7,548.48,0,0,0
TX_004898,1493.4,16,75,32,534.49,0,0,0
TX_004899,453.35,1,24,11,202.94,0,0,0
TX_004900,4554.58,7,28,48,591.36,0,1,0
TX_004901,35.2,4,31,92,502.76,1,0,0
TX_004902,2421.88,6,59,68,509.19,0,0,0
TX_004903,620.62,21,36,48,359.7,0,0,0
TX_004904,1541.86,15,57,45,838.43,0,0,0
TX_004905,4630.67,15,20,95,84.37,0,0,0
TX_004906,812.66,16,25,93,438.62,0,0,0
TX_004907,4829.33,21,46,33,259.82,0,0,0
TX_004908,1032.94,6,67,4,848.43,0,0,0
TX_004909,3709.12,19,54,47,225.08,0,0,0
TX_004910,2735.65,7,69,90,767.02,1,0,0
TX_004911,4422.97,7,60,53,611.52,1,0,0
TX_004912,2772.2,22,26,31,874.79,0,0,0
TX_004913,2675.12,10,36,31,593.79,0,0,0
TX_004914,981.31,14,29,27,556.48,0,0,0
TX_004915,835.32,17,44,89,801.13,0,0,0
TX_004916,4582.86,5,54,48,562.49,0,0,0
TX_004917,1642.55,21,65,36,844.54,1,0,0
TX_004918,1863.55,11,75,49,49.32,0,0,0
TX_004919,3800.32,14,42,31,495.15,1,0,0
TX_004920,1697.42,22,62,44,812.69,0,0,0
TX_004921,4760.55,5,55,59,848.37,0,0,0
TX_004922,3690.95,17,65,23,834.06,0,0,0
TX_004923,2989.16,23,67,99,604.38,1,0,0
TX_004924,4405.07,19,34,68,993.97,0,0,0
TX_004925,252.78,8,61,92,181.39,0,0,0
TX_004926,1289.03,7,76,42,174.46,0,0,0
TX_004927,2327.86,13,50,42,32.82,0,1,0
TX_004928,1138.76,18,56,13,989.34,0,0,0
TX_004929,3720.81,18,31,1,348.02,0,0,0
TX_004930,4596.44,7,45,76,762.05,0,0,0
TX_004931,2121.73,1,35,53,59.71,0,0,0
TX_004932,1713.95,3,72,40,298.69,0,1,0
TX_004933,4807.95,5,50,90,623.85,0,0,0
TX_004934,2227.04,2,69,46,524.78,0,0,0
TX_004935,2447.8,2,59,87,207.75,0,0,0
TX_004936,1761.49,18,32,22,461.59,0,0,0
TX_004937,4548.19,10,78,52,108.78,0,0,0
TX_004938,2846.93,9,28,28,542.7,0,0,0
TX_004939,3812.06,11,53,53,96.94,0,0,0
TX_004940,4059.97,13,32,63,635.94,0,0,0
TX_004941,1712.54,17,70,17,155.36,1,0,0
TX_004942,2171.3,23,79,64,547.09,0,0,0
TX_004943,4243.12,8,65,6,129.12,0,1,0
TX_004944,1819.46,14,47,14,400.71,0,0,0
TX_004945,3970.71,23,75,17,351.83,0,0,0
TX_004946,4705.26,2,32,38,756.41,0,0,0
TX_004947,3117.94,22,66,69,641.16,0,0,0
TX_004948,3709.43,10,40,13,937.09,0,0,0
TX_004949,4026.46,9,60,53,921.91,1,0,0
TX_004950,4225.97,17,67,9,725.0,0,0,0
TX_004951,1978.29,3,77,44,770.59,0,0,0
TX_004952,261.06,12,65,26,624.91,0,0,0
TX_004953,2012.37,5,76,77,691.66,0,0,0
TX_004954,3370.41,20,32,19,617.22,0,0,0
TX_004955,2254.5,12,46,48,311.77,0,0,0
TX_004956,3746.07,19,28,81,350.69,0,0,0
TX_004957,1788.13,4,62,80,574.73,0,0,0
TX_004958,3175.55,19,35,30,720.18,0,0,0
TX_004959,936.17,13,57,32,406.12,0,0,0
TX_004960,3748.1,12,48,78,142.67,1,0,0
TX_004961,2730.75,13,26,79,459.42,0,0,0
TX_004962,1024.3,7,39,76,963.19,0,0,0
TX_004963,1463.1,15,28,75,214.09,0,0,0
TX_004964,3744.3,12,34,69,649.07,1,0,0
TX_004965,2415.59,23,50,11,982.54,1,0,0
TX_004966,1084.08,14,79,98,376.24,0,0,0
TX_004967,4836.52,18,28,83,887.88,0,0,0
TX_004968,3577.05,0,56,26,864.01,0,0,0
TX_004969,4785.89,21,25,26,339.04,0,0,0
TX_004970,2138.39,1,68,17,98.52,1,0,0
TX_004971,2378.13,17,74,95,178.54,0,0,0
TX_004972,4490.29,18,21,83,365.75,0,0,0
TX_004973,2627.62,7,53,44,959.13,0,0,0
TX_004974,3537.86,2,36,84,274.45,0,0,0
TX_004975,1264.6,22,41,23,926.86,1,0,0
TX_004976,2236.4,13,58,25,181.36,0,0,0
TX_004977,621.63,8,66,92,969.81,0,0,0
TX_004978,1033.87,7,35,37,293.6,0,0,0
TX_004979,9.71,16,50,76,633.09,1,0,0
TX_004980,201.13,22,63,65,69.69,0,0,0
TX_004981,4886.53,22,53,2,299.66,1,1,1
TX_004982,1215.56,23,27,74,210.71,1,0,0
TX_004983,3318.24,15,72,98,3.42,0,0,0
TX_004984,4196.3,9,31,32,156.77,1,0,0
TX_004985,2755.55,20,24,89,593.1,0,0,0
TX_004986,769.96,9,29,74,389.92,1,0,0
TX_004987,3641.94,23,39,55,722.57,0,0,0
TX_004988,3003.26,5,78,50,671.07,0,0,0
TX_004989,3657.6,21,44,65,799.3,0,0,0
TX_004990,3849.88,16,65,32,867.03,0,0,0
TX_004991,4877.17,15,54,37,819.83,0,0,0
TX_004992,2869.95,14,28,76,448.06,0,0,0
TX_004993,1711.5,21,53,82,308.73,0,0,0
TX_004994,3244.08,13,77,94,502.3,1,0,0
TX_004995,346.86,3,30,13,535.13,0,0,0
TX_004996,4487.5,3,49,54,313.17,0,0,0
TX_004997,601.31,1,79,3,540.01,1,0,0
TX_004998,1642.57,10,25,85,105.78,1,1,0
TX_004999,4079.65,3,24,42,231.04,0,0,0
TX_005000,2988.58,20,60,78,746.05,0,0,0
TX_005001,1971.21,20,60,40,182.83,0,1,0
TX_005002,2369.81,15,75,74,139.04,0,0,0
TX_005003,4273.46,20,34,66,287.34,1,1,1
TX_005004,1703.32,3,39,60,371.05,0,0,0
TX_005005,4348.9,0,63,11,328.55,0,0,0
TX_005006,445.23,23,51,1,374.61,0,1,0
TX_005007,3885.11,18,37,26,139.91,0,0,0
TX_005008,4238.5,1,70,42,165.4,0,0,0
TX_005009,913.18,8,25,62,235.83,0,1,0
TX_005010,2154.58,22,39,61,401.99,0,0,0
TX_005011,831.67,12,44,77,335.9,0,0,0
TX_005012,3534.49,17,51,92,791.33,0,0,0
TX_005013,2679.06,15,38,85,525.52,0,0,0
TX_005014,3178.44,15,32,62,575.7,1,0,0
TX_005015,986.45,9,22,74,560.59,0,0,0
TX_005016,1062.67,8,55,12,398.78,0,0,0
TX_005017,212.28,10,34,27,980.48,0,0,0
TX_005018,1613.73,3,25,67,37.33,0,0,0
TX_005019,2800.92,9,36,28,215.84,0,0,0
TX_005020,4290.38,2,22,66,284.65,0,0,0
TX_005021,3336.3,5,40,28,881.3,0,0,0
TX_005022,2179.8,2,36,95,918.87,0,0,0
TX_005023,4765.83,8,31,21,846.1,0,0,0
TX_005024,3597.63,2,27,7,416.95,0,0,0
TX_005025,4651.18,17,48,95,914.62,0,0,0
TX_005026,2640.3,7,30,14,98.51,1,0,0
TX_005027,1298.23,21,39,39,652.43,0,0,0
TX_005028,268.87,7,54,73,937.22,1,0,0
TX_005029,3631.79,14,56,87,754.9,0,0,0
TX_005030,610.91,12,27,62,277.87,0,0,0
TX_005031,1517.36,6,48,12,717.51,0,0,0
TX_005032,2664.69,18,60,93,294.76,0,0,0
TX_005033,2824.26,7,52,38,111.58,0,0,0
TX_005034,3004.91,9,30,58,717.22,0,0,0
TX_005035,835.45,16,47,56,179.23,1,0,0
TX_005036,1901.79,0,51,39,111.06,0,0,0
TX_005037,3087.89,12,53,86,551.76,0,0,0
TX_005038,4849.25,12,52,4,620.63,1,0,0
TX_005039,3639.52,23,64,48,51.06,0,0,0
TX_005040,4613.41,15,21,7,4.47,0,0,0
TX_005041,3812.25,8,72,60,882.07,1,0,0
TX_005042,2960.63,9,70,40,115.25,1,0,0
TX_005043,964.16,5,21,8,583.9,0,0,0
TX_005044,3335.09,4,79,58,953.55,0,0,0
TX_005045,3118.78,1,64,57,511.91,0,0,0
TX_005046,3014.33,10,23,35,139.8,0,0,0
TX_005047,2451.48,8,72,73,393.48,0,0,0
TX_005048,2645.64,5,45,13,624.04,0,0,0
TX_005049,1675.54,7,47,39,762.84,0,0,0
TX_005050,2598.97,8,44,84,606.94,0,0,0
TX_005051,991.79,8,22,21,34.32,0,0,0
TX_005052,4026.85,7,61,47,143.1,1,0,0
TX_005053,932.96,11,56,83,371.8,1,0,0
TX_005054,429.41,7,52,2,705.71,0,0,0
TX_005055,2184.05,2,56,44,584.33,0,0,0
TX_005056,3293.25,12,61,30,44.69,0,0,0
TX_005057,2191.4,18,32,87,796.89,0,0,0
TX_005058,1387.39,1,36,55,605.12,0,0,0
TX_005059,2793.07,16,47,40,887.15,0,0,0
TX_005060,1738.28,15,55,77,417.65,0,1,0
TX_005061,4664.67,3,49,97,490.2,0,0,0
TX_005062,4613.61,17,57,96,405.55,1,0,0
TX_005063,2514.35,13,46,92,722.45,1,0,0
TX_005064,1642.78,1,23,24,752.13,0,0,0
TX_005065,3686.98,12,43,42,723.24,0,0,0
TX_005066,188.38,20,44,28,291.6,0,0,0
TX_005067,2376.47,19,52,94,636.03,0,0,0
TX_005068,1684.94,16,45,93,338.53,0,0,0
TX_005069,4603.08,14,22,98,834.2,0,0,0
TX_005070,64.96,19,58,51,55.12,0,0,0
TX_005071,2766.31,4,73,22,37.72,0,0,0
TX_005072,3704.61,6,65,89,101.71,0,0,0
TX_005073,2427.66,17,71,78,202.36,1,0,0
TX_005074,431.59,23,33,74,37.64,1,0,0
TX_005075,4862.44,10,58,74,71.62,0,1,0
TX_005076,2592.46,17,35,8,306.06,0,0,0
TX_005077,3072.86,4,30,14,99.79,0,0,0
TX_005078,1186.87,12,60,45,802.07,1,1,0
TX_005079,2420.07,17,42,38,53.87,0,0,0
TX_005080,2148.6,1,27,32,907.93,0,0,0
TX_005081,379.1,19,46,62,870.84,0,0,0
TX_005082,535.27,3,27,96,208.38,0,0,0
TX_005083,4188.18,12,23,67,71.53,0,0,0
TX_005084,1202.9,23,33,84,105.54,0,0,0
TX_005085,978.82,15,42,61,559.09,0,0,0
TX_005086,2527.03,5,61,13,600.92,0,0,0
TX_005087,3844.89,7,21,87,315.58,0,0,0
TX_005088,314.42,15,54,83,296.83,0,0,0
TX_005089,2886.16,12,51,80,531.5,1,0,0
TX_005090,600.46,22,36,99,305.63,0,0,0
TX_005091,187.12,3,50,47,934.32,0,0,0
TX_005092,268.46,1,21,54,382.63,0,0,0
TX_005093,4171.65,8,61,71,219.81,0,0,0
TX_005094,594.27,17,51,52,145.96,1,0,0
TX_005095,230.53,16,29,72,631.71,0,0,0
TX_005096,2192.31,7,48,25,326.66,0,0,0
TX_005097,4220.75,14,33,23,188.79,0,0,0
TX_005098,1315.73,8,19,74,275.82,0,0,0
TX_005099,2111.45,16,66,30,307.88,0,0,0
TX_005100,204.41,22,75,97,625.83,0,0,0
TX_005101,2248.15,1,77,11,174.68,1,0,0
TX_005102,2890.18,5,19,35,732.8,1,0,0
TX_005103,2856.68,4,53,27,304.88,0,0,0
TX_005104,1665.47,16,23,67,488.31,0,0,0
TX_005105,1581.09,1,78,47,654.84,0,0,0
TX_005106,537.58,17,77,50,543.62,0,0,0
TX_005107,1837.16,9,40,8,662.23,0,0,0
TX_005108,501.98,9,56,55,322.6,0,0,0
TX_005109,3834.15,5,72,77,963.45,1,0,0
TX_005110,4831.54,11,64,42,458.99,0,0,0
TX_005111,4850.52,16,69,67,321.93,0,0,0
TX_005112,4326.03,12,61,20,296.39,0,0,0
TX_005113,3005.96,19,54,45,42.69,0,0,0
TX_005114,3505.82,15,63,35,684.81,0,0,0
TX_005115,1429.6,9,33,77,262.52,0,0,0
TX_005116,3155.7,20,60,20,958.93,0,0,0
TX_005117,2280.97,1,61,24,210.44,0,0,0
TX_005118,2412.68,1,36,57,529.49,0,0,0
TX_005119,3790.09,22,66,55,735.47,0,0,0
TX_005120,1413.18,6,79,9,870.12,0,0,0
TX_005121,1593.61,5,41,94,156.46,0,0,0
TX_005122,4623.59,0,75,89,985.4,1,0,1
TX_005123,285.84,11,44,16,906.75,0,0,0
TX_005124,2430.74,12,24,55,962.85,1,1,1
TX_005125,4564.44,11,47,72,852.67,0,0,0
TX_005126,3053.76,18,58,58,877.67,0,0,0
TX_005127,2734.3,8,31,64,598.83,0,0,0
TX_005128,1252.47,9,75,92,845.31,0,0,0
TX_005129,1719.66,16,69,76,534.01,0,0,0
TX_005130,4260.98,17,61,88,538.22,0,0,0
TX_005131,2798.29,7,32,49,562.58,0,0,0
TX_005132,2576.14,6,29,29,996.32,0,0,0
TX_005133,502.4,8,70,79,104.39,0,0,0
TX_005134,85.06,9,70,82,805.61,0,0,0
TX_005135,4818.61,11,46,7,273.31,1,0,0
TX_005136,1888.05,14,40,77,361.23,0,0,0
TX_005137,3018.05,14,30,83,80.53,0,0,0
TX_005138,403.18,3,26,69,351.57,1,1,0
TX_005139,3417.16,3,41,90,990.76,0,0,0
TX_005140,4663.17,22,56,2,397.07,0,0,0
TX_005141,2880.45,0,47,33,669.69,0,0,0
TX_005142,634.95,11,18,48,120.71,0,0,0
TX_005143,2910.7,1,77,37,922.5,0,0,0
TX_005144,3832.9,14,27,89,827.75,0,0,0
TX_005145,2035.05,16,78,89,386.29,0,0,0
TX_005146,4399.79,6,55,30,348.46,0,1,0
TX_005147,3245.17,5,75,41,432.27,1,1,0
TX_005148,4496.75,11,64,4,401.26,1,0,0
TX_005149,3119.41,18,32,83,258.05,0,0,0
TX_005150,660.78,0,26,91,990.85,0,0,0
TX_005151,1551.91,20,30,39,810.55,0,0,0
TX_005152,1012.97,13,40,24,267.92,0,0,0
TX_005153,4544.59,3,50,50,981.72,0,0,0
TX_005154,3803.2,4,26,37,15.53,0,0,0
TX_005155,3383.61,0,20,53,437.9,0,0,0
TX_005156,1508.33,0,47,25,569.49,0,0,0
TX_005157,924.3,20,26,93,37.59,0,0,0
TX_005158,3783.47,5,69,31,161.04,0,0,0
TX_005159,2373.42,4,42,99,258.13,0,0,0
TX_005160,1132.82,1,78,92,720.23,0,0,0
TX_005161,3085.03,20,64,38,939.74,0,0,0
TX_005162,206.47,4,41,58,624.54,0,0,0
TX_005163,1634.22,8,49,53,562.66,0,0,0
TX_005164,2345.44,18,24,50,536.76,0,0,0
TX_005165,744.05,20,53,4,350.7,0,0,0
TX_005166,4923.35,14,42,92,827.71,0,0,0
TX_005167,1049.44,12,37,52,540.77,0,0,0
TX_005168,656.11,11,34,31,230.1,0,0,0
TX_005169,1021.66,4,71,87,136.83,0,0,0
TX_005170,3846.46,1,53,78,985.51,0,0,0
TX_005171,2130.4,3,43,92,17.47,1,0,0
TX_005172,2829.25,17,36,14,933.44,0,1,0
TX_005173,109.94,20,77,1,218.3,1,0,0
TX_005174,176.98,9,54,43,657.55,0,1,0
TX_005175,2231.9,12,65,96,301.53,0,0,0
TX_005176,4084.19,11,20,59,859.81,0,0,0
TX_005177,4426.77,1,60,61,543.45,0,0,0
TX_005178,438.1,14,74,41,141.06,0,0,0
TX_005179,2694.12,13,45,18,269.84,1,0,0
TX_005180,4566.58,9,39,60,320.32,0,0,0
TX_005181,1942.92,21,64,69,885.92,0,0,0
TX_005182,4148.68,7,36,79,766.74,0,0,0
TX_005183,672.81,14,70,59,829.59,0,1,0
TX_005184,4677.3,12,73,42,52.25,0,0,0
TX_005185,3758.36,7,63,80,578.78,0,0,0
TX_005186,4706.97,20,33,36,999.18,0,0,0
TX_005187,3384.7,20,73,40,785.2,0,0,0
TX_005188,1820.2,21,23,30,120.71,0,0,0
TX_005189,4691.21,13,54,87,678.82,0,0,0
TX_005190,1381.46,0,48,11,745.32,0,0,0
TX_005191,1664.2,12,70,25,514.25,0,0,0
TX_005192,3505.54,7,66,45,78.75,0,1,0
TX_005193,3827.75,17,65,51,34.69,0,0,0
TX_005194,4647.37,21,51,43,937.81,0,1,1
TX_005195,1027.99,8,48,66,257.51,0,1,0
TX_005196,3991.0,12,77,99,378.97,0,0,0
TX_005197,3694.04,2,28,47,795.28,0,0,0
TX_005198,323.65,17,53,24,689.26,0,0,0
TX_005199,1939.18,9,23,77,968.57,0,0,0
TX_005200,1417.41,4,44,37,92.84,0,0,0
TX_005201,1525.93,5,24,56,706.92,0,0,0
TX_005202,4914.82,7,66,94,82.23,0,0,0
TX_005203,3215.67,23,49,75,0.17,0,0,0
TX_005204,3589.79,6,25,87,120.23,0,0,0
TX_005205,4883.21,20,77,46,616.73,0,0,0
TX_005206,1889.12,17,50,28,676.19,0,0,0
TX_005207,4010.19,13,74,93,438.34,0,0,0
TX_005208,2175.48,14,64,52,46.07,0,0,0
TX_005209,4348.32,9,69,15,634.06,1,1,1
TX_005210,907.38,20,61,45,85.82,0,0,0
TX_005211,4738.69,11,32,58,141.73,0,0,0
TX_005212,1097.76,6,72,67,512.58,0,0,0
TX_005213,1634.47,6,44,73,340.37,1,0,0
TX_005214,3782.18,10,47,72,464.75,0,0,0
TX_005215,1971.81,12,39,97,635.08,0,0,0
TX_005216,3043.02,14,64,98,160.01,0,0,0
TX_005217,2225.64,17,46,73,893.09,0,0,0
TX_005218,3713.14,6,58,81,559.48,0,0,0
TX_005219,1145.51,5,65,41,22.09,0,0,0
TX_005220,297.0,22,47,65,628.45,1,0,0
TX_005221,1503.15,10,19,40,463.18,0,0,0
TX_005222,2374.17,7,32,5,701.64,1,0,0
TX_005223,844.26,19,64,94,784.03,0,0,0
TX_005224,1777.21,0,44,75,938.84,0,0,0
TX_005225,2002.92,7,24,28,998.35,0,0,0
TX_005226,291.67,7,44,38,549.62,0,0,0
TX_005227,2918.62,18,38,81,561.51,0,0,0
TX_005228,4422.3,2,30,87,22.45,0,0,0
TX_005229,762.96,4,72,18,865.17,1,0,0
TX_005230,2991.05,2,34,37,28.72,0,0,0
TX_005231,3325.37,14,28,27,632.66,0,0,0
TX_005232,2099.58,13,76,25,98.58,0,0,0
TX_005233,3506.98,20,27,69,285.84,0,0,0
TX_005234,2056.6,14,74,83,140.33,0,0,0
TX_005235,2525.66,23,50,27,137.39,0,0,0
TX_005236,41.73,16,31,77,74.6,0,0,0
TX_005237,3460.14,17,54,54,317.88,0,1,0
TX_005238,3308.41,1,79,7,423.65,0,0,0
TX_005239,196.81,11,25,90,464.47,0,0,0
TX_005240,1844.41,15,50,78,439.71,0,0,0
TX_005241,4895.26,3,24,27,523.69,0,1,1
TX_005242,2106.58,1,51,59,859.79,0,0,0
TX_005243,2512.22,13,24,72,631.8,0,0,0
TX_005244,4550.1,10,24,31,17.29,0,1,0
TX_005245,3587.72,12,58,99,172.95,1,0,0
TX_005246,2912.44,6,71,91,348.95,0,1,0
TX_005247,3990.03,9,53,68,949.04,0,0,0
TX_005248,4322.51,23,72,4,78.08,0,0,0
TX_005249,2287.16,0,24,18,710.12,0,0,0
TX_005250,2378.17,20,37,63,33.09,0,0,0
TX_005251,1933.32,3,35,87,362.54,0,0,0
TX_005252,4833.7,17,62,96,770.15,0,0,0
TX_005253,3487.35,5,60,76,343.93,0,0,0
TX_005254,420.7,1,58,52,430.28,0,0,0
TX_005255,4315.48,2,31,84,905.3,0,0,0
TX_005256,2405.4,13,57,63,66.17,0,1,0
TX_005257,348.43,7,70,45,527.66,0,0,0
TX_005258,2750.84,15,31,12,366.24,0,0,0
TX_005259,2088.74,18,38,8,963.81,0,0,0
TX_005260,4389.36,17,66,22,793.69,0,0,0
TX_005261,1023.95,5,76,91,122.08,0,0,0
TX_005262,4133.19,13,74,41,927.41,0,0,0
TX_005263,2790.66,2,44,41,211.21,0,0,0
TX_005264,277.78,15,63,81,84.82,0,0,0
TX_005265,4859.37,0,43,57,541.59,0,0,0
TX_005266,2565.51,11,44,32,736.63,0,0,0
TX_005267,1457.93,13,41,97,716.05,0,0,0
TX_005268,2349.69,18,22,95,534.06,0,0,0
TX_005269,4290.0,21,59,55,492.74,0,0,0
TX_005270,1527.99,18,55,6,969.54,0,1,0
TX_005271,967.42,8,45,39,820.56,0,1,0
TX_005272,649.71,6,59,9,698.64,0,1,0
TX_005273,1492.81,13,60,32,195.21,0,0,0
TX_005274,3901.34,4,75,36,819.77,0,0,0
TX_005275,2360.77,17,49,16,749.78,0,0,0
TX_005276,1141.27,8,41,12,992.03,0,0,0
TX_005277,835.09,20,23,41,133.0,0,0,0
TX_005278,1666.98,6,27,67,715.3,0,0,0
TX_005279,4699.92,8,63,58,979.08,0,0,0
TX_005280,1718.42,3,69,91,462.59,0,0,0
TX_005281,4940.68,16,20,91,733.41,0,0,0
TX_005282,2428.73,11,24,9,975.37,0,0,0
TX_005283,899.92,5,46,17,547.48,0,0,0
TX_005284,4456.24,17,51,5,699.04,0,0,0
TX_005285,2304.48,7,24,26,20.08,0,1,0
TX_005286,3549.81,20,34,85,519.67,0,0,0
TX_005287,4918.64,14,30,1,255.8,0,0,0
TX_005288,255.63,2,75,1,131.24,1,0,0
TX_005289,487.99,1,38,35,708.6,0,0,0
TX_005290,3603.68,23,48,9,39.09,0,0,0
TX_005291,1412.72,22,26,87,904.87,0,1,0
TX_005292,925.59,8,62,38,517.77,0,0,0
TX_005293,201.61,7,64,4,648.23,0,0,0
TX_005294,114.12,3,30,52,253.43,0,0,0
TX_005295,3873.56,1,34,19,182.19,1,0,0
TX_005296,676.49,13,25,5,243.75,0,0,0
TX_005297,2341.26,1,26,92,232.29,0,0,0
TX_005298,3031.45,1,26,48,864.5,0,1,0
TX_005299,2144.62,21,57,87,787.34,0,0,0
TX_005300,140.4,6,65,63,852.74,0,0,0
TX_005301,3918.59,11,69,38,734.87,0,0,0
TX_005302,57.51,5,47,52,643.55,0,0,0
TX_005303,3810.64,17,79,87,527.87,0,0,0
TX_005304,4467.06,3,24,46,265.48,1,0,0
TX_005305,2167.04,18,34,82,705.36,0,0,0
TX_005306,2680.03,12,56,93,136.58,0,0,0
TX_005307,2387.53,19,55,92,511.06,0,1,0
TX_005308,1949.1,20,22,9,195.27,0,0,0
TX_005309,4437.69,22,34,50,504.76,0,0,0
TX_005310,4470.2,1,57,74,293.91,0,0,0
TX_005311,1682.4,7,75,66,53.48,0,0,0
TX_005312,3077.27,18,18,77,503.71,0,0,0
TX_005313,4634.9,8,33,38,181.83,1,0,0
TX_005314,4810.48,3,34,27,161.16,0,1,0
TX_005315,2547.25,15,47,20,384.37,0,0,0
TX_005316,2266.86,18,48,62,361.79,0,0,0
TX_005317,1397.08,9,52,74,866.96,0,0,0
TX_005318,4794.57,5,62,16,564.64,0,0,0
TX_005319,718.36,15,25,79,854.57,0,0,0
TX_005320,2901.25,9,65,13,146.84,0,0,0
TX_005321,1416.34,12,73,20,357.31,0,0,0
TX_005322,1398.65,8,47,24,555.33,0,0,0
TX_005323,2027.82,6,56,50,153.13,0,1,0
TX_005324,4993.97,3,38,7,128.06,0,1,0
TX_005325,279.56,18,32,87,661.4,1,0,0
TX_005326,2894.82,3,73,88,653.83,0,0,0
TX_005327,417.45,18,51,29,234.16,0,0,0
TX_005328,776.83,18,73,5,227.12,1,0,0
TX_005329,2200.62,11,77,35,745.45,0,0,0
TX_005330,2554.75,12,44,65,116.99,0,0,0
TX_005331,1297.67,3,19,82,923.26,1,0,0
TX_005332,1585.7,9,27,70,943.74,0,0,0
TX_005333,439.4,20,22,87,870.99,0,0,0
TX_005334,1519.58,6,44,74,210.68,1,0,0
TX_005335,4832.96,4,78,7,16.8,0,0,0
TX_005336,4723.81,16,21,44,936.69,0,0,0
TX_005337,1677.72,17,64,72,343.97,0,0,0
TX_005338,2856.42,10,30,13,310.41,0,0,0
TX_005339,4548.43,14,34,94,261.68,1,0,0
TX_005340,35.89,20,38,82,244.54,0,0,0
TX_005341,4054.36,21,40,78,734.55,0,0,0
TX_005342,4742.11,6,50,75,907.89,0,1,1
TX_005343,461.17,17,67,38,786.06,0,0,0
TX_005344,811.43,5,77,13,674.11,1,0,0
TX_005345,4803.93,17,32,54,287.76,0,0,0
TX_005346,2690.01,15,31,44,546.96,1,0,0
TX_005347,75.91,1,26,97,236.97,0,0,0
TX_005348,1291.87,18,61,13,111.51,0,0,0
TX_005349,2252.47,0,54,25,120.29,0,0,0
TX_005350,3466.08,10,47,24,603.77,1,0,0
TX_005351,3667.14,19,46,29,38.48,0,0,0
TX_005352,4977.13,4,40,70,973.25,0,0,1
TX_005353,1441.12,15,51,18,995.47,0,0,0
TX_005354,2693.41,22,72,92,149.42,1,0,0
TX_005355,2668.95,0,72,5,427.3,0,0,0
TX_005356,2031.2,18,24,18,768.08,0,0,0
TX_005357,849.96,13,70,63,955.07,0,0,0
TX_005358,4887.4,2,26,37,891.32,1,1,1
TX_005359,4267.32,1,67,71,254.76,0,0,0
TX_005360,2494.17,23,21,55,85.2,0,0,0
TX_005361,3018.21,4,19,73,288.73,0,1,0
TX_005362,1140.17,16,73,99,437.24,0,0,0
TX_005363,2721.22,17,77,12,359.94,0,0,0
TX_005364,3476.38,0,44,52,773.87,0,0,0
TX_005365,2578.26,14,50,57,257.79,0,1,0
TX_005366,4951.47,21,49,46,858.64,0,0,0
TX_005367,3058.65,8,74,44,225.63,0,0,0
TX_005368,1858.01,22,61,24,361.35,0,0,0
TX_005369,3861.9,4,62,9,447.81,0,0,0
TX_005370,856.46,12,63,12,291.22,0,0,0
TX_005371,1925.66,18,54,9,766.37,0,0,0
TX_005372,1738.06,23,44,22,409.55,0,0,0
TX_005373,2161.88,9,45,17,887.03,0,0,0
TX_005374,3909.99,19,20,33,963.59,0,0,0
TX_005375,2423.44,20,77,47,859.81,0,0,0
TX_005376,3971.1,13,76,88,522.63,1,0,0
TX_005377,2884.56,21,53,15,509.81,0,0,0
TX_005378,1713.64,20,66,93,215.87,0,0,0
TX_005379,4050.84,11,68,96,592.28,1,0,0
TX_005380,1195.26,10,60,33,952.73,0,0,0
TX_005381,1125.79,22,25,93,80.61,0,0,0
TX_005382,2524.99,6,61,15,752.46,0,0,0
TX_005383,1307.94,16,67,27,869.54,0,0,0
TX_005384,50.39,17,67,98,986.7,0,0,0
TX_005385,3243.25,6,58,61,334.76,0,0,0
TX_005386,2557.91,23,54,68,355.57,0,0,0
TX_005387,2230.36,19,70,82,229.78,0,0,0
TX_005388,4835.01,5,66,85,789.06,0,0,0
TX_005389,2858.14,10,62,48,140.04,0,0,0
TX_005390,4317.84,11,55,8,267.77,0,0,0
TX_005391,701.55,15,73,6,295.26,0,0,0
TX_005392,2848.19,18,39,63,374.93,0,0,0
TX_005393,4340.56,22,31,84,421.66,0,0,0
TX_005394,2917.61,18,32,2,559.02,1,0,0
TX_005395,3591.48,10,72,22,948.37,0,0,0
TX_005396,1863.36,15,63,21,247.28,0,0,0
TX_005397,466.79,22,21,6,779.22,1,0,0
TX_005398,2292.21,11,35,96,676.39,0,0,0
TX_005399,1975.42,7,18,70,116.05,0,0,0
TX_005400,4335.97,2,29,13,810.38,0,0,0
TX_005401,1223.76,1,71,1,90.61,0,0,0
TX_005402,4833.84,5,58,22,738.93,0,0,0
TX_005403,4790.9,15,59,24,715.79,0,1,0
TX_005404,1241.92,19,70,64,689.4,0,0,0
TX_005405,1743.52,23,77,41,276.69,0,0,0
TX_005406,4478.3,14,67,94,573.37,0,0,0
TX_005407,4833.28,13,34,22,761.58,0,0,0
TX_005408,2219.98,1,36,61,637.59,0,0,0
TX_005409,1608.38,19,53,12,804.31,0,0,0
TX_005410,2632.84,17,65,90,687.88,0,0,0
TX_005411,3440.41,13,24,4,274.45,0,0,0
TX_005412,1371.01,17,26,83,153.06,0,0,0
TX_005413,3683.68,1,25,80,631.98,0,0,0
TX_005414,263.03,0,42,12,759.76,0,1,0
TX_005415,251.23,19,24,33,142.32,0,0,0
TX_005416,1934.51,1,59,21,174.82,0,0,0
TX_005417,1770.6,8,25,73,12.07,0,0,0
TX_005418,1581.59,8,41,72,531.75,0,0,0
TX_005419,2457.64,15,34,84,542.29,0,0,0
TX_005420,1607.06,10,29,74,500.08,0,0,0
TX_005421,965.33,22,63,96,316.01,0,0,0
TX_005422,1550.8,5,48,92,427.81,0,0,0
TX_005423,4874.65,11,29,74,766.24,0,0,0
TX_005424,2058.51,2,74,72,181.8,0,0,0
TX_005425,2226.34,11,19,52,201.55,0,0,0
TX_005426,2884.84,22,29,47,666.98,0,0,0
TX_005427,4916.79,0,44,97,866.9,1,0,1
TX_005428,1211.8,8,63,59,340.39,0,0,0
TX_005429,3408.0,19,24,47,932.74,1,0,0
TX_005430,3581.34,21,78,56,57.68,0,0,0
TX_005431,3038.59,5,75,13,118.52,0,0,0
TX_005432,447.45,10,75,44,459.96,0,0,0
TX_005433,3385.98,2,30,35,723.49,0,0,0
TX_005434,325.15,3,70,29,370.84,0,0,0
TX_005435,2982.73,9,53,56,554.75,1,0,0
TX_005436,3699.21,18,18,5,28.57,0,0,0
TX_005437,1058.79,5,66,67,461.83,0,0,0
TX_005438,4208.9,0,52,53,242.58,0,0,0
TX_005439,156.62,7,47,60,516.37,0,0,0
TX_005440,4219.85,7,48,6,525.83,0,0,0
TX_005441,2304.34,5,34,48,753.16,0,0,0
TX_005442,1091.85,16,25,80,539.84,0,0,0
TX_005443,673.22,18,20,35,614.27,1,0,0
TX_005444,4766.77,0,76,18,529.65,0,0,0
TX_005445,367.96,14,27,11,990.38,0,0,0
TX_005446,999.47,12,51,51,791.62,0,0,0
TX_005447,1742.37,20,39,23,755.65,0,0,0
TX_005448,3103.07,2,21,47,627.26,0,0,0
TX_005449,2726.28,1,49,75,528.37,0,0,0
TX_005450,632.59,2,78,59,344.76,0,0,0
TX_005451,1452.19,8,46,57,783.97,0,0,0
TX_005452,1197.57,15,63,93,189.61,0,0,0
TX_005453,1071.65,23,28,56,36.55,0,1,0
TX_005454,2058.67,12,63,27,698.17,1,0,0
TX_005455,3521.64,18,30,73,144.85,1,0,0
TX_005456,1091.18,17,76,35,903.83,0,0,0
TX_005457,1836.56,20,78,55,770.68,0,0,0
TX_005458,1957.63,11,21,9,602.24,0,1,0
TX_005459,4882.4,11,19,18,313.92,0,0,0
TX_005460,4773.56,0,51,44,637.94,0,0,0
TX_005461,4001.69,19,60,21,476.86,0,0,0
TX_005462,1212.09,7,39,56,291.15,0,0,0
TX_005463,344.85,16,22,48,945.08,0,1,0
TX_005464,1587.94,20,26,1,161.89,1,0,0
TX_005465,1337.64,19,37,27,753.38,1,0,0
TX_005466,2532.1,21,38,45,800.04,0,0,0
TX_005467,3889.75,6,34,63,951.79,0,0,0
TX_005468,4292.32,8,29,58,549.42,0,0,0
TX_005469,4225.1,16,45,40,534.88,0,0,0
TX_005470,1801.58,9,35,63,920.29,1,0,0
TX_005471,3437.74,3,20,38,801.09,0,0,0
TX_005472,1567.61,21,22,29,763.64,0,0,0
TX_005473,309.22,6,77,40,789.14,1,0,0
TX_005474,3509.32,6,70,19,493.18,0,0,0
TX_005475,54.09,7,69,88,41.42,0,0,0
TX_005476,2048.87,23,31,56,198.26,0,0,0
TX_005477,1650.25,23,65,44,642.99,0,0,0
TX_005478,3468.42,7,43,65,396.17,0,0,0
TX_005479,3832.4,15,36,87,606.77,0,0,0
TX_005480,1523.95,11,58,13,551.68,0,0,0
TX_005481,4059.08,14,34,30,438.66,1,0,0
TX_005482,1473.11,7,71,49,234.73,1,0,0
TX_005483,2234.4,21,56,75,718.96,0,0,0
TX_005484,3636.46,8,59,63,909.05,0,0,0
TX_005485,3466.14,2,21,71,769.96,0,0,0
TX_005486,4936.91,21,59,35,120.04,0,0,0
TX_005487,1129.68,20,52,11,537.95,0,0,0
TX_005488,3313.28,15,41,49,835.37,0,0,0
TX_005489,3050.36,14,58,40,590.98,0,0,0
TX_005490,4575.92,23,30,21,439.57,0,0,0
TX_005491,786.03,3,50,47,284.55,0,0,0
TX_005492,3760.23,19,32,3,330.39,0,0,0
TX_005493,2843.5,15,32,30,242.16,0,0,0
TX_005494,1376.96,9,48,88,195.73,0,1,0
TX_005495,2374.8,10,60,67,588.87,0,0,0
TX_005496,1672.21,4,45,62,509.38,0,0,0
TX_005497,2898.67,10,27,37,734.83,0,0,0
TX_005498,4445.56,12,74,97,307.93,1,0,0
TX_005499,2848.68,14,24,22,460.82,0,0,0
TX_005500,3160.45,5,50,31,680.37,0,0,0
TX_005501,2596.15,15,24,46,963.23,0,0,0
TX_005502,260.57,14,22,76,348.87,0,1,0
TX_005503,1168.13,10,43,45,298.21,0,1,0
TX_005504,2462.55,19,78,14,449.29,0,0,0
TX_005505,1554.63,1,78,12,723.87,0,0,0
TX_005506,912.91,1,72,63,961.55,0,1,0
TX_005507,2523.14,11,33,91,536.54,0,0,0
TX_005508,1617.43,15,77,77,812.44,0,0,0
TX_005509,1294.25,18,74,88,464.4,0,0,0
TX_005510,2322.61,1,25,38,39.86,0,0,0
TX_005511,670.75,16,39,47,894.21,1,0,0
TX_005512,4639.09,13,51,54,289.88,0,1,0
TX_005513,4339.17,23,57,55,138.67,1,0,0
TX_005514,3539.56,15,45,48,996.16,0,0,0
TX_005515,535.54,4,63,73,347.4,0,0,0
TX_005516,3880.51,9,53,72,136.54,0,0,0
TX_005517,4040.75,16,73,15,311.54,0,0,0
TX_005518,3839.98,12,64,71,513.84,0,1,0
TX_005519,574.26,15,24,88,87.96,0,0,0
TX_005520,3221.32,8,69,16,352.62,0,1,0
TX_005521,4172.45,23,57,88,668.86,0,0,0
TX_005522,2888.88,3,76,43,915.93,0,0,0
TX_005523,3233.8,23,60,7,397.44,1,0,0
TX_005524,2294.53,15,45,43,564.56,0,0,0
TX_005525,2645.89,22,76,28,636.06,0,0,0
TX_005526,176.71,10,19,66,70.75,0,0,0
TX_005527,3196.62,6,26,98,342.23,0,0,0
TX_005528,411.83,16,23,60,684.25,0,0,0
TX_005529,2177.9,21,72,3,735.66,0,0,0
TX_005530,1466.81,12,75,1,355.95,0,0,0
TX_005531,2729.41,3,18,31,6.74,1,0,0
TX_005532,671.41,13,20,56,6.87,1,0,0
TX_005533,3459.76,9,79,87,538.12,1,0,0
TX_005534,3976.08,9,27,84,551.49,1,0,0
TX_005535,820.96,9,54,80,555.72,0,0,0
TX_005536,526.04,11,61,46,721.75,0,0,0
TX_005537,731.85,1,40,32,921.27,0,0,0
TX_005538,4386.25,22,50,81,990.17,0,0,0
TX_005539,2643.31,8,26,18,701.07,0,0,0
TX_005540,2338.97,4,70,68,514.0,0,0,0
TX_005541,538.03,7,30,35,140.99,0,0,0
TX_005542,3249.53,20,45,23,384.18,0,0,0
TX_005543,4340.66,13,68,79,572.46,0,0,0
TX_005544,4141.79,6,24,13,999.81,0,0,0
TX_005545,3132.14,6,43,78,126.98,0,0,0
TX_005546,381.02,8,33,14,793.08,0,0,0
TX_005547,566.42,2,57,37,998.94,1,0,0
TX_005548,251.3,13,75,5,805.29,0,0,0
TX_005549,1291.11,16,43,22,767.14,0,0,0
TX_005550,682.63,17,68,28,258.68,0,0,0
TX_005551,1303.94,11,56,4,3.36,0,0,0
TX_005552,1928.36,21,72,50,225.99,0,0,0
TX_005553,4715.2,13,49,29,789.8,0,0,0
TX_005554,3053.83,12,53,37,107.28,1,0,0
TX_005555,4175.69,13,59,35,296.12,0,0,0
TX_005556,3553.21,8,74,20,562.51,1,0,0
TX_005557,566.95,18,18,35,579.81,1,0,0
TX_005558,3680.92,1,66,99,542.99,0,0,0
TX_005559,1379.12,10,38,84,980.88,1,0,0
TX_005560,3197.34,16,30,2,12.29,0,0,0
TX_005561,1708.11,1,68,58,487.6,0,0,0
TX_005562,4988.37,18,43,18,504.42,0,0,0
TX_005563,1321.44,6,62,94,293.32,1,0,0
TX_005564,1399.26,17,26,56,525.07,0,0,0
TX_005565,4653.71,12,54,64,673.28,1,0,0
TX_005566,128.1,4,40,93,672.76,0,0,0
TX_005567,3484.96,17,18,52,87.86,0,0,0
TX_005568,3628.01,22,19,22,802.46,0,0,0
TX_005569,4182.71,23,60,93,930.71,0,0,0
TX_005570,4872.32,23,45,60,123.61,0,0,0
TX_005571,4878.13,15,53,10,416.64,0,0,0
TX_005572,331.06,14,48,84,511.75,1,0,0
TX_005573,4110.09,7,58,80,134.82,1,0,0
TX_005574,3233.32,14,22,6,503.38,0,0,0
TX_005575,3238.47,0,54,81,206.86,0,0,0
TX_005576,646.11,16,42,6,935.36,0,0,0
TX_005577,3252.68,14,25,86,448.47,0,0,0
TX_005578,4912.5,13,51,82,994.9,1,0,1
TX_005579,4559.53,13,56,96,46.51,0,0,0
TX_005580,2198.46,9,66,28,127.58,0,0,0
TX_005581,204.54,1,49,42,443.21,1,0,0
TX_005582,1814.66,5,75,74,874.36,0,0,0
TX_005583,4132.82,16,76,41,555.23,0,0,0
TX_005584,3508.99,4,28,63,732.34,0,0,0
TX_005585,2299.42,4,64,22,423.56,1,0,0
TX_005586,280.23,14,42,92,40.51,0,0,0
TX_005587,2137.34,14,20,79,647.81,0,0,0
TX_005588,2347.78,19,62,29,634.0,0,0,0
TX_005589,4643.13,10,67,71,71.43,0,0,0
TX_005590,3207.23,4,69,34,170.88,0,0,0
TX_005591,1561.71,0,49,96,476.16,0,0,0
TX_005592,2628.96,10,69,2,446.64,0,0,0
TX_005593,334.95,10,52,26,752.42,1,0,0
TX_005594,4862.98,5,49,75,387.41,1,0,0
TX_005595,1803.5,22,51,89,663.3,0,0,0
TX_005596,2391.95,7,54,19,704.42,0,0,0
TX_005597,1779.64,1,69,20,645.0,0,0,0
TX_005598,3414.15,14,22,33,596.13,0,0,0
TX_005599,3312.85,22,62,81,805.68,1,0,0
TX_005600,3578.03,21,45,94,657.11,0,0,0
TX_005601,1344.38,8,45,82,834.18,0,0,0
TX_005602,1581.76,14,25,96,636.69,0,0,0
TX_005603,630.63,7,44,4,158.97,0,0,0
TX_005604,3279.27,15,33,32,309.45,0,0,0
TX_005605,203.79,13,35,19,330.36,0,0,0
TX_005606,2990.42,14,42,3,93.92,0,0,0
TX_005607,4349.13,19,75,92,692.31,0,0,0
TX_005608,4454.71,12,65,61,595.11,1,0,0
TX_005609,2247.94,8,18,38,589.75,1,0,0
TX_005610,2299.22,0,25,6,478.52,0,0,0
TX_005611,389.46,5,77,56,543.12,0,0,0
TX_005612,3355.47,7,38,40,8.09,0,0,0
TX_005613,4107.19,19,51,81,96.25,0,0,0
TX_005614,1227.05,17,41,69,683.35,0,0,0
TX_005615,2109.4,17,54,83,261.47,0,0,0
TX_005616,4195.0,16,43,42,107.91,0,1,0
TX_005617,4386.22,20,64,99,328.66,0,0,0
TX_005618,1219.68,15,31,86,254.48,1,0,0
TX_005619,2755.1,12,75,88,29.37,0,0,0
TX_005620,966.5,21,46,74,410.56,0,0,0
TX_005621,513.88,3,47,2,27.03,0,0,0
TX_005622,4556.05,3,20,28,0.39,0,0,0
TX_005623,4103.43,20,24,17,792.47,0,0,0
TX_005624,3801.37,13,53,70,314.97,0,0,0
TX_005625,248.59,4,28,69,567.59,0,0,0
TX_005626,4219.43,15,49,39,297.75,0,0,0
TX_005627,2193.03,13,76,7,930.02,1,1,0
TX_005628,1715.26,13,75,32,729.18,0,0,0
TX_005629,2734.65,13,29,4,369.17,1,1,0
TX_005630,461.31,23,32,21,210.63,0,1,0
TX_005631,3784.45,13,55,32,137.81,0,0,0
TX_005632,2914.26,18,75,82,762.42,0,0,0
TX_005633,937.02,2,41,97,453.04,0,1,0
TX_005634,945.22,16,18,14,231.96,0,0,0
TX_005635,925.32,13,35,70,919.63,0,0,0
TX_005636,289.73,9,63,75,390.1,0,0,0
TX_005637,2941.05,12,78,46,543.49,0,0,0
TX_005638,4202.54,21,73,20,857.8,0,0,0
TX_005639,92.4,3,24,93,833.38,0,0,0
TX_005640,249.78,10,59,58,637.95,0,0,0
TX_005641,2865.99,14,58,99,888.62,0,0,0
TX_005642,4098.38,14,19,80,952.1,1,0,0
TX_005643,1637.06,23,57,48,935.11,1,0,0
TX_005644,1751.32,1,71,7,349.01,0,0,0
TX_005645,2983.75,10,48,40,397.17,1,0,0
TX_005646,1374.69,1,50,59,240.5,0,0,0
TX_005647,137.91,22,69,36,836.83,0,0,0
TX_005648,3677.47,4,47,44,121.82,1,0,0
TX_005649,3130.12,12,48,31,355.08,0,0,0
TX_005650,2905.88,0,51,42,9.73,0,0,0
TX_005651,3709.71,6,24,44,594.65,1,0,0
TX_005652,3377.78,6,42,43,658.38,1,0,0
TX_005653,1033.38,9,33,43,248.99,0,1,0
TX_005654,1765.64,5,39,47,736.73,1,0,0
TX_005655,634.92,19,53,6,381.54,0,0,0
TX_005656,653.64,11,70,93,311.71,0,0,0
TX_005657,3382.6,12,44,91,956.17,0,0,0
TX_005658,4293.71,23,34,66,588.69,1,0,0
TX_005659,4813.85,10,78,86,252.32,0,0,0
TX_005660,3143.59,17,21,9,983.24,1,0,0
TX_005661,924.59,1,78,11,387.55,1,0,0
TX_005662,532.72,15,75,80,647.83,1,0,0
TX_005663,4065.19,1,52,77,723.85,0,0,0
TX_005664,2895.89,18,58,18,422.3,0,0,0
TX_005665,3093.33,5,39,25,535.92,0,0,0
TX_005666,3908.4,0,64,97,239.78,0,0,0
TX_005667,3517.87,10,69,74,465.82,1,0,0
TX_005668,4173.12,17,52,58,310.8,0,0,0
TX_005669,285.79,9,61,30,547.46,0,0,0
TX_005670,3738.87,17,32,1,669.89,0,0,0
TX_005671,4255.01,0,78,63,614.01,0,0,0
TX_005672,1434.24,18,69,97,776.72,0,0,0
TX_005673,3204.03,15,57,79,41.53,1,0,0
TX_005674,1574.24,6,61,29,78.6,1,0,0
TX_005675,4790.07,14,38,66,205.31,0,0,0
TX_005676,171.95,0,30,75,985.8,0,0,0
TX_005677,2901.07,22,64,53,800.27,0,0,0
TX_005678,836.69,20,28,98,924.12,0,1,0
TX_005679,3562.54,8,66,19,272.09,1,0,0
TX_005680,883.57,1,70,66,573.86,0,0,0
TX_005681,1180.74,16,73,84,554.88,0,0,0
TX_005682,2474.38,23,44,52,569.52,1,0,0
TX_005683,4574.6,9,48,31,717.57,0,0,0
TX_005684,1062.51,5,61,60,393.98,0,0,0
TX_005685,725.48,4,49,68,677.21,0,0,0
TX_005686,3796.09,7,69,93,788.44,0,0,0
TX_005687,2505.59,7,47,30,289.07,1,1,0
TX_005688,4559.37,4,35,13,945.74,0,0,0
TX_005689,737.34,11,78,15,518.05,0,1,0
TX_005690,3231.41,6,33,20,732.76,0,0,0
TX_005691,1168.23,12,52,34,728.92,0,0,0
TX_005692,788.02,12,79,92,565.24,0,0,0
TX_005693,3418.73,16,76,20,322.68,0,0,0
TX_005694,2970.45,3,26,50,666.94,0,0,0
TX_005695,3775.36,17,79,89,87.28,0,0,0
TX_005696,1550.77,9,56,27,981.44,0,0,0
TX_005697,2242.62,2,68,30,184.0,0,0,0
TX_005698,2030.33,11,54,56,275.43,0,0,0
TX_005699,4920.53,0,68,84,954.44,0,0,1
TX_005700,1464.78,10,27,65,186.54,0,0,0
TX_005701,1477.61,17,69,99,170.09,1,0,0
TX_005702,1775.97,12,29,55,804.54,0,0,0
TX_005703,2825.15,16,25,24,251.29,0,0,0
TX_005704,1265.35,7,79,25,94.73,0,0,0
TX_005705,4576.87,19,20,53,226.64,0,0,0
TX_005706,1332.1,18,36,76,888.37,0,0,0
TX_005707,4479.6,16,76,11,280.32,1,1,1
TX_005708,521.86,1,28,94,695.06,0,0,0
TX_005709,3284.53,2,25,60,395.14,0,0,0
TX_005710,4535.39,2,43,77,262.12,0,0,0
TX_005711,847.9,5,62,47,144.05,0,1,0
TX_005712,4841.79,9,75,25,972.19,0,0,0
TX_005713,2267.15,23,40,25,521.12,0,0,0
TX_005714,4728.85,21,72,17,114.75,0,0,0
TX_005715,3385.72,17,27,12,198.81,0,0,0
TX_005716,1511.43,17,35,52,407.3,0,0,0
TX_005717,945.57,13,29,11,544.17,0,0,0
TX_005718,1522.16,15,56,10,181.8,1,0,0
TX_005719,469.62,6,43,81,277.73,0,0,0
TX_005720,723.62,0,28,60,783.71,0,0,0
TX_005721,527.78,16,27,54,417.48,0,0,0
TX_005722,2117.6,22,20,80,1.4,0,0,0
TX_005723,3978.91,4,79,63,53.94,0,0,0
TX_005724,711.21,0,24,20,439.33,0,0,0
TX_005725,655.95,20,78,5,60.12,0,0,0
TX_005726,3218.93,16,21,41,173.9,0,0,0
TX_005727,989.93,9,78,63,727.88,0,0,0
TX_005728,492.56,11,57,56,480.38,0,0,0
TX_005729,838.41,19,25,32,482.46,0,0,0
TX_005730,4619.04,1,55,27,598.22,0,0,0
TX_005731,4108.25,22,30,68,788.52,1,0,0
TX_005732,1773.55,15,29,48,158.59,0,0,0
TX_005733,3280.82,14,52,7,173.05,0,0,0
TX_005734,2688.69,12,55,46,121.4,0,0,0
TX_005735,3387.24,17,71,78,936.83,1,0,0
TX_005736,3414.94,19,68,88,577.29,0,0,0
TX_005737,3145.53,21,60,18,92.64,0,0,0
TX_005738,1334.18,13,53,38,220.65,0,0,0
TX_005739,199.84,17,64,65,725.59,0,0,0
TX_005740,2280.56,1,19,17,28.99,0,0,0
TX_005741,4455.41,1,32,90,725.66,0,0,0
TX_005742,2849.64,2,66,86,911.46,0,0,0
TX_005743,4162.79,4,51,82,56.38,0,0,0
TX_005744,4958.16,15,56,38,186.42,1,0,0
TX_005745,822.26,21,43,92,2.38,1,0,0
TX_005746,3460.43,14,65,85,109.03,0,0,0
TX_005747,3373.1,11,22,63,616.99,0,0,0
TX_005748,4899.88,8,65,97,44.82,0,0,0
TX_005749,4928.08,13,42,94,425.84,0,0,0
TX_005750,3434.96,20,68,42,503.4,0,1,0
TX_005751,1221.86,15,51,8,906.63,0,1,0
TX_005752,3993.79,10,64,30,474.29,0,1,0
TX_005753,539.61,5,21,64,142.55,1,0,0
TX_005754,3904.59,9,51,9,289.29,0,0,0
TX_005755,4551.43,7,44,97,672.2,1,0,0
TX_005756,1917.25,15,72,57,112.12,0,0,0
TX_005757,3155.02,2,59,59,231.74,0,0,0
TX_005758,2153.56,1,71,93,995.78,0,1,0
TX_005759,2191.64,15,73,95,5.53,1,0,0
TX_005760,1555.3,18,46,67,152.18,1,0,0
TX_005761,3811.84,8,22,75,843.69,0,0,0
TX_005762,4681.2,15,35,5,101.38,0,0,0
TX_005763,4704.05,21,78,95,33.64,0,0,0
TX_005764,878.03,3,21,84,121.31,0,0,0
TX_005765,4374.34,9,18,4,693.6,1,0,0
TX_005766,3688.47,18,67,8,993.11,1,0,0
TX_005767,1267.92,12,37,42,590.64,0,0,0
TX_005768,341.09,17,23,35,124.32,0,0,0
TX_005769,1343.65,14,37,13,183.78,0,0,0
TX_005770,4561.48,3,37,5,537.68,0,0,0
TX_005771,3167.73,8,63,40,715.66,0,0,0
TX_005772,3606.67,3,44,19,662.91,0,0,0
TX_005773,1289.48,15,43,82,574.73,0,0,0
TX_005774,3598.34,20,49,97,986.27,0,0,0
TX_005775,145.47,14,27,4,198.03,0,0,0
TX_005776,1879.73,23,35,59,172.9,0,0,0
TX_005777,3135.63,1,58,18,859.06,0,0,0
TX_005778,734.75,13,29,24,290.82,0,0,0
TX_005779,4115.9,2,27,93,332.53,0,0,0
TX_005780,1178.98,21,41,31,548.67,1,0,0
TX_005781,3263.14,22,41,58,381.27,0,0,0
TX_005782,2028.96,3,70,28,287.64,0,0,0
TX_005783,2982.24,0,68,9,917.18,0,0,0
TX_005784,541.72,22,55,45,129.27,0,0,0
TX_005785,89.48,8,63,90,404.29,0,0,0
TX_005786,4548.27,16,42,49,2.97,0,0,0
TX_005787,1351.8,13,25,2,807.45,0,0,0
TX_005788,4099.29,16,72,6,168.42,1,0,0
TX_005789,4996.75,0,31,29,772.99,0,0,0
TX_005790,1061.1,9,60,26,148.6,0,0,0
TX_005791,1329.53,22,48,28,416.74,0,0,0
TX_005792,3315.98,15,41,7,728.18,0,0,0
TX_005793,4827.42,18,33,34,270.81,0,0,0
TX_005794,4579.49,23,37,56,313.92,0,0,0
TX_005795,2516.86,2,55,10,667.32,0,0,0
TX_005796,3976.58,11,64,57,187.7,0,0,0
TX_005797,683.05,2,32,47,951.78,0,0,0
TX_005798,4887.3,14,31,86,188.79,0,0,0
TX_005799,4821.94,16,70,27,750.0,0,0,0
TX_005800,822.83,17,29,39,802.6,0,1,0
TX_005801,1500.62,6,51,22,374.37,0,0,0
TX_005802,505.27,18,25,19,156.24,0,0,0
TX_005803,1362.23,6,36,9,165.9,0,0,0
TX_005804,4080.7,4,63,19,985.45,1,0,1
TX_005805,1894.69,7,22,2,725.41,0,1,0
TX_005806,446.54,20,73,92,450.05,0,0,0
TX_005807,1714.42,15,44,61,257.35,0,1,0
TX_005808,4907.01,15,58,59,18.91,0,0,0
TX_005809,3150.27,18,30,86,670.46,0,0,0
TX_005810,2083.72,14,49,70,956.92,0,0,0
TX_005811,836.86,6,48,71,106.84,0,0,0
TX_005812,4930.95,4,58,70,754.49,0,0,0
TX_005813,4105.14,22,63,33,153.24,0,0,0
TX_005814,1410.98,10,54,78,792.11,0,0,0
TX_005815,354.99,9,19,65,370.57,0,0,0
TX_005816,287.84,20,24,25,712.06,0,0,0
TX_005817,606.29,22,65,70,926.28,0,0,0
TX_005818,2905.94,8,28,28,620.14,0,0,0
TX_005819,4644.17,0,28,18,920.7,0,0,0
TX_005820,2486.23,19,40,63,235.02,0,0,0
TX_005821,4215.51,0,48,91,978.13,0,0,0
TX_005822,2232.2,7,61,49,872.85,1,0,0
TX_005823,3544.37,2,62,66,107.57,0,0,0
TX_005824,3660.7,1,25,40,413.54,0,0,0
TX_005825,873.95,3,73,85,927.03,0,0,0
TX_005826,1809.27,18,49,87,78.12,1,0,0
TX_005827,3188.32,10,65,66,453.76,0,1,0
TX_005828,358.13,4,38,80,723.59,0,0,0
TX_005829,1810.89,23,48,4,33.45,0,0,0
TX_005830,2676.32,9,18,34,752.83,0,0,0
TX_005831,4981.14,23,30,5,361.2,0,0,0
TX_005832,2375.3,22,28,98,249.37,1,0,0
TX_005833,4081.2,7,46,22,575.97,0,0,0
TX_005834,2163.18,12,21,20,544.33,1,0,0
TX_005835,3982.97,4,53,47,873.94,0,0,0
TX_005836,2979.1,11,32,77,676.0,0,0,0
TX_005837,4433.54,12,76,34,421.86,0,0,0
TX_005838,2057.66,21,20,44,650.14,1,0,0
TX_005839,3023.5,7,73,6,750.15,0,0,0
TX_005840,3151.94,14,68,56,937.33,0,0,0
TX_005841,2089.83,12,46,29,704.26,0,0,0
TX_005842,725.84,0,38,97,543.87,0,0,0
TX_005843,472.33,21,19,53,372.98,0,0,0
TX_005844,88.27,5,23,1,891.48,1,1,0
TX_005845,4368.3,10,48,59,792.52,1,0,0
TX_005846,1186.19,12,71,48,77.18,0,0,0
TX_005847,1061.48,20,41,7,699.54,1,0,0
TX_005848,3681.5,19,57,86,538.75,0,0,0
TX_005849,1603.48,0,34,32,103.64,0,0,0
TX_005850,2532.69,10,22,78,564.96,0,0,0
TX_005851,816.74,10,19,61,192.51,0,0,0
TX_005852,4798.93,7,75,57,708.14,1,0,1
TX_005853,4258.65,21,29,51,278.46,0,0,0
TX_005854,4319.63,2,22,88,150.34,0,0,0
TX_005855,2036.83,18,59,19,81.97,0,0,0
TX_005856,3812.99,11,77,27,490.8,0,0,0
TX_005857,723.66,5,58,63,199.63,0,0,0
TX_005858,48.05,22,37,60,855.13,0,0,0
TX_005859,104.76,7,25,61,3.0,0,0,0
TX_005860,2935.08,4,18,61,843.64,0,0,0
TX_005861,2279.7,9,73,87,521.09,0,0,0
TX_005862,2592.49,21,23,45,922.15,1,1,1
TX_005863,42.28,15,73,21,204.61,0,0,0
TX_005864,2116.32,11,71,44,102.27,0,0,0
TX_005865,3591.75,16,28,93,624.96,0,0,0
TX_005866,2216.26,5,20,1,706.73,0,0,0
TX_005867,3662.43,8,48,95,372.59,1,0,0
TX_005868,1168.93,9,45,91,13.68,0,0,0
TX_005869,4066.64,19,64,44,406.96,0,0,0
TX_005870,2944.21,13,60,62,233.79,0,0,0
TX_005871,1057.76,13,73,61,347.47,0,0,0
TX_005872,1187.42,16,22,91,506.75,1,0,0
TX_005873,3142.01,15,77,79,702.34,1,1,1
TX_005874,4150.55,3,43,89,963.23,1,0,1
TX_005875,2081.06,1,33,79,144.0,0,0,0
TX_005876,1295.21,15,70,83,679.9,0,0,0
TX_005877,4335.72,0,48,50,233.21,1,0,0
TX_005878,3348.0,2,45,75,220.7,0,0,0
TX_005879,2243.19,22,24,41,633.55,0,0,0
TX_005880,2442.06,10,55,33,776.0,1,0,0
TX_005881,1025.26,15,26,87,977.79,0,0,0
TX_005882,3135.88,17,56,12,768.83,0,0,0
TX_005883,1796.92,14,52,2,157.31,0,0,0
TX_005884,4978.25,8,60,21,225.4,1,0,0
TX_005885,2403.52,11,44,14,761.39,0,0,0
TX_005886,2432.0,17,29,34,526.99,0,1,0
TX_005887,2831.43,4,70,79,295.41,0,0,0
TX_005888,4584.2,23,42,85,471.78,1,0,0
TX_005889,4005.09,7,60,64,914.89,0,0,0
TX_005890,2258.39,2,46,23,755.6,0,0,0
TX_005891,3594.9,1,48,85,450.7,0,0,0
TX_005892,2933.25,18,75,50,980.55,0,0,0
TX_005893,2464.37,7,79,14,794.87,0,0,0
TX_005894,965.62,1,51,85,5.87,0,0,0
TX_005895,2322.36,18,50,76,112.37,0,0,0
TX_005896,1232.86,0,44,46,553.97,1,0,0
TX_005897,4574.64,21,73,5,349.95,0,0,0
TX_005898,1680.36,12,73,66,812.56,0,0,0
TX_005899,4761.56,22,19,22,895.69,0,1,1
TX_005900,2667.61,19,31,70,240.65,0,0,0
TX_005901,3159.56,16,30,2,763.29,0,0,0
TX_005902,2716.99,2,41,29,535.4,0,0,0
TX_005903,651.26,8,22,61,391.97,0,0,0
TX_005904,1882.23,4,51,71,786.78,0,0,0
TX_005905,500.23,5,72,16,564.92,0,0,0
TX_005906,3116.66,3,40,64,635.28,1,0,0
TX_005907,2237.14,16,36,97,62.25,0,0,0
TX_005908,3891.03,20,47,97,585.88,1,0,0
TX_005909,1106.25,20,66,14,300.71,0,0,0
TX_005910,827.01,20,60,43,493.29,0,0,0
TX_005911,2034.63,15,33,76,222.01,0,0,0
TX_005912,4633.29,15,69,43,614.48,1,0,0
TX_005913,3553.56,21,67,70,147.47,0,0,0
TX_005914,2097.52,10,69,55,122.9,0,0,0
TX_005915,2588.77,1,57,76,188.41,0,0,0
TX_005916,425.64,16,51,31,817.46,1,1,0
TX_005917,4922.96,14,66,76,33.53,1,0,0
TX_005918,3333.7,17,28,74,729.58,0,0,0
TX_005919,1430.59,9,31,40,56.51,0,0,0
TX_005920,2931.11,5,65,27,591.86,0,0,0
TX_005921,551.86,20,64,52,773.56,1,0,0
TX_005922,4829.35,15,32,7,231.07,0,0,0
TX_005923,878.05,4,52,46,195.95,0,0,0
TX_005924,3241.91,11,75,33,289.18,0,0,0
TX_005925,1231.05,5,24,91,699.61,0,0,0
TX_005926,3589.22,13,46,8,254.83,1,0,0
TX_005927,3885.22,22,61,5,501.77,0,0,0
TX_005928,3368.73,15,71,61,134.47,0,0,0
TX_005929,3074.42,6,39,72,461.2,1,0,0
TX_005930,4462.88,1,40,60,624.73,1,0,1
TX_005931,397.74,5,41,85,71.82,0,0,0
TX_005932,1657.92,8,52,24,815.42,0,0,0
TX_005933,1245.2,6,68,7,937.44,0,0,0
TX_005934,4940.13,1,27,61,193.55,0,0,0
TX_005935,1950.0,18,78,83,759.43,0,0,0
TX_005936,3664.4,7,25,95,313.47,0,0,0
TX_005937,3425.2,10,65,36,676.72,1,0,0
TX_005938,1064.35,3,65,27,306.68,1,0,0
TX_005939,1198.79,15,29,29,862.34,0,0,0
TX_005940,1410.02,17,46,87,347.11,0,1,0
TX_005941,2058.58,12,79,20,848.83,0,0,0
TX_005942,1175.45,4,46,70,766.14,1,0,0
TX_005943,103.16,1,40,76,196.32,0,0,0
TX_005944,4397.57,10,43,76,156.95,0,0,0
TX_005945,4828.22,0,54,3,779.66,0,0,0
TX_005946,1711.14,12,49,39,390.3,0,0,0
TX_005947,1695.84,4,69,99,949.39,0,0,0
TX_005948,40.42,17,55,83,942.95,0,0,0
TX_005949,3402.85,13,74,45,693.48,0,0,0
TX_005950,4128.07,12,23,68,500.58,0,1,0
TX_005951,737.31,6,25,31,194.97,0,0,0
TX_005952,802.53,7,34,38,882.39,0,0,0
TX_005953,3951.47,17,29,97,82.0,0,0,0
TX_005954,3083.37,6,79,6,370.35,0,0,0
TX_005955,229.08,19,39,8,319.22,0,0,0
TX_005956,3114.62,16,79,28,958.43,0,0,0
TX_005957,1548.04,15,31,15,118.12,0,0,0
TX_005958,1846.78,10,51,95,890.15,0,0,0
TX_005959,3849.81,18,36,8,456.43,0,0,0
TX_005960,4055.62,0,23,54,47.5,1,0,0
TX_005961,2004.78,20,35,6,728.87,0,1,0
TX_005962,4736.03,7,53,29,100.88,0,1,0
TX_005963,2035.28,0,71,34,237.0,1,0,0
TX_005964,3860.32,8,54,7,799.73,0,0,0
TX_005965,2421.97,18,55,40,154.73,0,0,0
TX_005966,4488.17,20,32,74,325.47,0,0,0
TX_005967,4539.27,8,55,13,361.0,0,0,0
TX_005968,441.65,20,57,62,588.8,0,0,0
TX_005969,4682.78,9,26,86,789.93,0,0,0
TX_005970,4128.55,23,70,85,230.81,0,0,0
TX_005971,3957.6,22,71,65,205.78,1,0,0
TX_005972,1008.55,10,23,41,221.9,0,0,0
TX_005973,4026.57,0,71,42,381.61,0,0,0
TX_005974,4251.41,19,19,66,535.1,0,1,0
TX_005975,1449.31,7,33,93,13.44,0,1,0
TX_005976,4761.54,19,69,11,780.3,0,0,0
TX_005977,254.05,11,18,50,926.72,0,0,0
TX_005978,753.8,0,47,71,843.52,0,0,0
TX_005979,2690.22,9,77,35,37.18,0,0,0
TX_005980,2881.08,3,65,94,524.5,0,0,0
TX_005981,3227.52,14,50,80,814.03,0,0,0
TX_005982,89.76,18,18,79,344.11,0,0,0
TX_005983,4802.03,5,56,20,897.04,0,0,0
TX_005984,227.72,4,33,28,886.88,0,0,0
TX_005985,719.59,4,34,37,141.7,0,1,0
TX_005986,75.0,17,65,3,493.63,0,0,0
TX_005987,2836.46,2,65,93,25.67,0,0,0
TX_005988,4661.67,21,55,59,281.86,0,0,0
TX_005989,3331.41,1,35,73,811.87,1,0,1
TX_005990,4114.17,3,39,27,975.14,0,0,0
TX_005991,71.34,17,39,32,913.32,0,0,0
TX_005992,2712.37,8,77,48,42.58,1,1,0
TX_005993,2300.52,18,76,46,926.73,0,1,0
TX_005994,2497.34,9,52,95,822.65,0,0,0
TX_005995,365.7,21,48,47,867.7,1,0,0
TX_005996,3423.75,14,57,90,914.83,1,1,1
TX_005997,2518.59,0,44,40,488.18,0,0,0
TX_005998,3826.92,10,53,3,211.22,0,1,0
TX_005999,2429.03,13,78,75,21.02,0,0,0
TX_006000,751.16,9,72,29,23.55,0,0,0
TX_006001,3243.04,18,21,91,642.51,0,0,0
TX_006002,866.07,23,66,58,337.28,0,0,0
TX_006003,4362.61,20,71,50,495.9,0,0,0
TX_006004,3067.52,15,22,10,131.34,0,0,0
TX_006005,790.23,7,42,61,975.51,0,0,0
TX_006006,4811.88,1,48,99,129.94,0,0,0
TX_006007,2594.24,22,31,61,444.81,0,0,0
TX_006008,369.13,6,47,23,443.35,0,0,0
TX_006009,3136.03,18,64,6,8.64,0,0,0
TX_006010,1269.73,6,74,75,667.8,0,0,0
TX_006011,4019.45,14,29,60,538.21,0,0,0
TX_006012,4090.02,7,44,27,497.5,0,0,0
TX_006013,4894.84,13,62,55,818.08,0,0,0
TX_006014,2511.84,0,41,31,241.14,0,0,0
TX_006015,2277.51,12,72,30,861.1,0,0,0
TX_006016,3768.61,2,47,67,864.78,0,1,1
TX_006017,666.69,20,35,13,826.86,0,0,0
TX_006018,2736.84,5,31,59,341.4,0,0,0
TX_006019,2733.51,18,73,54,162.56,0,0,0
TX_006020,451.92,14,36,21,475.18,0,0,0
TX_006021,2092.83,3,39,43,259.84,0,0,0
TX_006022,4267.16,20,43,11,52.18,0,0,0
TX_006023,4281.49,2,24,67,279.47,0,0,0
TX_006024,500.69,3,45,38,469.13,0,0,0
TX_006025,458.15,4,55,95,112.74,0,0,0
TX_006026,1317.16,17,22,24,944.33,0,0,0
TX_006027,4374.46,9,53,51,656.1,1,0,0
TX_006028,648.87,7,35,76,136.34,0,0,0
TX_006029,3601.38,11,74,61,812.06,0,0,0
TX_006030,510.32,21,31,46,928.09,0,0,0
TX_006031,3117.57,2,65,43,262.78,0,0,0
TX_006032,1783.56,17,40,27,143.25,0,0,0
TX_006033,3945.63,22,72,85,322.48,1,0,0
TX_006034,1172.28,7,69,89,832.25,0,0,0
TX_006035,3197.81,0,31,30,175.09,0,1,0
TX_006036,1182.23,13,49,94,779.35,1,0,0
TX_006037,3569.73,21,22,63,716.26,0,0,0
TX_006038,4369.02,22,39,10,651.37,0,0,0
TX_006039,638.37,12,45,3,433.32,0,0,0
TX_006040,4333.65,11,60,77,366.77,0,0,0
TX_006041,2969.91,2,29,60,85.26,0,0,0
TX_006042,639.92,17,35,27,357.36,0,0,0
TX_006043,2140.57,20,53,82,601.84,0,0,0
TX_006044,808.5,12,48,45,898.21,0,0,0
TX_006045,3503.24,14,30,62,833.12,0,0,0
TX_006046,3795.55,9,37,24,32.22,1,0,0
TX_006047,533.45,0,77,46,138.86,0,1,0
TX_006048,2533.17,5,62,78,848.49,0,1,0
TX_006049,4074.05,8,53,44,939.32,0,0,0
TX_006050,4681.13,9,72,63,55.81,0,0,0
TX_006051,2570.02,14,78,4,701.25,1,0,0
TX_006052,4751.64,8,72,16,365.73,0,0,0
TX_006053,2680.77,22,24,51,364.29,0,0,0
TX_006054,1973.98,13,40,74,642.67,0,1,0
TX_006055,4241.77,10,51,91,810.22,0,1,0
TX_006056,2467.45,6,70,48,274.84,0,0,0
TX_006057,2362.15,23,75,65,705.35,0,0,0
TX_006058,2454.11,1,67,69,635.88,0,0,0
TX_006059,4234.69,13,49,77,517.32,0,0,0
TX_006060,4160.55,5,38,45,602.43,0,0,0
TX_006061,2020.58,4,77,3,18.05,1,0,0
TX_006062,1669.83,4,23,17,4.07,0,0,0
TX_006063,2462.18,18,33,83,550.44,0,1,0
TX_006064,2866.0,18,52,37,524.11,0,0,0
TX_006065,1195.49,5,71,5,71.34,0,1,0
TX_006066,3970.81,9,64,47,492.03,0,0,0
TX_006067,2434.98,22,70,44,757.53,0,0,0
TX_006068,1673.56,13,37,88,541.2,0,0,0
TX_006069,538.57,16,59,33,517.61,0,0,0
TX_006070,1198.03,2,58,21,717.91,0,0,0
TX_006071,4746.66,0,28,67,171.84,0,0,0
TX_006072,1528.97,9,49,68,457.48,1,0,0
TX_006073,848.45,2,31,32,148.05,1,0,0
TX_006074,2306.06,4,41,24,523.84,0,0,0
TX_006075,1538.9,18,61,35,591.94,0,0,0
TX_006076,180.62,9,56,18,121.67,0,0,0
TX_006077,1619.11,15,60,67,75.52,0,0,0
TX_006078,2722.82,0,48,54,166.73,0,0,0
TX_006079,2760.8,5,34,26,586.34,1,0,0
TX_006080,1786.01,8,42,60,189.62,0,0,0
TX_006081,2239.28,4,26,88,275.24,0,0,0
TX_006082,4827.76,13,39,65,702.55,0,0,0
TX_006083,1889.86,9,72,51,248.34,0,0,0
TX_006084,1294.84,1,62,98,397.53,0,0,0
TX_006085,1221.12,4,65,60,928.85,0,0,0
TX_006086,2291.53,0,52,59,825.0,1,0,0
TX_006087,3798.8,9,54,76,255.47,1,0,0
TX_006088,1033.91,21,72,17,597.58,0,0,0
TX_006089,3547.93,8,34,85,665.8,0,0,0
TX_006090,110.64,2,45,21,900.24,0,0,0
TX_006091,2097.57,14,18,67,547.47,0,0,0
TX_006092,3880.45,3,70,28,561.29,0,0,0
TX_006093,1696.97,12,26,89,888.45,0,0,0
TX_006094,2820.87,5,72,44,54.38,0,0,0
TX_006095,1028.87,19,66,70,628.14,0,0,0
TX_006096,3711.27,16,78,62,416.65,0,0,0
TX_006097,266.13,22,30,42,909.76,0,0,0
TX_006098,4263.45,4,64,94,960.54,0,0,0
TX_006099,994.99,14,49,96,170.25,0,1,0
TX_006100,4372.62,7,45,22,281.47,1,0,0
TX_006101,1765.88,4,70,38,273.46,0,0,0
TX_006102,3614.8,23,48,14,100.63,0,0,0
TX_006103,1599.53,12,25,98,482.94,0,1,0
TX_006104,4530.03,0,25,26,513.08,0,1,1
TX_006105,637.55,0,77,40,572.98,0,0,0
TX_006106,896.71,6,51,54,662.96,0,0,0
TX_006107,2467.69,21,40,13,62.92,0,0,0
TX_006108,414.28,4,27,94,622.48,0,0,0
TX_006109,983.92,13,54,19,913.81,1,0,0
TX_006110,4719.11,14,65,42,454.99,0,0,0
TX_006111,4882.57,20,42,41,106.71,0,0,0
TX_006112,1884.42,16,68,50,85.94,0,0,0
TX_006113,4616.81,23,50,3,281.75,0,1,0
TX_006114,2726.4,17,62,31,752.52,1,0,0
TX_006115,1352.36,6,21,76,261.0,0,0,0
TX_006116,3513.48,21,24,15,814.33,0,0,0
TX_006117,3296.21,17,50,54,819.66,0,0,0
TX_006118,4945.68,18,19,53,457.11,0,0,0
TX_006119,1328.91,19,65,45,300.79,1,0,0
TX_006120,3361.94,6,63,38,597.67,0,0,0
TX_006121,264.86,7,49,78,810.53,0,0,0
TX_006122,572.66,12,22,99,64.57,0,0,0
TX_006123,24.57,17,74,80,953.42,0,0,0
TX_006124,4997.31,23,63,50,645.9,0,0,0
TX_006125,4012.36,10,34,24,398.15,0,0,0
TX_006126,3934.68,8,29,17,506.02,0,0,0
TX_006127,2551.08,22,69,18,385.59,0,1,0
TX_006128,1503.84,0,29,42,412.61,0,0,0
TX_006129,760.57,21,79,17,595.62,0,0,0
TX_006130,1426.95,7,52,16,60.24,1,0,0
TX_006131,1882.98,20,79,85,175.38,0,0,0
TX_006132,3782.77,11,38,88,227.04,0,0,0
TX_006133,2700.61,1,38,98,407.51,0,0,0
TX_006134,392.03,14,75,52,371.06,0,0,0
TX_006135,95.05,20,19,36,722.2,0,0,0
TX_006136,516.15,23,70,91,259.18,0,0,0
TX_006137,2055.44,17,74,39,57.07,0,0,0
TX_006138,4666.3,16,38,81,55.44,0,0,0
TX_006139,3188.83,14,32,25,11.31,0,1,0
TX_006140,4010.12,19,28,42,38.03,1,0,0
TX_006141,2334.54,19,27,21,858.66,0,0,0
TX_006142,1811.52,8,35,68,697.24,0,0,0
TX_006143,546.46,2,40,89,995.93,0,0,0
TX_006144,4380.29,19,48,59,20.31,0,0,0
TX_006145,3916.88,18,71,30,849.0,0,0,0
TX_006146,844.75,17,72,57,696.06,0,0,0
TX_006147,2563.74,19,73,33,640.34,0,0,0
TX_006148,2439.44,7,43,90,356.53,0,0,0
TX_006149,3127.33,0,70,89,376.73,1,0,0
TX_006150,4731.2,23,19,53,845.56,0,0,0
TX_006151,2900.96,23,56,16,713.48,0,0,0
TX_006152,2703.39,14,24,49,670.32,0,0,0
TX_006153,256.36,18,41,88,30.65,0,0,0
TX_006154,319.22,9,56,5,184.32,1,1,0
TX_006155,940.8,11,49,77,962.62,1,0,0
TX_006156,167.19,5,43,94,454.37,1,0,0
TX_006157,3718.05,12,40,60,781.39,1,0,0
TX_006158,3618.03,3,31,71,389.33,0,0,0
TX_006159,684.6,12,46,81,764.32,0,0,0
TX_006160,4181.21,16,42,55,119.21,0,0,0
TX_006161,778.16,0,73,91,42.13,0,0,0
TX_006162,1509.37,4,48,35,466.18,0,0,0
TX_006163,1248.64,23,19,69,591.65,0,0,0
TX_006164,1864.67,16,19,42,323.7,0,0,0
TX_006165,1277.05,17,40,69,716.0,1,0,0
TX_006166,2447.31,6,75,24,495.82,0,0,0
TX_006167,2040.0,15,64,71,928.32,0,0,0
TX_006168,4932.91,7,28,71,84.99,0,0,0
TX_006169,284.35,11,46,55,66.57,0,0,0
TX_006170,715.2,13,59,14,905.12,0,0,0
TX_006171,268.87,18,52,55,669.11,0,0,0
TX_006172,3131.08,10,66,15,671.12,0,0,0
TX_006173,277.27,11,26,5,27.56,0,0,0
TX_006174,4183.02,12,49,4,937.68,1,0,1
TX_006175,2562.13,7,47,30,771.83,0,0,0
TX_006176,2637.4,0,32,84,764.31,0,0,0
TX_006177,2810.16,8,79,53,911.93,0,0,0
TX_006178,858.21,1,31,90,578.15,1,0,0
TX_006179,992.46,13,68,73,394.67,0,0,0
TX_006180,1597.49,12,34,30,480.68,0,0,0
TX_006181,2969.51,15,39,86,777.24,0,0,0
TX_006182,1054.54,1,69,94,768.73,0,0,0
TX_006183,586.08,3,47,84,609.59,0,0,0
TX_006184,4850.73,11,34,92,218.08,0,0,0
TX_006185,114.8,15,33,61,818.88,0,0,0
TX_006186,4014.47,9,69,71,647.24,0,0,0
TX_006187,3941.24,2,25,68,221.26,1,1,1
TX_006188,1489.58,3,76,92,480.64,0,0,0
TX_006189,682.45,5,56,55,997.21,0,0,0
TX_006190,732.42,22,48,99,328.38,0,0,0
TX_006191,3488.67,4,29,97,116.56,0,0,0
TX_006192,3215.82,17,50,71,21.67,0,0,0
TX_006193,3914.81,2,75,73,184.63,0,0,0
TX_006194,4687.72,9,29,98,186.97,0,0,0
TX_006195,3461.18,10,42,42,858.07,0,1,0
TX_006196,783.48,18,55,98,156.15,0,1,0
TX_006197,1221.0,13,65,77,862.65,0,0,0
TX_006198,4211.76,20,35,29,86.72,0,0,0
TX_006199,1050.48,10,36,35,906.64,0,1,0
TX_006200,367.25,20,72,45,256.35,0,0,0
TX_006201,3517.88,3,20,74,611.5,0,0,0
TX_006202,2015.62,23,78,94,159.73,0,0,0
TX_006203,4600.6,21,52,90,390.06,0,0,0
TX_006204,3253.02,5,22,99,85.77,0,1,0
TX_006205,456.64,16,52,92,579.53,0,1,0
TX_006206,4739.54,21,68,29,345.88,0,1,0
TX_006207,1296.49,18,44,70,852.15,0,0,0
TX_006208,1689.38,12,54,3,181.82,0,0,0
TX_006209,2014.29,21,63,93,279.99,0,0,0
TX_006210,260.87,9,38,57,177.25,0,0,0
TX_006211,2485.09,10,33,66,563.82,0,0,0
TX_006212,620.98,5,45,22,111.75,0,1,0
TX_006213,2007.85,1,42,27,189.36,0,1,0
TX_006214,1756.8,0,50,22,678.49,0,0,0
TX_006215,3865.34,10,79,74,74.41,0,0,0
TX_006216,4016.84,15,34,49,743.16,0,1,0
TX_006217,771.3,2,60,83,104.33,0,0,0
TX_006218,1835.92,4,47,24,585.49,0,0,0
TX_006219,1869.9,14,58,27,997.81,0,0,0
TX_006220,761.3,14,70,36,173.89,0,0,0
TX_006221,3993.28,3,21,17,261.09,0,0,0
TX_006222,3537.61,22,19,56,898.43,1,0,0
TX_006223,955.96,3,77,10,626.29,1,0,0
TX_006224,1836.78,7,26,54,492.53,0,0,0
TX_006225,533.5,6,71,81,562.71,0,1,0
TX_006226,3142.89,16,48,74,295.5,1,0,0
TX_006227,611.25,14,42,74,855.32,0,0,0
TX_006228,4929.74,4,54,38,745.27,0,0,0
TX_006229,3904.51,12,53,81,642.47,0,0,0
TX_006230,1954.24,3,72,90,931.74,0,0,0
TX_006231,2894.93,21,22,90,578.11,0,0,0
TX_006232,4557.15,16,41,98,511.88,0,0,0
TX_006233,2772.73,21,41,4,975.69,0,0,0
TX_006234,876.62,16,46,50,206.01,0,0,0
TX_006235,1896.62,13,67,91,141.97,0,0,0
TX_006236,4216.51,13,62,61,162.28,0,0,0
TX_006237,3222.84,16,48,21,989.44,0,0,0
TX_006238,3255.37,7,54,36,652.25,0,0,0
TX_006239,4334.77,1,75,46,305.92,0,0,0
TX_006240,4470.4,12,73,95,248.98,0,0,0
TX_006241,4599.36,21,36,71,56.64,0,0,0
TX_006242,478.77,15,40,44,131.95,0,0,0
TX_006243,2722.91,15,52,64,908.17,0,0,0
TX_006244,3703.85,5,71,98,747.34,0,0,0
TX_006245,3785.85,21,67,18,941.56,0,0,0
TX_006246,3035.55,23,23,88,423.73,0,0,0
TX_006247,838.1,3,23,13,601.24,0,0,0
TX_006248,3988.12,2,73,13,483.67,1,0,0
TX_006249,3601.96,5,54,25,881.39,0,0,0
TX_006250,435.25,3,47,5,991.38,0,0,0
TX_006251,2321.73,17,18,39,932.78,0,0,0
TX_006252,874.02,5,25,29,598.06,0,0,0
TX_006253,1690.7,4,45,57,61.8,0,0,0
TX_006254,95.32,8,42,46,617.53,0,0,0
TX_006255,2004.65,10,50,33,97.05,0,0,0
TX_006256,2751.64,5,70,88,138.82,0,0,0
TX_006257,3099.82,15,77,10,191.34,0,0,0
TX_006258,3319.13,18,55,58,363.49,0,0,0
TX_006259,4182.28,10,69,25,591.79,0,0,0
TX_006260,1081.24,20,31,74,333.55,0,0,0
TX_006261,606.81,14,28,39,452.27,0,0,0
TX_006262,4258.43,23,19,16,47.29,0,0,0
TX_006263,787.28,8,70,60,619.76,0,0,0
TX_006264,4873.93,23,47,28,657.03,0,0,0
TX_006265,4213.48,18,47,76,99.39,0,0,0
TX_006266,2506.88,18,21,44,785.12,0,0,0
TX_006267,4907.2,23,30,58,647.46,0,0,0
TX_006268,491.4,8,24,32,489.73,1,1,0
TX_006269,1518.81,22,55,63,552.86,0,0,0
TX_006270,3192.93,3,20,93,503.05,0,0,0
TX_006271,1753.28,9,26,45,53.79,0,0,0
TX_006272,4642.22,8,31,53,735.15,0,0,0
TX_006273,332.8,18,69,61,511.81,0,0,0
TX_006274,2749.31,14,28,50,172.82,1,0,0
TX_006275,2956.38,18,54,27,680.73,0,0,0
TX_006276,3265.38,1,31,26,695.07,0,0,0
TX_006277,1282.05,9,36,3,213.5,0,0,0
TX_006278,1826.01,18,25,90,796.5,0,0,0
TX_006279,4219.18,16,76,39,456.5,0,0,0
TX_006280,978.74,19,24,65,180.61,0,0,0
TX_006281,4135.2,23,76,35,657.62,0,0,0
TX_006282,2815.46,20,76,53,596.73,0,0,0
TX_006283,3812.13,1,24,91,170.41,0,1,0
TX_006284,3569.47,18,73,46,872.35,0,0,0
TX_006285,1041.52,16,72,68,854.53,0,0,0
TX_006286,2846.22,17,20,83,836.24,0,0,0
TX_006287,4339.28,16,20,22,399.23,0,0,0
TX_006288,2163.42,1,35,60,824.62,0,0,0
TX_006289,4833.12,18,62,6,844.8,1,0,1
TX_006290,2263.81,0,50,52,996.54,0,0,0
TX_006291,718.21,10,54,73,957.6,0,0,0
TX_006292,1950.23,9,45,75,382.85,0,1,0
TX_006293,4758.75,4,53,86,198.2,0,0,0
TX_006294,1602.01,15,33,73,292.46,1,0,0
TX_006295,4341.15,23,32,29,494.78,0,0,0
TX_006296,4406.85,4,46,43,805.46,0,0,0
TX_006297,1754.18,23,76,74,722.98,0,0,0
TX_006298,420.87,22,35,34,787.71,0,0,0
TX_006299,3624.17,11,66,31,379.93,0,0,0
TX_006300,1561.0,3,63,86,246.9,0,0,0
TX_006301,3915.7,22,63,46,24.13,0,1,0
TX_006302,2216.06,5,36,4,626.18,1,0,0
TX_006303,2428.91,18,46,2,795.04,0,1,0
TX_006304,3890.66,8,23,5,889.14,0,1,0
TX_006305,1914.9,11,62,46,476.24,0,0,0
TX_006306,2218.42,14,67,79,927.65,0,0,0
TX_006307,1884.07,15,75,19,202.41,1,0,0
TX_006308,1839.87,12,64,38,514.38,0,0,0
TX_006309,2632.1,20,78,59,213.77,0,0,0
TX_006310,4044.95,23,72,79,188.08,0,0,0
TX_006311,1812.03,6,44,72,953.39,0,0,0
TX_006312,2623.65,22,24,20,817.74,0,0,0
TX_006313,3355.28,19,44,76,11.8,0,0,0
TX_006314,1350.85,3,36,68,268.51,1,0,0
TX_006315,1391.23,10,79,53,205.14,0,0,0
TX_006316,4667.4,7,34,55,147.13,0,0,0
TX_006317,3619.06,5,58,39,697.41,1,0,0
TX_006318,2888.05,9,28,36,566.84,1,0,0
TX_006319,3240.36,6,22,58,453.93,0,0,0
TX_006320,151.35,6,19,15,189.5,0,0,0
TX_006321,3092.42,3,64,1,277.62,0,0,0
TX_006322,2550.0,2,73,95,356.1,1,0,0
TX_006323,2731.02,23,29,9,785.48,0,0,0
TX_006324,1800.32,6,59,23,989.19,0,0,0
TX_006325,411.96,3,59,52,183.98,0,0,0
TX_006326,970.73,12,69,26,341.52,1,0,0
TX_006327,4753.97,19,28,60,280.2,0,0,0
TX_006328,2046.45,16,27,18,44.07,0,0,0
TX_006329,2336.08,6,45,97,219.22,0,0,0
TX_006330,268.29,16,24,78,901.61,0,1,0
TX_006331,192.64,3,31,58,842.86,0,0,0
TX_006332,3587.32,10,30,65,167.6,0,0,0
TX_006333,2692.78,2,22,77,366.16,0,0,0
TX_006334,2545.99,10,78,79,310.8,0,0,0
TX_006335,1219.41,2,68,69,147.74,1,0,0
TX_006336,3725.03,11,59,14,622.21,1,0,0
TX_006337,845.34,0,25,78,557.3,0,0,0
TX_006338,953.72,3,67,46,426.99,0,0,0
TX_006339,2306.26,13,18,69,855.5,0,0,0
TX_006340,1434.97,0,22,75,619.71,0,0,0
TX_006341,1241.08,13,28,32,259.27,0,0,0
TX_006342,3227.96,12,69,51,373.7,0,1,0
TX_006343,3256.6,12,60,69,150.16,0,0,0
TX_006344,4123.46,23,65,15,591.37,0,0,0
TX_006345,2091.45,14,27,53,586.63,0,0,0
TX_006346,370.06,16,32,71,870.18,0,1,0
TX_006347,1371.96,11,56,69,855.82,0,0,0
TX_006348,4900.13,21,64,94,836.94,0,0,0
TX_006349,2983.31,22,46,15,548.95,0,0,0
TX_006350,3550.14,13,42,30,652.02,0,0,0
TX_006351,41.75,11,65,78,775.54,0,0,0
TX_006352,2593.44,17,23,24,91.68,0,0,0
TX_006353,192.46,3,28,88,300.6,0,0,0
TX_006354,2848.3,13,34,35,169.09,0,0,0
TX_006355,4604.25,18,32,69,511.47,0,0,0
TX_006356,4842.25,12,33,12,837.67,0,0,0
TX_006357,2705.06,22,73,84,230.71,0,0,0
TX_006358,2293.73,17,19,46,730.9,0,0,0
TX_006359,4725.36,10,53,69,405.82,0,0,0
TX_006360,3369.68,5,36,36,903.07,0,1,0
TX_006361,329.17,8,55,85,626.79,0,0,0
TX_006362,2331.3,11,67,48,976.55,0,0,0
TX_006363,1205.02,18,38,67,245.67,1,0,0
TX_006364,2351.67,13,28,93,923.96,1,0,0
TX_006365,2280.05,14,58,54,357.06,1,0,0
TX_006366,2912.81,10,20,89,621.97,0,0,0
TX_006367,1787.07,5,51,91,174.51,0,0,0
TX_006368,825.53,13,35,36,759.79,0,0,0
TX_006369,2521.08,2,32,52,978.25,0,0,0
TX_006370,4151.86,18,42,22,787.43,0,0,0
TX_006371,3321.74,19,71,38,615.8,0,0,0
TX_006372,1695.15,10,67,99,448.21,0,1,0
TX_006373,4677.94,23,68,62,345.24,1,0,0
TX_006374,4561.48,16,32,65,419.01,1,0,0
TX_006375,1050.7,16,47,3,328.29,0,0,0
TX_006376,201.89,22,34,88,832.71,0,0,0
TX_006377,3707.84,2,35,8,893.11,0,0,0
TX_006378,4138.91,13,48,39,949.66,0,0,0
TX_006379,4839.48,6,67,18,418.36,1,0,0
TX_006380,4449.73,18,60,3,546.22,1,0,0
TX_006381,3004.67,2,35,18,576.9,0,0,0
TX_006382,2652.61,1,72,80,651.09,0,0,0
TX_006383,144.07,16,52,96,2.46,0,1,0
TX_006384,1237.05,8,30,1,842.69,1,0,0
TX_006385,2300.78,21,31,26,268.14,1,0,0
TX_006386,3144.38,5,76,52,472.16,0,1,0
TX_006387,2788.47,23,53,12,841.57,0,1,0
TX_006388,3714.47,20,35,38,996.86,0,0,0
TX_006389,1402.44,8,22,85,794.88,0,1,0
TX_006390,2826.94,4,31,41,24.83,0,0,0
TX_006391,445.27,1,42,53,368.75,0,1,0
TX_006392,2071.26,21,61,13,247.21,0,0,0
TX_006393,3752.05,14,74,76,964.13,0,0,0
TX_006394,3468.54,8,56,13,264.23,1,0,0
TX_006395,4953.26,18,29,18,943.35,0,0,0
TX_006396,1393.07,9,57,19,937.52,0,0,0
TX_006397,2493.46,3,78,19,839.41,0,0,0
TX_006398,1651.0,9,79,70,98.07,0,0,0
TX_006399,2205.81,7,70,48,2.0,0,0,0
TX_006400,4285.47,21,70,71,793.88,0,0,0
TX_006401,3422.62,12,45,71,843.3,0,0,0
TX_006402,4412.79,6,52,28,962.18,0,0,0
TX_006403,1021.54,6,71,92,218.38,0,1,0
TX_006404,4367.44,3,18,19,733.15,0,0,0
TX_006405,303.51,14,20,80,519.06,0,0,0
TX_006406,4443.55,11,60,81,328.48,0,0,0
TX_006407,1648.72,15,67,86,606.29,0,0,0
TX_006408,1576.37,5,24,83,548.2,0,0,0
TX_006409,2562.88,8,26,48,292.29,0,0,0
TX_006410,4703.75,2,53,29,268.46,1,0,1
TX_006411,243.67,7,40,48,486.58,0,0,0
TX_006412,1764.39,6,41,19,474.04,0,1,0
TX_006413,4283.58,3,27,99,302.05,0,0,0
TX_006414,1983.29,12,67,47,263.73,0,0,0
TX_006415,999.79,18,72,89,954.31,0,0,0
TX_006416,2126.85,6,65,60,862.37,0,0,0
TX_006417,1930.83,9,78,48,816.78,0,0,0
TX_006418,4577.5,11,29,20,214.28,0,0,0
TX_006419,3810.86,2,36,19,189.29,0,0,0
TX_006420,2528.05,23,49,42,809.33,0,1,0
TX_006421,4941.91,11,41,77,184.67,1,0,0
TX_006422,2329.06,18,39,76,503.54,0,1,0
TX_006423,295.9,14,20,49,221.42,0,0,0
TX_006424,1315.06,7,57,15,378.07,0,0,0
TX_006425,2183.17,11,44,60,853.45,0,0,0
TX_006426,788.73,19,78,68,891.42,1,0,0
TX_006427,4738.09,5,36,79,996.68,0,0,0
TX_006428,3835.41,9,26,81,943.9,0,0,0
TX_006429,1345.09,1,76,27,671.25,0,0,0
TX_006430,2956.07,23,68,75,431.73,0,0,0
TX_006431,3608.64,12,66,55,57.69,0,0,0
TX_006432,4706.69,6,30,87,608.17,0,0,0
TX_006433,4408.77,7,19,15,210.68,0,1,0
TX_006434,2578.39,22,53,52,850.14,0,0,0
TX_006435,3874.39,15,46,31,548.9,0,0,0
TX_006436,2812.91,10,28,90,733.5,1,1,0
TX_006437,2765.76,3,51,7,673.5,1,0,0
TX_006438,578.14,16,21,13,347.33,0,0,0
TX_006439,635.06,15,21,54,759.09,0,0,0
TX_006440,2650.02,18,69,13,843.38,1,1,1
TX_006441,1347.96,22,18,20,744.13,0,0,0
TX_006442,110.08,10,42,98,776.81,0,0,0
TX_006443,3615.58,6,43,10,360.02,0,0,0
TX_006444,167.27,12,28,52,943.69,0,0,0
TX_006445,2978.41,18,40,37,424.57,1,0,0
TX_006446,2698.27,16,19,52,897.05,0,0,0
TX_006447,4844.23,21,36,27,857.81,0,0,0
TX_006448,2423.64,12,46,34,124.33,0,0,0
TX_006449,322.69,11,57,62,966.27,0,0,0
TX_006450,2760.68,6,72,16,996.34,0,0,0
TX_006451,4206.28,0,69,59,606.15,0,0,0
TX_006452,4984.26,0,21,21,783.11,0,0,0
TX_006453,2154.56,19,74,16,933.69,1,0,0
TX_006454,1604.89,22,33,81,20.02,0,0,0
TX_006455,4533.73,13,64,79,929.99,0,0,0
TX_006456,960.25,14,54,13,627.37,0,0,0
TX_006457,3079.07,10,79,33,828.46,0,0,0
TX_006458,2031.54,23,78,54,540.72,0,0,0
TX_006459,210.21,8,44,69,530.55,0,0,0
TX_006460,1739.71,16,22,27,897.52,1,0,0
TX_006461,1329.82,3,32,52,507.47,0,0,0
TX_006462,3432.03,19,40,65,471.79,0,0,0
TX_006463,4744.21,18,66,44,608.19,0,0,0
TX_006464,1343.9,6,20,30,518.57,0,0,0
TX_006465,4058.27,0,35,23,446.29,0,0,0
TX_006466,281.52,8,60,79,180.52,0,0,0
TX_006467,2692.91,12,43,83,397.4,0,0,0
TX_006468,357.4,23,23,94,282.05,0,0,0
TX_006469,4670.49,1,76,16,400.46,0,0,0
TX_006470,3832.92,1,61,55,593.16,0,0,0
TX_006471,3291.46,23,71,18,608.85,0,0,0
TX_006472,4120.36,14,75,90,238.66,0,0,0
TX_006473,3239.36,16,34,17,84.48,1,0,0
TX_006474,4844.88,12,79,75,744.44,0,0,0
TX_006475,3571.22,6,63,52,528.57,0,0,0
TX_006476,4623.67,8,55,45,442.1,0,0,0
TX_006477,2588.07,11,59,56,129.6,0,0,0
TX_006478,589.74,2,65,93,414.66,0,0,0
TX_006479,2643.25,22,67,54,818.18,0,1,0
TX_006480,638.73,21,44,9,581.44,1,0,0
TX_006481,2964.5,14,37,17,90.98,0,0,0
TX_006482,2415.05,6,23,27,332.28,0,0,0
TX_006483,3114.76,22,68,37,979.8,0,1,0
TX_006484,55.18,0,52,22,544.51,0,0,0
TX_006485,978.23,13,29,72,286.4,0,0,0
TX_006486,2459.2,18,65,67,913.44,0,0,0
TX_006487,4752.77,15,20,38,336.0,0,0,0
TX_006488,1921.13,9,65,99,729.91,0,0,0
TX_006489,2124.74,0,21,96,147.22,0,0,0
TX_006490,3574.91,4,74,72,156.49,0,0,0
TX_006491,3020.94,2,69,44,561.31,0,0,0
TX_006492,1498.14,16,62,91,239.82,0,0,0
TX_006493,2057.03,17,21,96,49.33,0,0,0
TX_006494,1092.41,20,21,36,926.47,0,0,0
TX_006495,4830.28,18,56,98,55.99,0,0,0
TX_006496,657.52,21,38,25,717.44,0,0,0
TX_006497,1862.32,21,61,95,332.99,1,0,0
TX_006498,134.07,17,19,42,933.5,0,1,0
TX_006499,1112.79,15,33,13,986.05,0,0,0
TX_006500,3903.45,1,24,56,335.43,0,0,0
TX_006501,1009.87,14,36,79,591.11,0,0,0
TX_006502,404.92,12,60,51,772.98,1,0,0
TX_006503,2374.89,12,50,50,123.41,1,1,0
TX_006504,54.8,15,26,77,709.46,0,0,0
TX_006505,428.41,7,54,52,906.2,1,0,0
TX_006506,4039.09,10,75,33,178.5,0,0,0
TX_006507,3858.51,7,34,95,838.71,1,0,0
TX_006508,4576.12,21,44,25,115.6,0,1,0
TX_006509,4273.3,9,50,58,568.3,0,0,0
TX_006510,3417.46,22,66,40,339.36,1,1,0
TX_006511,266.4,0,29,87,471.72,0,0,0
TX_006512,3915.33,11,74,38,300.63,0,1,0
TX_006513,4228.33,8,62,3,260.54,0,0,0
TX_006514,3996.42,4,73,16,743.14,1,0,1
TX_006515,2544.85,8,28,2,223.11,0,0,0
TX_006516,1168.34,15,30,23,408.41,0,0,0
TX_006517,4227.42,17,48,98,274.56,0,0,0
TX_006518,3637.18,7,30,30,238.64,0,0,0
TX_006519,4903.9,22,55,10,627.1,0,1,0
TX_006520,782.68,10,43,65,45.43,0,0,0
TX_006521,1132.19,19,48,22,788.9,0,0,0
TX_006522,1062.93,18,39,52,546.23,0,0,0
TX_006523,3963.74,3,23,56,828.44,0,0,0
TX_006524,938.6,19,37,33,213.02,0,0,0
TX_006525,337.97,9,38,89,709.41,0,0,0
TX_006526,4992.81,23,27,86,420.58,0,0,0
TX_006527,128.96,12,36,80,76.8,0,0,0
TX_006528,4177.04,19,52,30,752.48,0,0,0
TX_006529,1830.01,13,43,82,762.19,0,0,0
TX_006530,4208.87,20,24,24,270.92,0,0,0
TX_006531,2775.33,1,54,5,916.05,1,0,0
TX_006532,4508.65,3,25,53,763.97,0,0,0
TX_006533,4631.33,6,22,55,306.76,0,0,0
TX_006534,50.45,18,61,23,239.11,1,0,0
TX_006535,381.68,16,53,91,440.09,1,0,0
TX_006536,1255.54,15,79,76,292.79,0,0,0
TX_006537,3348.23,12,68,10,217.02,0,0,0
TX_006538,4441.92,23,45,98,399.1,0,0,0
TX_006539,2302.41,23,67,33,25.7,0,0,0
TX_006540,3036.83,21,20,80,401.41,0,0,0
TX_006541,946.56,22,56,93,221.66,0,0,0
TX_006542,4025.81,17,25,62,264.33,0,0,0
TX_006543,4836.8,20,32,82,82.55,0,0,0
TX_006544,1346.65,11,70,27,588.93,0,0,0
TX_006545,2476.66,22,44,7,472.01,1,0,0
TX_006546,435.15,0,66,27,750.63,1,1,0
TX_006547,2797.89,14,68,74,987.1,0,0,0
TX_006548,2516.4,2,53,10,119.53,0,0,0
TX_006549,726.46,5,33,75,272.43,0,0,0
TX_006550,2213.12,13,43,57,682.45,0,1,0
TX_006551,1673.85,22,62,30,237.31,0,0,0
TX_006552,2611.55,5,78,3,30.15,0,0,0
TX_006553,2930.34,0,61,29,109.81,0,0,0
TX_006554,47.44,19,21,14,433.63,0,0,0
TX_006555,3806.22,5,29,77,430.78,0,0,0
TX_006556,3566.51,7,34,83,972.3,1,1,1
TX_006557,1834.6,14,75,25,465.95,0,0,0
TX_006558,269.41,13,58,10,678.07,0,1,0
TX_006559,3775.89,15,61,79,492.2,0,0,0
TX_006560,4776.1,19,43,92,269.92,0,0,0
TX_006561,1204.56,22,48,49,105.45,0,0,0
TX_006562,1621.01,15,32,38,859.07,0,0,0
TX_006563,923.15,18,69,71,152.66,1,0,0
TX_006564,2886.8,23,51,14,96.89,0,0,0
TX_006565,778.43,0,46,30,213.83,0,0,0
TX_006566,1784.19,3,26,40,2.49,0,0,0
TX_006567,3486.58,23,31,12,71.97,0,0,0
TX_006568,2802.78,9,53,92,635.2,0,1,0
TX_006569,1935.38,19,21,14,243.55,1,0,0
TX_006570,2104.15,17,76,1,338.51,0,0,0
TX_006571,2812.74,1,55,68,835.3,0,0,0
TX_006572,34.29,3,73,49,772.9,0,0,0
TX_006573,397.16,14,54,18,492.25,0,1,0
TX_006574,4406.88,3,77,36,612.98,0,0,0
TX_006575,394.01,15,41,64,85.81,0,0,0
TX_006576,3535.48,14,34,96,761.59,0,0,0
TX_006577,4600.59,17,30,28,516.19,0,0,0
TX_006578,1357.06,6,37,92,570.95,0,0,0
TX_006579,1855.6,14,34,32,665.53,1,0,0
TX_006580,2846.76,21,68,72,500.18,1,0,0
TX_006581,4409.14,10,44,25,521.69,0,1,0
TX_006582,4709.82,18,72,47,499.64,1,0,0
TX_006583,3699.12,7,50,20,496.82,0,0,0
TX_006584,437.67,23,38,33,750.21,0,0,0
TX_006585,3347.43,0,34,30,427.21,0,0,0
TX_006586,2054.47,2,39,37,2.89,0,1,0
TX_006587,2356.15,4,42,80,612.06,0,0,0
TX_006588,250.5,17,20,53,952.66,0,0,0
TX_006589,959.36,11,44,89,256.96,0,0,0
TX_006590,3953.62,11,44,74,816.19,0,0,0
TX_006591,2272.52,20,63,69,455.49,0,0,0
TX_006592,1511.8,18,29,8,642.98,0,0,0
TX_006593,1923.18,8,32,97,890.87,0,0,0
TX_006594,4272.73,10,55,1,771.01,0,0,0
TX_006595,3746.25,16,37,95,884.57,0,0,0
TX_006596,1365.22,15,39,7,9.52,0,0,0
TX_006597,591.92,3,19,62,187.31,1,0,0
TX_006598,1263.73,9,21,87,423.49,0,0,0
TX_006599,4604.18,21,62,58,847.84,0,0,0
TX_006600,2910.04,14,30,88,838.39,0,0,0
TX_006601,2669.73,18,72,78,185.14,0,0,0
TX_006602,2983.99,2,49,87,142.24,0,0,0
TX_006603,1833.31,20,76,73,834.7,0,0,0
TX_006604,4036.5,22,39,8,541.43,1,0,0
TX_006605,2618.81,4,42,64,626.77,0,0,0
TX_006606,588.16,10,44,8,809.21,1,0,0
TX_006607,649.68,23,72,3,211.75,0,0,0
TX_006608,2686.61,4,34,58,136.48,0,0,0
TX_006609,4683.17,6,23,32,859.04,0,0,0
TX_006610,1545.22,5,60,68,111.77,0,0,0
TX_006611,4348.36,12,68,49,88.18,0,0,0
TX_006612,3821.66,1,33,38,277.08,0,0,0
TX_006613,1242.82,18,25,2,316.85,0,0,0
TX_006614,186.52,10,78,9,241.14,0,0,0
TX_006615,513.73,19,50,46,741.62,0,0,0
TX_006616,3643.83,4,27,65,973.35,0,0,0
TX_006617,1002.35,8,51,49,199.59,0,0,0
TX_006618,1859.5,5,36,75,781.85,0,1,0
TX_006619,2510.99,16,31,29,44.24,0,0,0
TX_006620,3628.71,18,20,90,118.9,0,0,0
TX_006621,570.59,22,72,91,515.12,0,0,0
TX_006622,2034.8,7,78,29,999.61,0,0,0
TX_006623,2427.94,6,73,33,949.37,0,0,0
TX_006624,2706.43,4,58,28,111.94,0,0,0
TX_006625,4092.71,14,40,95,239.69,0,0,0
TX_006626,862.53,9,57,83,945.79,0,0,0
TX_006627,4040.12,23,28,26,150.72,0,0,0
TX_006628,3465.93,15,64,29,742.79,0,0,0
TX_006629,2781.57,8,23,11,1.11,0,0,0
TX_006630,3499.14,6,51,96,631.71,1,0,0
TX_006631,2063.03,10,18,85,494.6,0,0,0
TX_006632,696.3,8,52,34,471.03,0,0,0
TX_006633,3330.5,16,42,86,829.19,0,0,0
TX_006634,2625.74,8,46,48,80.73,0,0,0
TX_006635,3198.68,2,40,27,377.33,0,0,0
TX_006636,1693.3,21,35,72,446.04,0,0,0
TX_006637,4534.8,7,31,40,123.93,0,0,0
TX_006638,2938.91,18,34,31,85.67,0,0,0
TX_006639,431.59,19,19,65,179.61,0,0,0
TX_006640,2251.77,15,48,39,241.05,0,1,0
TX_006641,3783.0,6,36,98,966.06,0,0,0
TX_006642,3971.7,6,49,24,475.61,0,0,0
TX_006643,2475.51,19,79,92,510.29,0,0,0
TX_006644,4474.26,12,71,68,707.0,0,1,0
TX_006645,1342.0,2,45,82,684.27,0,0,0
TX_006646,2055.94,11,58,93,502.78,1,0,0
TX_006647,4493.49,23,25,23,339.84,0,0,0
TX_006648,4481.8,7,59,61,331.05,0,0,0
TX_006649,3430.14,12,58,27,57.71,1,0,0
TX_006650,4295.61,19,76,16,899.63,0,1,0
TX_006651,448.42,15,76,45,769.39,0,1,0
TX_006652,4325.65,6,57,27,623.34,0,0,0
TX_006653,1606.5,3,56,73,396.08,0,0,0
TX_006654,895.77,11,39,5,582.47,0,0,0
TX_006655,1200.65,16,41,59,485.09,0,0,0
TX_006656,2092.75,0,55,72,273.93,0,0,0
TX_006657,1259.7,16,19,82,298.57,0,0,0
TX_006658,1606.24,1,78,35,874.48,0,0,0
TX_006659,679.22,5,58,70,634.91,1,0,0
TX_006660,1484.4,11,58,87,1.42,1,1,0
TX_006661,2863.56,10,36,46,326.87,0,0,0
TX_006662,2212.06,20,58,90,339.95,0,0,0
TX_006663,1736.86,10,19,56,706.34,1,1,0
TX_006664,3733.53,17,45,24,700.45,0,0,0
TX_006665,4468.08,7,49,10,464.15,0,1,0
TX_006666,3785.16,6,79,79,950.98,0,0,0
TX_006667,1663.34,13,36,38,872.23,0,0,0
TX_006668,3723.49,15,33,84,866.21,0,0,0
TX_006669,764.14,11,47,93,348.27,0,0,0
TX_006670,655.94,8,39,70,431.0,0,0,0
TX_006671,1731.41,19,31,48,418.96,0,0,0
TX_006672,4039.47,22,69,9,440.27,1,1,1
TX_006673,1235.51,20,73,50,889.21,0,0,0
TX_006674,320.95,15,18,69,249.12,0,0,0
TX_006675,662.89,20,62,48,802.2,0,1,0
TX_006676,4294.43,18,71,39,514.04,0,0,0
TX_006677,3170.75,15,19,83,249.08,0,0,0
TX_006678,1269.74,8,39,5,527.29,0,0,0
TX_006679,2778.7,12,63,84,195.44,0,0,0
TX_006680,2640.26,4,50,11,108.18,0,0,0
TX_006681,3278.9,21,32,60,838.18,0,0,0
TX_006682,1169.77,18,67,27,699.32,0,0,0
TX_006683,4322.69,9,58,93,204.98,0,0,0
TX_006684,1550.3,6,39,7,942.29,0,0,0
TX_006685,3472.19,8,57,60,24.4,0,0,0
TX_006686,85.54,13,56,50,333.28,0,0,0
TX_006687,1866.42,14,58,67,21.65,0,0,0
TX_006688,1761.79,12,58,69,142.3,0,0,0
TX_006689,2719.7,9,28,55,180.08,0,0,0
TX_006690,368.32,13,21,77,810.33,1,1,0
TX_006691,3951.71,20,24,16,993.04,0,0,0
TX_006692,1092.82,22,38,12,867.32,0,0,0
TX_006693,3386.8,11,24,27,635.13,0,0,0
TX_006694,4017.04,18,21,33,722.92,0,0,0
TX_006695,2811.58,5,29,79,522.82,0,0,0
TX_006696,3705.71,11,75,85,422.54,0,0,0
TX_006697,3310.99,23,44,81,692.17,0,0,0
TX_006698,1780.87,12,76,55,973.12,0,0,0
TX_006699,4045.25,7,34,52,28.89,0,0,0
TX_006700,1477.03,15,37,37,314.08,0,0,0
TX_006701,2858.21,1,48,15,330.06,1,0,0
TX_006702,3728.26,21,78,84,414.25,0,0,0
TX_006703,1897.88,6,43,83,626.89,0,0,0
TX_006704,1517.32,11,48,65,513.75,1,1,0
TX_006705,2299.43,6,52,68,18.73,1,0,0
TX_006706,4090.73,18,26,3,411.61,0,0,0
TX_006707,4649.96,13,22,72,619.45,0,0,0
TX_006708,2727.69,8,69,5,504.82,0,0,0
TX_006709,3309.02,17,65,9,872.06,0,0,0
TX_006710,4516.85,10,25,1,398.6,0,1,0
TX_006711,497.24,15,38,30,12.56,0,0,0
TX_006712,1164.23,18,33,71,284.9,0,0,0
TX_006713,3545.96,10,68,86,135.67,0,1,0
TX_006714,4119.6,17,33,20,250.23,1,0,0
TX_006715,4285.86,10,35,93,362.09,0,0,0
TX_006716,2078.46,3,64,27,676.66,0,0,0
TX_006717,451.25,17,73,89,324.17,0,1,0
TX_006718,2191.72,18,45,99,884.11,0,0,0
TX_006719,1157.52,12,35,91,299.57,0,0,0
TX_006720,1459.53,3,31,63,136.93,0,0,0
TX_006721,3862.48,9,73,75,168.87,0,0,0
TX_006722,382.26,21,65,81,934.58,0,0,0
TX_006723,4138.77,4,54,31,454.81,0,0,0
TX_006724,2141.21,2,57,82,403.13,0,0,0
TX_006725,2982.34,15,33,19,68.9,0,0,0
TX_006726,452.81,7,38,93,733.32,0,0,0
TX_006727,1690.11,23,18,79,694.65,1,0,0
TX_006728,453.06,6,77,62,375.74,0,0,0
TX_006729,4807.91,18,78,7,691.76,0,0,0
TX_006730,4037.27,13,28,37,367.45,0,1,0
TX_006731,2300.87,14,79,71,73.16,0,0,0
TX_006732,1121.89,16,28,86,738.1,0,0,0
TX_006733,4667.61,20,19,76,965.2,0,0,0
TX_006734,1726.26,0,79,8,648.29,0,0,0
TX_006735,809.12,5,49,57,276.46,0,0,0
TX_006736,2818.01,22,71,82,269.92,0,1,0
TX_006737,4719.15,14,36,28,928.98,0,0,0
TX_006738,24.13,11,73,82,303.29,0,1,0
TX_006739,1194.43,20,22,95,768.19,0,0,0
TX_006740,4692.55,19,20,17,642.91,0,0,0
TX_006741,859.57,1,45,87,592.6,0,0,0
TX_006742,570.65,4,43,11,181.07,0,0,0
TX_006743,2853.09,8,40,15,34.41,0,1,0
TX_006744,4309.91,19,47,30,488.68,0,0,0
TX_006745,2388.16,13,25,95,988.16,0,0,0
TX_006746,4972.85,17,53,6,195.76,0,0,0
TX_006747,3397.46,21,46,12,536.87,0,0,0
TX_006748,375.0,7,30,87,670.98,0,0,0
TX_006749,4964.2,1,76,61,483.68,0,0,0
TX_006750,2042.43,8,42,36,506.93,0,0,0
TX_006751,1440.58,6,39,35,661.23,0,0,0
TX_006752,2791.61,17,63,67,814.91,0,0,0
TX_006753,1525.02,15,50,92,333.29,1,0,0
TX_006754,436.86,20,54,79,899.28,0,0,0
TX_006755,12.13,4,70,77,484.9,1,0,0
TX_006756,2250.67,22,24,63,661.88,0,0,0
TX_006757,4185.13,14,40,83,106.51,0,0,0
TX_006758,2863.71,4,23,40,492.48,0,0,0
TX_006759,4996.04,10,32,82,16.11,0,0,0
TX_006760,1437.8,21,32,31,391.02,1,0,0
TX_006761,1405.87,13,57,37,54.48,1,0,0
TX_006762,802.95,18,51,85,896.98,0,1,0
TX_006763,824.5,2,31,5,672.81,0,0,0
TX_006764,1429.51,23,46,81,791.88,0,0,0
TX_006765,3965.24,9,33,83,467.68,0,0,0
TX_006766,4529.26,5,46,4,851.9,1,0,1
TX_006767,4875.56,2,40,26,873.04,1,0,1
TX_006768,1165.29,1,27,24,356.82,0,0,0
TX_006769,4407.08,12,64,39,376.85,0,0,0
TX_006770,1644.63,17,72,56,508.24,0,0,0
TX_006771,568.64,1,21,54,42.24,0,0,0
TX_006772,4350.77,14,29,38,995.77,1,0,1
TX_006773,3182.35,4,59,54,359.18,0,0,0
TX_006774,827.83,14,51,19,470.84,0,0,0
TX_006775,2152.01,20,21,94,754.76,0,0,0
TX_006776,1439.85,16,37,26,297.51,1,0,0
TX_006777,3685.29,1,45,52,201.63,0,0,0
TX_006778,2269.81,17,45,75,127.45,0,1,0
TX_006779,4946.45,14,23,61,528.02,0,0,0
TX_006780,278.45,19,31,67,5.5,0,1,0
TX_006781,1778.3,22,72,22,709.52,0,0,0
TX_006782,2412.09,2,52,17,461.39,0,0,0
TX_006783,2518.15,4,64,11,531.82,0,0,0
TX_006784,1583.1,10,75,39,263.2,0,0,0
TX_006785,3647.56,8,18,61,178.25,0,0,0
TX_006786,4374.36,4,36,91,699.99,0,0,0
TX_006787,4693.9,0,74,49,210.27,0,1,0
TX_006788,4026.44,13,18,93,780.09,0,0,0
TX_006789,4253.65,4,30,61,203.67,0,0,0
TX_006790,2754.97,7,25,12,612.68,1,0,0
TX_006791,4130.31,20,35,13,643.87,0,0,0
TX_006792,1521.0,13,71,58,505.65,0,0,0
TX_006793,1995.4,15,52,11,996.79,0,1,0
TX_006794,1587.98,5,40,64,375.84,0,0,0
TX_006795,2339.6,7,67,31,883.32,0,0,0
TX_006796,1431.47,1,69,11,169.23,1,0,0
TX_006797,4808.25,18,43,43,337.21,0,0,0
TX_006798,1567.66,8,58,36,145.37,1,0,0
TX_006799,494.73,4,55,2,603.62,1,0,0
TX_006800,2636.45,4,37,87,638.26,0,0,0
TX_006801,290.21,18,19,61,453.5,0,1,0
TX_006802,557.16,3,43,36,720.16,0,0,0
TX_006803,1100.85,15,79,78,867.65,0,0,0
TX_006804,2324.43,15,74,49,776.56,0,0,0
TX_006805,2169.09,15,53,27,241.66,1,1,0
TX_006806,3999.46,6,42,12,320.4,1,0,0
TX_006807,3698.68,17,47,58,380.28,0,0,0
TX_006808,2134.46,23,35,93,203.77,0,0,0
TX_006809,1671.85,20,24,6,361.24,0,0,0
TX_006810,1585.76,0,44,44,238.05,0,0,0
TX_006811,3871.11,2,28,47,995.73,0,0,0
TX_006812,265.1,20,54,23,783.25,0,0,0
TX_006813,69.04,7,25,74,860.02,0,0,0
TX_006814,3978.74,0,28,98,922.15,0,0,0
TX_006815,2388.35,6,79,76,665.0,0,0,0
TX_006816,658.75,6,41,96,175.98,0,0,0
TX_006817,1181.65,7,47,26,758.53,0,0,0
TX_006818,4662.86,18,47,7,15.61,1,0,0
TX_006819,4298.22,16,69,32,113.23,1,0,0
TX_006820,3550.38,10,78,33,29.58,0,0,0
TX_006821,2413.72,14,69,82,135.45,0,0,0
TX_006822,2604.02,8,32,99,752.0,0,0,0
TX_006823,4876.35,16,73,20,885.48,0,0,0
TX_006824,4829.02,10,52,95,278.84,0,0,0
TX_006825,1080.27,5,56,69,119.13,0,0,0
TX_006826,4056.47,8,41,96,272.96,1,0,0
TX_006827,990.23,17,25,52,647.11,0,0,0
TX_006828,1071.62,19,60,42,350.2,0,0,0
TX_006829,3382.08,1,59,83,961.15,0,0,0
TX_006830,2027.98,3,37,1,130.98,0,0,0
TX_006831,4658.06,17,58,63,990.34,0,0,0
TX_006832,449.6,0,64,7,12.45,0,0,0
TX_006833,2560.07,10,43,58,451.69,0,0,0
TX_006834,4593.02,2,69,86,251.81,0,0,0
TX_006835,4521.05,7,41,50,566.29,0,0,0
TX_006836,786.86,4,39,34,96.55,0,0,0
TX_006837,1836.36,19,22,51,875.82,0,1,0
TX_006838,3097.51,20,32,10,136.53,0,0,0
TX_006839,801.18,21,53,26,587.39,0,0,0
TX_006840,4840.27,21,54,32,33.35,0,1,0
TX_006841,4574.17,4,46,42,310.99,0,0,0
TX_006842,838.92,10,32,91,149.72,0,0,0
TX_006843,610.17,11,44,62,977.85,0,0,0
TX_006844,431.62,21,66,12,12.02,0,0,0
TX_006845,4547.67,8,72,40,352.4,0,0,0
TX_006846,972.15,20,25,87,302.78,0,0,0
TX_006847,2084.34,12,77,78,657.37,0,0,0
TX_006848,2247.01,21,74,34,56.38,0,0,0
TX_006849,2997.06,19,46,81,810.62,0,0,0
TX_006850,363.32,2,36,70,466.52,0,0,0
TX_006851,1137.66,12,48,27,452.77,1,0,0
TX_006852,4657.79,21,26,8,226.79,0,0,0
TX_006853,4542.51,10,27,97,490.05,0,0,0
TX_006854,3907.55,10,54,99,363.89,1,0,0
TX_006855,101.91,20,27,47,245.14,0,0,0
TX_006856,1638.4,19,71,81,168.67,0,0,0
TX_006857,3141.65,20,50,26,728.34,0,0,0
TX_006858,1379.58,6,42,57,142.04,1,0,0
TX_006859,4548.39,16,74,7,167.98,0,0,0
TX_006860,3171.28,15,71,88,577.07,1,0,0
TX_006861,364.17,13,73,89,226.08,0,0,0
TX_006862,4545.48,0,21,99,459.38,0,0,0
TX_006863,4789.04,10,70,26,552.92,0,0,0
TX_006864,393.17,12,22,59,274.43,0,0,0
TX_006865,2664.14,0,40,69,343.55,0,0,0
TX_006866,1520.3,1,56,47,210.21,0,0,0
TX_006867,1967.23,8,72,35,460.42,1,0,0
TX_006868,902.36,12,22,30,992.4,0,0,0
TX_006869,2892.47,4,69,50,362.71,1,0,0
TX_006870,4790.11,8,25,89,653.33,0,0,0
TX_006871,2517.85,12,34,24,635.89,0,0,0
TX_006872,419.16,4,18,30,786.48,0,0,0
TX_006873,3101.91,14,71,84,711.92,0,0,0
TX_006874,1704.41,6,67,54,11.78,0,0,0
TX_006875,4280.35,13,29,67,309.22,0,0,0
TX_006876,2176.22,15,52,32,870.23,0,0,0
TX_006877,968.23,5,69,8,539.55,0,0,0
TX_006878,959.57,1,31,50,104.22,1,1,0
TX_006879,3844.98,15,65,47,276.14,0,0,0
TX_006880,1331.61,18,35,87,283.39,0,0,0
TX_006881,3837.33,4,27,46,873.18,0,0,0
TX_006882,1033.41,3,72,80,553.4,0,0,0
TX_006883,1611.82,13,32,35,608.32,0,0,0
TX_006884,2330.11,5,59,61,367.06,0,0,0
TX_006885,4716.26,7,50,89,60.31,0,0,0
TX_006886,4659.0,23,36,79,75.25,0,0,0
TX_006887,1038.33,2,51,51,420.38,0,0,0
TX_006888,1794.3,3,62,63,177.49,0,0,0
TX_006889,751.25,0,42,8,104.26,0,0,0
TX_006890,2552.38,1,33,34,262.24,1,0,0
TX_006891,2305.61,12,25,25,742.05,0,0,0
TX_006892,4504.3,8,52,44,73.02,0,0,0
TX_006893,4650.38,11,38,83,448.23,0,0,0
TX_006894,1920.92,9,36,43,826.09,0,0,0
TX_006895,2461.23,9,63,50,267.92,1,1,0
TX_006896,4481.7,17,28,13,301.87,0,0,0
TX_006897,4034.51,11,78,46,884.21,0,0,0
TX_006898,23.26,21,61,76,650.0,0,0,0
TX_006899,1603.7,15,28,79,797.71,0,0,0
TX_006900,2111.76,22,77,87,289.2,0,0,0
TX_006901,1152.43,5,28,53,996.78,0,0,0
TX_006902,1001.86,23,39,63,140.9,0,0,0
TX_006903,193.73,23,38,2,961.94,1,0,0
TX_006904,3218.63,20,44,40,902.1,0,0,0
TX_006905,1316.24,23,35,23,551.89,0,0,0
TX_006906,266.47,9,79,59,585.3,1,0,0
TX_006907,1158.74,14,59,69,775.05,0,0,0
TX_006908,4010.56,8,65,34,306.78,0,0,0
TX_006909,4258.19,23,57,74,527.47,0,0,0
TX_006910,2417.92,1,55,27,902.38,1,0,0
TX_006911,2083.27,17,47,55,68.25,0,0,0
TX_006912,4889.38,11,68,4,905.53,1,0,1
TX_006913,1006.82,2,62,68,728.78,0,0,0
TX_006914,1080.72,6,64,72,769.84,0,1,0
TX_006915,1462.88,8,62,70,64.72,0,0,0
TX_006916,867.92,7,50,89,187.76,0,0,0
TX_006917,1899.93,5,38,27,925.26,0,0,0
TX_006918,4554.62,0,77,47,124.05,0,1,0
TX_006919,3078.66,13,76,40,631.18,1,0,0
TX_006920,2062.67,15,19,84,782.69,0,0,0
TX_006921,4672.38,15,30,27,231.28,0,0,0
TX_006922,247.08,3,19,7,698.79,1,0,0
TX_006923,1055.33,5,74,23,65.58,0,0,0
TX_006924,2831.61,14,60,84,498.77,0,0,0
TX_006925,3079.69,21,62,64,334.43,0,0,0
TX_006926,202.59,7,48,98,645.74,0,0,0
TX_006927,2018.18,0,27,29,889.0,0,1,0
TX_006928,3247.52,12,40,61,125.49,1,0,0
TX_006929,3491.86,17,39,44,450.31,0,0,0
TX_006930,3192.51,17,64,69,423.19,0,0,0
TX_006931,1606.21,12,46,27,323.8,0,0,0
TX_006932,472.13,21,50,12,480.17,0,0,0
TX_006933,2138.43,13,48,17,880.73,1,0,0
TX_006934,648.13,10,31,37,973.66,0,0,0
TX_006935,4738.38,6,27,34,2.84,1,0,0
TX_006936,2378.48,17,35,94,739.03,1,0,0
TX_006937,1589.71,20,28,36,615.08,0,0,0
TX_006938,3832.69,21,56,6,994.51,0,1,0
TX_006939,2492.25,3,64,96,89.93,0,0,0
TX_006940,1553.62,16,20,32,811.35,0,0,0
TX_006941,4060.78,18,19,73,933.93,0,0,0
TX_006942,4336.42,13,71,22,912.12,1,1,1
TX_006943,3366.68,9,25,10,560.57,0,0,0
TX_006944,239.59,5,48,29,327.56,0,0,0
TX_006945,2833.78,17,25,11,639.9,0,0,0
TX_006946,3817.66,3,60,92,306.07,0,0,0
TX_006947,686.83,10,65,66,412.27,0,1,0
TX_006948,1147.21,12,19,56,445.72,0,0,0
TX_006949,4413.06,7,39,85,301.95,0,0,0
TX_006950,105.51,9,77,95,341.83,0,1,0
TX_006951,3764.87,22,22,58,7.31,0,0,0
TX_006952,2371.5,10,24,52,297.08,0,0,0
TX_006953,2236.63,2,37,61,472.31,0,0,0
TX_006954,40.45,14,45,17,173.01,0,0,0
TX_006955,4097.89,7,30,91,805.58,0,0,0
TX_006956,1802.33,19,19,30,537.64,0,0,0
TX_006957,2706.12,17,49,72,793.88,0,0,0
TX_006958,3388.12,20,43,37,128.1,0,1,0
TX_006959,3514.63,0,20,5,820.51,0,0,0
TX_006960,4780.12,23,58,26,958.26,0,0,0
TX_006961,2659.04,7,59,70,352.45,0,0,0
TX_006962,2001.6,2,73,80,283.95,0,0,0
TX_006963,4768.75,0,30,1,646.83,1,0,1
TX_006964,3212.34,19,74,9,635.91,0,1,0
TX_006965,1494.26,15,38,85,112.47,1,0,0
TX_006966,636.69,8,62,71,926.76,0,0,0
TX_006967,4213.56,16,54,64,479.06,0,0,0
TX_006968,1814.1,15,40,79,764.42,0,0,0
TX_006969,3304.05,22,24,24,359.32,0,0,0
TX_006970,2356.73,5,34,5,261.54,0,0,0
TX_006971,998.65,22,45,51,111.27,1,0,0
TX_006972,3010.42,6,64,38,274.52,0,0,0
TX_006973,308.11,23,47,29,993.43,0,0,0
TX_006974,2069.65,15,22,46,657.96,0,0,0
TX_006975,2735.34,7,41,52,802.78,0,1,0
TX_006976,2183.05,9,24,46,958.51,1,0,0
TX_006977,3744.62,13,76,75,78.99,0,0,0
TX_006978,4140.49,10,51,68,164.69,0,0,0
TX_006979,3857.36,1,79,59,927.97,1,0,1
TX_006980,198.87,11,73,10,564.55,0,0,0
TX_006981,974.67,19,67,98,634.85,0,0,0
TX_006982,2685.35,19,59,4,427.63,0,0,0
TX_006983,4674.44,12,50,52,814.43,0,1,0
TX_006984,4175.61,14,76,74,517.24,0,0,0
TX_006985,4213.46,11,44,97,826.13,0,0,0
TX_006986,1519.52,12,31,18,992.19,0,0,0
TX_006987,2150.09,7,76,76,646.73,0,0,0
TX_006988,2356.18,15,36,51,528.81,1,0,0
TX_006989,791.07,2,65,23,365.16,0,1,0
TX_006990,160.19,12,68,25,194.7,1,0,0
TX_006991,4734.78,11,55,60,656.66,0,0,0
TX_006992,1207.36,18,29,37,62.64,0,0,0
TX_006993,1203.54,1,20,68,956.29,0,0,0
TX_006994,421.48,0,24,77,647.56,0,0,0
TX_006995,4642.9,7,73,18,959.36,0,1,1
TX_006996,2900.79,8,52,29,272.27,0,0,0
TX_006997,3336.85,7,42,30,946.52,0,0,0
TX_006998,4558.33,20,66,92,612.13,0,0,0
TX_006999,1731.37,16,32,7,810.26,0,0,0
TX_007000,3109.43,8,36,88,178.92,0,0,0
TX_007001,198.8,5,77,41,500.11,0,0,0
TX_007002,937.93,14,36,74,568.96,0,0,0
TX_007003,4157.07,22,40,37,392.85,0,0,0
TX_007004,3835.01,23,28,27,253.23,0,0,0
TX_007005,1756.46,12,76,21,904.77,1,0,0
TX_007006,1887.17,20,38,43,85.06,0,0,0
TX_007007,2670.1,21,69,51,153.99,0,0,0
TX_007008,6.2,11,51,93,320.51,0,0,0
TX_007009,1210.02,12,56,71,919.77,0,0,0
TX_007010,1045.12,6,68,13,564.21,1,0,0
TX_007011,1256.16,22,24,53,373.17,0,0,0
TX_007012,4030.5,17,59,87,402.68,1,0,0
TX_007013,1401.97,13,61,63,837.78,0,0,0
TX_007014,961.65,10,72,57,26.78,0,0,0
TX_007015,2523.8,13,44,25,11.34,0,0,0
TX_007016,4328.9,16,67,13,46.08,0,0,0
TX_007017,1210.54,23,40,37,469.21,0,0,0
TX_007018,397.29,20,55,30,581.25,0,0,0
TX_007019,1785.24,1,75,90,624.47,0,0,0
TX_007020,3739.52,18,37,12,731.14,0,1,0
TX_007021,2755.7,15,44,65,189.72,0,0,0
TX_007022,4084.88,21,70,18,262.28,0,0,0
TX_007023,4798.16,9,77,85,243.51,0,0,0
TX_007024,3964.35,21,25,62,149.17,0,0,0
TX_007025,3021.0,7,54,24,244.4,1,0,0
TX_007026,2469.24,20,20,60,613.65,0,0,0
TX_007027,205.15,4,19,17,366.41,0,1,0
TX_007028,4921.69,6,39,60,767.91,0,0,0
TX_007029,1920.49,12,23,9,536.42,1,0,0
TX_007030,765.38,15,56,52,212.04,0,0,0
TX_007031,3335.21,4,57,92,467.38,0,0,0
TX_007032,1425.02,15,53,15,593.37,0,0,0
TX_007033,2930.96,14,61,77,866.19,0,0,0
TX_007034,2935.91,8,41,28,833.72,0,0,0
TX_007035,2231.42,21,29,81,426.48,0,0,0
TX_007036,4181.41,22,34,9,647.68,1,0,0
TX_007037,1328.51,11,39,56,297.8,0,0,0
TX_007038,2245.92,7,71,85,633.0,0,0,0
TX_007039,2690.77,12,36,94,912.79,0,0,0
TX_007040,3319.81,4,26,75,624.54,0,0,0
TX_007041,3920.94,13,29,94,303.77,1,0,0
TX_007042,1977.06,15,77,36,643.98,0,0,0
TX_007043,3232.0,10,49,56,902.75,0,0,0
TX_007044,757.3,19,70,89,137.05,1,0,0
TX_007045,4663.58,11,48,71,482.45,0,0,0
TX_007046,1918.38,14,34,20,321.05,0,0,0
TX_007047,3648.96,23,40,55,241.47,0,0,0
TX_007048,106.6,11,27,60,396.21,0,0,0
TX_007049,1029.91,8,47,35,393.97,0,0,0
TX_007050,2437.98,0,36,74,210.43,0,1,0
TX_007051,4391.87,2,43,99,403.63,0,0,0
TX_007052,2638.64,11,43,1,633.73,0,0,0
TX_007053,4649.7,19,28,78,25.73,0,0,0
TX_007054,2421.57,12,37,45,989.23,0,0,0
TX_007055,2454.79,22,71,69,295.94,0,0,0
TX_007056,603.14,5,73,40,623.65,0,1,0
TX_007057,4014.27,9,62,38,283.55,0,0,0
TX_007058,1238.59,9,21,98,393.54,1,0,0
TX_007059,4498.56,15,64,24,549.24,1,0,0
TX_007060,4554.57,0,29,4,611.85,0,0,0
TX_007061,4716.83,15,42,91,770.46,0,0,0
TX_007062,2603.55,3,73,69,791.68,0,0,0
TX_007063,3387.08,5,75,13,518.7,0,0,0
TX_007064,3893.69,18,27,21,75.73,0,1,0
TX_007065,659.42,1,39,32,557.78,0,0,0
TX_007066,3006.78,17,24,38,477.58,1,0,0
TX_007067,176.32,9,41,95,215.39,1,0,0
TX_007068,2490.34,3,19,32,10.16,0,1,0
TX_007069,778.44,0,49,79,315.97,0,0,0
TX_007070,918.7,14,38,57,259.49,0,0,0
TX_007071,1828.41,9,78,48,482.91,0,0,0
TX_007072,2165.02,17,24,30,761.6,0,0,0
TX_007073,3117.75,15,25,71,439.04,0,0,0
TX_007074,376.77,12,70,38,951.57,0,0,0
TX_007075,2520.94,14,68,95,221.31,0,0,0
TX_007076,917.21,1,55,44,220.95,0,0,0
TX_007077,2872.01,19,38,26,604.45,1,0,0
TX_007078,3188.84,3,25,90,896.26,0,0,0
TX_007079,2785.76,0,74,2,671.86,0,0,0
TX_007080,3692.79,6,42,43,673.68,0,0,0
TX_007081,1681.37,22,45,43,806.29,0,0,0
TX_007082,3826.71,10,45,63,668.68,0,0,0
TX_007083,2166.67,9,71,73,759.35,0,0,0
TX_007084,2423.5,0,48,58,866.13,0,0,0
TX_007085,3242.27,10,69,48,7.91,0,0,0
TX_007086,96.7,23,53,5,885.62,0,1,0
TX_007087,3271.7,9,42,91,215.26,1,0,0
TX_007088,3094.83,13,69,76,912.11,0,0,0
TX_007089,1552.69,13,73,35,266.18,0,0,0
TX_007090,433.54,6,58,93,455.24,0,0,0
TX_007091,459.22,22,54,16,933.88,0,0,0
TX_007092,4616.5,10,78,83,109.75,0,0,0
TX_007093,3447.95,21,55,49,745.28,0,0,0
TX_007094,639.88,3,68,60,392.45,0,0,0
TX_007095,1786.83,23,29,51,24.1,1,0,0
TX_007096,2964.45,1,54,91,939.13,0,0,0
TX_007097,4178.68,6,54,82,117.83,0,0,0
TX_007098,223.09,18,48,59,774.14,0,0,0
TX_007099,1186.98,13,79,64,384.27,0,0,0
TX_007100,4449.3,18,35,13,810.58,0,0,0
TX_007101,50.78,6,43,94,750.29,0,0,0
TX_007102,1010.99,11,23,26,633.22,0,0,0
TX_007103,4795.33,2,26,70,939.22,0,1,1
TX_007104,3068.94,14,28,3,98.92,0,0,0
TX_007105,1312.05,4,48,87,798.58,0,0,0
TX_007106,339.62,7,72,12,670.79,0,0,0
TX_007107,145.82,13,63,41,314.72,0,0,0
TX_007108,1227.5,3,73,79,545.97,0,0,0
TX_007109,4408.02,6,19,65,644.63,0,1,0
TX_007110,2082.49,6,76,63,736.27,0,0,0
TX_007111,3603.07,17,46,50,187.06,0,0,0
TX_007112,4591.83,13,63,47,102.11,0,1,0
TX_007113,2043.16,7,74,8,102.06,1,0,0
TX_007114,960.43,11,68,31,293.87,0,0,0
TX_007115,2588.0,9,59,11,154.17,0,1,0
TX_007116,4540.88,13,22,17,535.64,0,0,0
TX_007117,4022.85,8,79,27,437.04,0,0,0
TX_007118,333.82,5,40,95,893.07,0,0,0
TX_007119,3464.4,4,53,27,717.4,0,0,0
TX_007120,2861.63,0,24,78,205.81,0,0,0
TX_007121,4537.78,0,73,87,45.73,0,0,0
TX_007122,616.79,19,30,56,709.16,0,0,0
TX_007123,2672.51,16,59,69,845.83,0,0,0
TX_007124,4397.92,10,79,94,700.99,0,0,0
TX_007125,2053.07,11,27,98,643.79,0,0,0
TX_007126,2412.56,2,53,47,249.32,0,1,0
TX_007127,356.95,5,33,19,494.6,0,0,0
TX_007128,1394.33,10,32,57,724.96,0,0,0
TX_007129,1625.91,12,70,31,193.37,0,0,0
TX_007130,4725.89,10,60,16,476.54,0,0,0
TX_007131,1416.92,7,36,45,117.03,0,0,0
TX_007132,2307.04,9,38,27,530.72,0,0,0
TX_007133,3358.17,1,73,61,573.54,0,0,0
TX_007134,815.11,23,52,26,535.39,0,0,0
TX_007135,2434.78,13,32,29,469.46,1,1,0
TX_007136,3694.0,15,65,44,587.45,0,0,0
TX_007137,4334.94,16,31,29,996.8,0,0,0
TX_007138,3133.17,10,46,95,622.54,0,0,0
TX_007139,3346.92,1,22,2,752.57,0,0,0
TX_007140,635.79,23,75,6,192.12,1,0,0
TX_007141,4729.15,22,66,9,530.02,1,0,0
TX_007142,667.21,4,35,15,7.51,0,0,0
TX_007143,3874.49,15,68,84,31.46,1,0,0
TX_007144,1327.76,15,18,58,322.48,0,0,0
TX_007145,4668.3,1,78,2,466.6,0,0,0
TX_007146,3601.2,15,44,3,575.64,1,0,0
TX_007147,3770.3,4,77,52,888.0,0,0,0
TX_007148,1099.2,7,44,55,771.76,0,0,0
TX_007149,2217.98,19,42,53,299.98,0,0,0
TX_007150,3090.98,13,58,94,743.48,0,0,0
TX_007151,3851.02,9,38,72,549.39,0,1,0
TX_007152,524.28,22,31,40,779.18,0,0,0
TX_007153,4812.01,1,69,85,411.05,1,0,1
TX_007154,4451.65,2,70,39,91.89,0,0,0
TX_007155,1355.39,17,37,43,618.49,0,0,0
TX_007156,4114.69,20,45,13,557.04,1,0,0
TX_007157,2594.03,1,38,37,953.6,0,0,0
TX_007158,2311.72,20,40,55,162.13,0,0,0
TX_007159,1575.6,8,28,32,656.13,0,0,0
TX_007160,2906.94,1,73,14,474.07,0,0,0
TX_007161,3650.8,6,19,65,378.92,0,0,0
TX_007162,2057.61,6,37,27,794.57,0,1,0
TX_007163,3147.95,13,41,24,810.65,0,1,0
TX_007164,3498.07,4,72,22,714.6,0,0,0
TX_007165,3557.05,7,42,78,83.6,0,0,0
TX_007166,264.57,22,54,45,345.11,0,1,0
TX_007167,4299.44,21,39,8,46.75,0,0,0
TX_007168,2293.98,17,76,91,343.68,0,0,0
TX_007169,1315.77,5,41,67,647.92,0,0,0
TX_007170,1212.61,13,32,64,518.71,0,0,0
TX_007171,2417.66,17,29,97,702.94,0,0,0
TX_007172,4434.72,16,63,47,551.46,0,0,0
TX_007173,1894.85,8,48,21,555.81,0,0,0
TX_007174,3749.88,12,60,32,510.97,0,0,0
TX_007175,488.61,15,48,45,364.33,0,0,0
TX_007176,2382.9,20,70,44,446.56,0,0,0
TX_007177,4958.47,9,47,41,112.44,0,0,0
TX_007178,3853.34,9,58,96,834.51,1,0,0
TX_007179,1056.59,3,37,52,889.21,1,0,0
TX_007180,2509.7,11,25,88,766.27,0,0,0
TX_007181,1171.96,7,61,11,583.59,0,1,0
TX_007182,2050.76,14,47,85,569.18,0,0,0
TX_007183,3901.52,20,52,18,470.32,0,0,0
TX_007184,3857.27,22,38,11,231.35,0,0,0
TX_007185,1144.36,18,64,27,383.8,1,0,0
TX_007186,4611.51,14,57,43,989.91,1,0,1
TX_007187,2964.88,7,75,65,145.8,0,0,0
TX_007188,1902.72,7,45,54,542.68,0,0,0
TX_007189,2512.17,18,56,29,866.53,0,0,0
TX_007190,3027.33,8,34,21,453.0,0,0,0
TX_007191,2801.65,23,29,29,605.61,0,0,0
TX_007192,2434.59,16,69,9,827.79,0,1,0
TX_007193,2527.14,7,67,61,547.56,0,0,0
TX_007194,886.18,11,35,62,731.47,0,0,0
TX_007195,4064.6,14,78,71,347.27,0,1,0
TX_007196,2711.09,3,64,95,733.02,0,0,0
TX_007197,659.74,5,72,91,41.02,0,0,0
TX_007198,3831.95,15,45,96,152.9,0,0,0
TX_007199,4662.56,4,77,5,637.3,0,0,0
TX_007200,4736.8,22,20,97,448.95,1,1,1
TX_007201,1848.24,12,68,15,828.35,0,0,0
TX_007202,681.91,14,32,57,341.97,0,0,0
TX_007203,2594.41,16,33,5,767.21,0,0,0
TX_007204,567.48,21,39,20,139.11,0,0,0
TX_007205,4670.27,19,71,81,930.15,0,0,0
TX_007206,921.98,21,66,4,418.44,0,0,0
TX_007207,1267.57,4,48,56,230.9,1,0,0
TX_007208,2036.15,18,48,85,789.15,0,0,0
TX_007209,1918.91,6,18,34,947.89,0,0,0
TX_007210,3974.34,2,28,40,918.08,0,0,0
TX_007211,2284.3,12,23,69,237.94,0,0,0
TX_007212,857.99,13,40,68,672.01,1,0,0
TX_007213,1339.71,15,26,22,546.86,0,0,0
TX_007214,2548.02,12,69,14,725.1,0,0,0
TX_007215,741.53,1,33,68,486.93,0,0,0
TX_007216,3060.22,13,79,8,469.76,0,0,0
TX_007217,2830.91,19,75,67,882.71,0,0,0
TX_007218,3574.94,6,55,46,871.26,0,0,0
TX_007219,4688.83,4,61,29,787.6,0,0,0
TX_007220,4561.71,13,36,90,704.89,0,0,0
TX_007221,4730.65,8,62,94,678.37,0,0,0
TX_007222,1227.35,9,30,12,56.18,0,0,0
TX_007223,662.17,6,76,79,749.54,0,0,0
TX_007224,1514.87,13,49,52,638.1,0,0,0
TX_007225,4475.95,13,53,58,302.41,0,0,0
TX_007226,4860.41,1,26,2,820.1,0,0,0
TX_007227,4297.33,16,63,1,832.45,0,0,0
TX_007228,554.54,19,63,55,932.19,0,0,0
TX_007229,4737.4,3,66,92,418.36,1,0,1
TX_007230,2119.67,12,54,99,551.25,0,0,0
TX_007231,51.5,17,48,34,905.95,1,0,0
TX_007232,2214.76,2,48,64,316.8,0,0,0
TX_007233,235.12,18,76,68,796.64,0,0,0
TX_007234,2721.67,4,72,82,991.97,0,0,0
TX_007235,1696.08,0,36,12,651.94,0,0,0
TX_007236,2369.81,8,19,50,983.7,0,0,0
TX_007237,3067.79,23,62,21,515.81,0,0,0
TX_007238,4344.66,7,49,10,153.05,1,1,0
TX_007239,3311.2,2,60,85,175.6,0,0,0
TX_007240,2173.07,1,51,89,731.37,0,0,0
TX_007241,4098.04,0,18,81,0.91,1,0,0
TX_007242,4528.38,11,38,70,661.89,0,0,0
TX_007243,603.2,21,78,14,151.27,1,0,0
TX_007244,2662.01,12,20,40,984.37,0,0,0
TX_007245,1426.14,9,44,82,163.13,0,0,0
TX_007246,240.07,16,61,30,552.46,0,0,0
TX_007247,3344.39,10,24,73,669.45,0,0,0
TX_007248,4314.54,4,50,14,819.5,0,0,0
TX_007249,818.7,8,26,52,459.26,0,0,0
TX_007250,4063.01,12,47,17,933.8,0,0,0
TX_007251,4267.71,19,35,62,480.25,0,0,0
TX_007252,4572.13,22,73,98,252.06,0,0,0
TX_007253,1330.1,10,43,22,593.04,0,0,0
TX_007254,4520.25,22,37,53,658.01,0,0,0
TX_007255,1606.71,3,55,32,507.39,1,0,0
TX_007256,2763.93,20,58,76,733.18,0,0,0
TX_007257,257.28,10,72,55,420.68,0,0,0
TX_007258,224.19,8,48,80,4.34,0,0,0
TX_007259,3603.26,6,25,22,264.54,0,0,0
TX_007260,2225.18,15,40,38,945.91,0,0,0
TX_007261,1285.18,22,67,50,763.22,0,0,0
TX_007262,956.12,22,42,66,189.53,0,0,0
TX_007263,3351.42,4,64,45,66.65,0,0,0
TX_007264,7.01,5,18,8,350.8,0,0,0
TX_007265,4030.43,18,63,65,836.3,0,0,0
TX_007266,400.85,0,35,40,105.98,0,0,0
TX_007267,961.49,15,36,5,543.35,0,0,0
TX_007268,1934.25,17,68,45,275.0,0,0,0
TX_007269,2426.87,23,79,46,726.26,0,0,0
TX_007270,1778.2,12,59,36,0.41,0,0,0
TX_007271,1606.96,0,69,17,277.17,0,0,0
TX_007272,4819.76,9,70,41,679.25,0,0,0
TX_007273,3209.69,6,23,30,546.75,0,0,0
TX_007274,122.05,4,34,52,778.87,0,0,0
TX_007275,2153.73,12,63,79,157.68,0,0,0
TX_007276,4375.67,21,62,20,530.98,0,0,0
TX_007277,1510.77,15,25,36,195.77,0,0,0
TX_007278,477.31,23,71,66,639.22,0,0,0
TX_007279,3793.13,19,59,45,131.34,0,0,0
TX_007280,3032.04,21,26,4,148.69,0,0,0
TX_007281,2853.71,13,54,50,328.21,0,0,0
TX_007282,272.61,10,72,88,401.91,0,0,0
TX_007283,706.79,18,44,55,498.56,0,0,0
TX_007284,3114.63,22,53,59,580.71,1,0,0
TX_007285,1043.08,1,23,42,468.81,0,0,0
TX_007286,2522.83,7,23,2,45.64,0,1,0
TX_007287,2726.68,12,62,46,343.46,0,0,0
TX_007288,1421.12,6,21,2,61.38,0,0,0
TX_007289,4742.38,11,39,50,118.08,0,0,0
TX_007290,4213.11,7,57,1,92.82,0,0,0
TX_007291,3613.26,15,44,13,158.1,0,0,0
TX_007292,394.58,17,54,70,812.92,0,1,0
TX_007293,535.12,18,19,22,627.57,0,0,0
TX_007294,2466.44,3,26,17,506.78,0,0,0
TX_007295,807.76,11,28,59,732.26,0,0,0
TX_007296,4891.44,15,37,86,961.22,0,0,0
TX_007297,796.81,20,69,70,417.68,0,0,0
TX_007298,2439.9,21,60,3,367.41,0,0,0
TX_007299,1823.78,16,56,70,977.77,0,0,0
TX_007300,3198.74,3,75,81,771.33,0,0,0
TX_007301,649.54,19,31,99,777.11,0,0,0
TX_007302,2154.43,23,43,49,599.94,0,0,0
TX_007303,1377.15,23,55,50,507.01,0,0,0
TX_007304,4439.32,21,47,35,550.59,0,0,0
TX_007305,207.73,23,53,23,652.09,0,0,0
TX_007306,4569.07,8,55,72,376.84,1,0,0
TX_007307,4165.81,4,52,7,782.29,0,0,0
TX_007308,1491.37,16,72,50,909.22,0,0,0
TX_007309,3947.51,16,23,10,571.28,0,0,0
TX_007310,160.91,1,20,90,381.48,0,0,0
TX_007311,4834.49,1,18,55,695.59,0,0,0
TX_007312,2635.34,20,77,74,182.16,0,1,0
TX_007313,1519.89,22,75,19,968.57,0,1,0
TX_007314,1816.1,6,70,23,657.99,0,0,0
TX_007315,336.69,3,75,95,67.57,0,0,0
TX_007316,4946.8,12,35,64,529.75,0,0,0
TX_007317,201.26,19,40,33,750.34,0,0,0
TX_007318,3276.26,10,49,66,277.85,1,0,0
TX_007319,2216.47,2,46,92,50.99,0,0,0
TX_007320,4744.84,1,40,96,489.16,0,0,0
TX_007321,1233.77,15,53,97,833.62,0,0,0
TX_007322,2662.77,2,23,9,251.53,0,0,0
TX_007323,2414.37,23,34,29,717.01,0,0,0
TX_007324,3515.82,14,35,79,407.79,0,1,0
TX_007325,344.71,16,48,18,59.63,1,0,0
TX_007326,972.98,15,23,82,303.96,0,0,0
TX_007327,1076.75,19,51,71,313.9,0,0,0
TX_007328,3692.06,6,61,78,904.66,0,0,0
TX_007329,949.75,15,61,29,981.75,0,0,0
TX_007330,2869.59,4,44,83,209.77,0,1,0
TX_007331,1080.14,1,53,61,430.51,1,0,0
TX_007332,4308.82,0,65,5,976.7,0,0,0
TX_007333,4711.22,21,69,69,407.27,0,0,0
TX_007334,2594.87,12,59,56,349.17,0,0,0
TX_007335,1764.78,15,42,52,109.88,1,0,0
TX_007336,1174.12,4,27,15,753.28,1,0,0
TX_007337,253.66,2,56,90,447.01,0,0,0
TX_007338,1346.16,14,63,88,638.66,0,0,0
TX_007339,3272.91,15,56,83,509.86,0,0,0
TX_007340,2670.42,10,29,20,174.54,1,0,0
TX_007341,4720.49,18,28,73,176.37,0,0,0
TX_007342,1984.4,17,66,92,939.76,0,0,0
TX_007343,3470.85,20,60,16,889.52,0,0,0
TX_007344,2449.17,8,70,75,610.63,0,0,0
TX_007345,2565.32,7,20,98,1.24,0,0,0
TX_007346,1342.53,21,68,25,433.3,0,0,0
TX_007347,2277.48,18,39,57,530.43,0,0,0
TX_007348,2356.57,21,21,21,449.44,1,0,0
TX_007349,3534.68,4,25,5,925.45,0,0,0
TX_007350,4703.5,16,31,75,40.87,1,0,0
TX_007351,1649.96,4,37,9,654.93,0,0,0
TX_007352,215.79,13,41,11,313.84,0,0,0
TX_007353,2483.99,6,31,65,559.48,0,0,0
TX_007354,2724.58,8,45,63,655.92,1,0,0
TX_007355,846.36,16,33,26,440.82,0,0,0
TX_007356,3803.52,2,49,74,148.37,0,0,0
TX_007357,4924.72,7,64,19,519.04,0,0,0
TX_007358,4729.14,21,29,16,932.96,0,0,0
TX_007359,989.54,12,33,56,535.88,0,0,0
TX_007360,4377.44,15,69,68,122.94,0,1,0
TX_007361,3523.95,20,36,78,824.16,0,0,0
TX_007362,2271.96,9,22,30,221.74,0,0,0
TX_007363,2705.35,17,29,7,370.22,0,0,0
TX_007364,4248.75,2,46,12,428.76,0,0,0
TX_007365,2403.27,11,22,24,339.7,0,0,0
TX_007366,1869.17,15,59,22,404.45,0,1,0
TX_007367,2468.77,17,75,47,795.48,0,0,0
TX_007368,2897.75,16,34,30,223.36,0,0,0
TX_007369,949.44,6,64,60,470.42,0,0,0
TX_007370,4505.03,18,25,39,20.01,0,0,0
TX_007371,3372.56,22,57,20,507.67,0,0,0
TX_007372,3168.18,22,57,26,111.69,0,0,0
TX_007373,501.98,7,47,49,282.24,0,1,0
TX_007374,3022.85,16,27,69,324.87,0,0,0
TX_007375,609.2,20,37,42,82.35,0,0,0
TX_007376,398.09,6,62,6,360.57,0,0,0
TX_007377,2638.92,0,79,53,498.06,0,0,0
TX_007378,2016.91,7,33,34,431.1,0,0,0
TX_007379,2946.11,18,58,69,280.43,1,0,0
TX_007380,450.66,19,33,10,294.85,0,0,0
TX_007381,2157.76,19,59,28,633.58,0,0,0
TX_007382,878.06,9,20,3,718.4,0,1,0
TX_007383,4935.56,11,40,77,576.53,0,0,0
TX_007384,2807.95,23,39,48,976.19,1,0,0
TX_007385,3438.75,0,74,66,944.87,0,0,0
TX_007386,1630.46,23,45,35,98.47,0,1,0
TX_007387,478.22,20,63,52,261.37,0,0,0
TX_007388,4879.47,3,62,62,868.39,0,0,0
TX_007389,1434.86,3,53,52,29.66,0,0,0
TX_007390,2121.92,8,21,47,592.2,0,0,0
TX_007391,3251.07,14,55,54,954.5,0,0,0
TX_007392,128.36,23,41,28,678.72,1,0,0
TX_007393,4052.24,14,36,23,91.93,0,0,0
TX_007394,2685.21,6,28,87,747.82,0,0,0
TX_007395,1394.69,11,57,35,376.48,0,0,0
TX_007396,312.73,2,63,32,921.53,1,0,0
TX_007397,816.68,19,57,2,286.32,1,0,0
TX_007398,4475.69,8,79,16,473.23,0,1,0
TX_007399,3431.69,13,63,16,746.61,1,0,0
TX_007400,1253.26,12,72,51,257.54,0,0,0
TX_007401,332.68,23,56,67,181.78,1,0,0
TX_007402,3454.62,11,70,92,2.71,1,0,0
TX_007403,2864.18,0,35,93,487.96,0,0,0
TX_007404,2025.58,18,29,54,928.62,0,0,0
TX_007405,1821.24,15,31,20,281.49,0,0,0
TX_007406,1087.99,11,64,33,43.38,0,0,0
TX_007407,3349.71,9,35,86,620.43,0,0,0
TX_007408,4853.49,1,78,8,56.17,0,0,0
TX_007409,882.7,17,61,24,506.91,0,1,0
TX_007410,2987.6,12,59,53,381.53,0,0,0
TX_007411,2123.8,23,29,64,475.42,1,0,0
TX_007412,2236.21,5,57,58,162.64,0,0,0
TX_007413,1274.47,11,44,37,90.2,0,0,0
TX_007414,4126.55,21,23,84,748.99,1,0,0
TX_007415,2428.85,3,41,12,245.67,0,0,0
TX_007416,2719.31,0,68,84,800.42,0,0,0
TX_007417,1527.28,10,50,84,758.45,1,0,0
TX_007418,913.13,22,62,4,198.38,0,0,0
TX_007419,434.12,7,71,94,908.29,0,0,0
TX_007420,3572.03,1,33,31,161.28,0,0,0
TX_007421,985.19,1,67,86,797.15,1,0,0
TX_007422,3451.93,15,29,79,420.53,0,0,0
TX_007423,1954.93,0,48,38,183.02,0,0,0
TX_007424,2081.8,3,74,37,938.11,0,0,0
TX_007425,2348.54,5,54,92,963.26,0,0,0
TX_007426,1841.7,20,70,75,511.37,0,0,0
TX_007427,507.6,19,30,14,469.17,0,0,0
TX_007428,1551.61,13,75,75,900.84,1,1,0
TX_007429,3320.35,19,25,73,596.14,0,1,0
TX_007430,3330.59,14,55,24,266.04,0,0,0
TX_007431,1434.69,6,20,10,425.2,1,0,0
TX_007432,2303.21,6,74,38,835.99,0,1,0
TX_007433,971.27,17,75,43,859.56,0,0,0
TX_007434,1055.81,22,37,37,939.25,0,0,0
TX_007435,120.12,1,75,42,288.26,0,0,0
TX_007436,4484.25,19,21,32,679.95,0,0,0
TX_007437,1057.48,14,61,84,68.39,0,0,0
TX_007438,1141.53,0,62,14,725.9,0,0,0
TX_007439,1401.61,20,19,4,563.2,0,1,0
TX_007440,641.4,16,68,24,249.77,1,0,0
TX_007441,3198.12,19,53,96,654.63,0,0,0
TX_007442,380.34,12,40,10,135.18,0,0,0
TX_007443,675.34,11,62,16,333.81,0,0,0
TX_007444,3225.56,23,36,39,400.91,0,0,0
TX_007445,1701.6,21,57,96,777.14,0,0,0
TX_007446,3541.2,14,25,18,308.78,0,0,0
TX_007447,2789.34,23,33,25,49.03,1,0,0
TX_007448,1283.83,4,75,7,180.74,0,0,0
TX_007449,3255.89,6,60,56,608.09,0,0,0
TX_007450,585.79,7,35,47,15.25,0,0,0
TX_007451,2684.37,22,53,82,792.23,0,0,0
TX_007452,2188.55,13,41,82,901.12,0,0,0
TX_007453,1343.03,3,18,3,495.4,0,0,0
TX_007454,3022.0,20,18,1,707.63,1,0,0
TX_007455,4357.31,13,79,33,462.68,0,0,0
TX_007456,4994.53,9,63,71,308.76,1,0,0
TX_007457,3040.78,21,53,74,164.87,0,0,0
TX_007458,2026.51,15,28,59,518.16,0,0,0
TX_007459,1129.91,10,35,72,929.89,0,0,0
TX_007460,1289.19,21,33,32,889.97,0,1,0
TX_007461,2399.88,13,34,87,919.63,0,0,0
TX_007462,1839.55,13,41,17,966.41,1,0,0
TX_007463,4569.5,1,51,78,165.36,0,1,0
TX_007464,1844.64,21,21,17,146.53,0,1,0
TX_007465,1870.36,12,52,89,427.76,0,0,0
TX_007466,1920.75,2,32,21,689.31,0,0,0
TX_007467,4183.92,17,19,55,439.69,0,0,0
TX_007468,3255.69,21,73,6,892.35,0,1,0
TX_007469,3072.77,3,68,84,717.4,0,1,0
TX_007470,1674.04,20,48,49,633.97,0,0,0
TX_007471,4090.43,20,26,84,71.04,1,1,0
TX_007472,196.63,18,27,26,175.34,0,0,0
TX_007473,4354.63,15,70,32,428.15,1,0,0
TX_007474,2566.19,3,42,72,976.37,0,0,0
TX_007475,1994.26,18,68,44,334.41,0,0,0
TX_007476,2488.35,22,77,59,629.98,0,0,0
TX_007477,3338.74,14,22,29,988.91,0,1,0
TX_007478,68.76,0,31,17,264.03,0,0,0
TX_007479,4358.4,15,59,18,166.67,0,0,0
TX_007480,2236.46,14,65,40,546.33,0,0,0
TX_007481,1718.12,15,55,63,551.89,0,0,0
TX_007482,695.54,21,74,82,921.89,0,0,0
TX_007483,2200.13,19,57,75,26.43,0,0,0
TX_007484,2484.13,0,19,45,407.38,0,0,0
TX_007485,2021.22,16,35,76,312.35,0,0,0
TX_007486,3394.91,4,46,79,571.05,0,0,0
TX_007487,2107.38,4,70,90,9.33,0,0,0
TX_007488,4807.28,6,70,3,711.06,0,0,0
TX_007489,2998.39,12,70,3,484.99,0,0,0
TX_007490,4038.35,11,37,38,700.69,0,0,0
TX_007491,551.23,3,25,99,447.81,0,0,0
TX_007492,1989.47,3,76,73,474.19,0,0,0
TX_007493,1687.55,22,54,40,895.55,0,0,0
TX_007494,2849.56,20,66,68,210.9,1,0,0
TX_007495,4306.26,20,65,54,217.49,0,1,0
TX_007496,396.3,5,43,20,559.48,0,0,0
TX_007497,367.51,23,79,15,660.22,0,0,0
TX_007498,4252.34,14,54,93,354.69,1,0,0
TX_007499,1068.19,20,66,5,519.51,0,0,0
TX_007500,3345.42,18,21,39,227.86,0,0,0
TX_007501,2716.68,5,50,40,135.91,0,0,0
TX_007502,4165.3,11,39,7,238.26,0,0,0
TX_007503,629.82,13,23,72,916.37,0,0,0
TX_007504,653.27,17,50,96,801.82,0,0,0
TX_007505,2786.31,11,45,33,140.25,0,0,0
TX_007506,4732.16,23,41,37,46.56,0,0,0
TX_007507,2077.91,23,79,32,93.18,0,0,0
TX_007508,1638.08,14,21,43,293.43,0,0,0
TX_007509,3035.41,18,19,63,811.36,0,0,0
TX_007510,4652.59,7,30,36,321.37,0,0,0
TX_007511,4185.45,8,63,98,185.66,1,0,0
TX_007512,4977.44,4,66,49,395.84,0,0,0
TX_007513,117.73,4,28,25,124.05,0,0,0
TX_007514,568.73,5,52,96,470.22,1,0,0
TX_007515,3049.29,22,56,66,675.55,1,0,0
TX_007516,4103.78,2,27,9,368.85,0,0,0
TX_007517,1429.8,4,60,93,173.61,0,0,0
TX_007518,1199.86,0,27,18,453.2,0,0,0
TX_007519,3935.94,10,25,22,762.49,1,0,0
TX_007520,286.63,20,22,99,76.59,0,0,0
TX_007521,1850.07,19,40,15,70.94,0,0,0
TX_007522,2531.52,0,51,7,318.11,0,0,0
TX_007523,2803.94,6,77,13,415.05,0,0,0
TX_007524,3644.43,14,77,36,216.47,0,0,0
TX_007525,1777.45,16,64,16,26.91,0,0,0
TX_007526,3065.36,7,49,41,219.56,0,0,0
TX_007527,2928.95,1,33,21,435.37,0,0,0
TX_007528,2740.34,12,21,28,79.43,0,1,0
TX_007529,3204.21,11,71,74,715.89,1,0,0
TX_007530,1300.95,4,77,83,552.1,0,0,0
TX_007531,427.82,12,45,17,434.44,0,0,0
TX_007532,600.76,5,65,65,518.71,0,0,0
TX_007533,1126.79,14,61,13,655.81,0,0,0
TX_007534,2503.49,22,77,36,994.8,0,1,0
TX_007535,4203.01,21,31,58,775.12,1,1,1
TX_007536,3507.96,20,29,20,540.36,0,0,0
TX_007537,3946.26,21,77,52,770.53,0,0,0
TX_007538,1758.12,10,38,6,475.22,0,1,0
TX_007539,2026.25,3,65,23,310.91,0,0,0
TX_007540,1971.44,0,33,42,261.96,0,0,0
TX_007541,963.41,14,71,24,399.48,1,0,0
TX_007542,310.78,11,61,5,2.28,0,0,0
TX_007543,2956.63,8,19,32,176.96,0,0,0
TX_007544,4946.14,10,40,46,126.53,0,1,0
TX_007545,838.31,4,73,17,960.34,0,0,0
TX_007546,238.19,23,46,75,64.85,0,0,0
TX_007547,3898.76,6,63,27,500.97,0,0,0
TX_007548,1266.67,7,60,68,919.72,0,0,0
TX_007549,4149.07,0,26,23,607.52,0,0,0
TX_007550,3521.16,0,71,87,495.27,0,0,0
TX_007551,4728.64,2,24,34,742.99,1,0,1
TX_007552,2047.59,7,46,21,353.38,0,0,0
TX_007553,3311.54,10,61,22,193.71,0,0,0
TX_007554,2326.95,0,78,65,847.28,0,1,0
TX_007555,3154.79,13,34,32,56.58,1,0,0
TX_007556,2250.75,0,26,62,807.79,0,0,0
TX_007557,947.22,5,23,28,103.37,1,0,0
TX_007558,2541.95,20,61,82,625.57,0,0,0
TX_007559,2645.28,5,37,7,477.05,0,0,0
TX_007560,4053.97,2,27,54,998.54,1,0,1
TX_007561,3678.93,9,26,70,387.92,0,0,0
TX_007562,3320.64,11,29,14,957.29,0,0,0
TX_007563,571.37,9,50,94,403.78,0,0,0
TX_007564,3604.48,21,49,55,681.7,0,0,0
TX_007565,2504.02,1,51,58,643.66,0,0,0
TX_007566,4471.03,23,36,44,86.45,0,0,0
TX_007567,4599.76,21,50,46,743.37,0,0,0
TX_007568,280.51,12,65,14,208.67,0,0,0
TX_007569,4104.1,15,33,44,388.44,0,0,0
TX_007570,193.3,12,67,41,782.2,0,0,0
TX_007571,1839.01,3,67,73,944.31,0,1,0
TX_007572,2713.79,3,40,95,559.8,1,0,0
TX_007573,744.76,10,43,2,519.38,0,0,0
TX_007574,3732.84,22,62,82,504.92,0,0,0
TX_007575,46.73,13,71,5,816.56,0,0,0
TX_007576,847.15,2,61,90,993.12,0,0,0
TX_007577,2906.08,18,58,87,633.59,0,0,0
TX_007578,3573.37,21,79,12,378.62,0,0,0
TX_007579,4583.63,0,54,78,218.66,0,1,0
TX_007580,3528.96,4,26,77,198.82,1,0,0
TX_007581,3360.54,16,47,99,856.15,0,0,0
TX_007582,1974.73,0,30,47,992.35,1,0,0
TX_007583,11.42,18,65,79,697.99,0,0,0
TX_007584,605.2,18,77,35,955.83,0,0,0
TX_007585,2675.1,3,59,19,350.0,0,0,0
TX_007586,3377.27,18,79,79,627.6,0,0,0
TX_007587,2090.15,5,33,63,511.68,0,0,0
TX_007588,3654.74,14,63,8,482.02,0,0,0
TX_007589,2611.7,3,74,23,632.37,1,0,0
TX_007590,375.51,23,19,13,310.34,0,1,0
TX_007591,964.12,0,48,23,640.62,0,0,0
TX_007592,4200.79,23,77,31,672.86,0,0,0
TX_007593,3625.94,16,74,30,836.11,0,0,0
TX_007594,4474.34,10,68,42,730.48,0,0,0
TX_007595,592.2,16,60,2,319.77,0,0,0
TX_007596,4951.16,22,36,11,450.8,1,0,0
TX_007597,1050.99,0,77,25,120.38,0,0,0
TX_007598,63.84,8,28,29,257.29,0,0,0
TX_007599,4987.13,13,31,22,520.95,0,0,0
TX_007600,1408.96,14,64,19,100.76,0,1,0
TX_007601,3341.76,23,42,73,570.61,0,0,0
TX_007602,887.53,0,24,41,390.28,1,0,0
TX_007603,2903.24,1,32,38,34.77,0,0,0
TX_007604,4520.65,17,47,29,434.45,0,0,0
TX_007605,1604.3,17,76,74,281.14,0,0,0
TX_007606,3352.92,5,48,22,66.98,0,0,0
TX_007607,943.58,19,41,88,293.37,1,0,0
TX_007608,3125.85,7,72,8,294.1,1,0,0
TX_007609,1685.57,0,42,47,355.07,0,1,0
TX_007610,1059.99,14,25,6,366.47,0,0,0
TX_007611,1569.34,9,47,7,429.77,0,0,0
TX_007612,898.31,3,53,84,91.96,0,0,0
TX_007613,4510.07,9,67,81,5.28,0,0,0
TX_007614,1988.95,10,31,36,736.01,0,0,0
TX_007615,1230.17,4,46,8,337.35,0,0,0
TX_007616,2244.8,8,44,77,613.61,0,0,0
TX_007617,1606.08,4,70,88,307.03,1,0,0
TX_007618,3723.37,10,67,46,984.19,0,0,0
TX_007619,4856.24,2,53,64,315.42,0,0,0
TX_007620,2192.98,3,79,31,605.04,0,0,0
TX_007621,4305.86,9,77,23,219.97,0,0,0
TX_007622,2831.49,6,51,61,517.8,0,1,0
TX_007623,790.39,0,38,81,579.33,0,0,0
TX_007624,3454.66,5,55,50,182.82,1,0,0
TX_007625,2569.61,7,28,46,123.66,0,0,0
TX_007626,3254.78,16,50,88,973.6,0,0,0
TX_007627,4448.99,23,32,43,893.27,1,1,1
TX_007628,2204.97,6,29,10,660.07,0,0,0
TX_007629,4506.38,0,41,95,861.05,0,1,1
TX_007630,3754.59,8,67,20,95.56,0,0,0
TX_007631,2445.58,10,79,16,729.38,0,0,0
TX_007632,3018.09,18,54,78,285.6,0,0,0
TX_007633,1631.28,1,28,3,539.49,0,0,0
TX_007634,4918.07,22,73,30,764.81,0,0,0
TX_007635,3338.42,10,70,18,33.48,0,0,0
TX_007636,224.02,2,36,59,694.84,0,0,0
TX_007637,1636.48,16,71,70,434.87,0,0,0
TX_007638,3118.46,9,18,84,439.67,1,0,0
TX_007639,286.38,2,34,35,907.28,0,0,0
TX_007640,124.3,21,57,19,859.74,0,0,0
TX_007641,2252.87,2,72,26,57.53,0,0,0
TX_007642,1666.79,20,33,35,618.32,0,0,0
TX_007643,2194.3,6,43,76,435.85,0,0,0
TX_007644,1317.15,1,75,72,117.81,0,0,0
TX_007645,827.77,0,60,57,851.05,0,0,0
TX_007646,3447.27,6,76,49,71.51,0,0,0
TX_007647,2575.28,19,68,10,32.1,0,0,0
TX_007648,1004.77,10,73,85,197.52,0,0,0
TX_007649,1601.35,22,60,29,303.38,0,1,0
TX_007650,2961.08,5,32,95,60.88,0,0,0
TX_007651,365.79,22,25,71,641.31,0,1,0
TX_007652,741.53,3,47,98,437.15,1,0,0
TX_007653,370.86,18,31,98,412.19,0,1,0
TX_007654,4062.53,20,50,94,145.34,0,0,0
TX_007655,3763.28,18,59,68,437.79,0,0,0
TX_007656,3767.8,13,24,94,390.17,0,1,0
TX_007657,3583.05,2,35,89,383.64,0,0,0
TX_007658,3348.58,3,29,78,218.57,0,1,0
TX_007659,2387.57,7,19,24,94.44,0,0,0
TX_007660,3213.18,17,67,43,260.71,0,0,0
TX_007661,196.62,3,46,95,667.27,1,0,0
TX_007662,3109.21,10,38,39,72.92,0,0,0
TX_007663,3890.5,15,24,92,382.32,0,0,0
TX_007664,2504.29,2,69,25,514.38,0,0,0
TX_007665,1790.78,6,44,83,963.15,0,0,0
TX_007666,1390.75,1,29,68,843.83,0,0,0
TX_007667,3215.8,0,37,34,916.61,0,0,0
TX_007668,3465.54,0,74,96,820.0,0,0,0
TX_007669,4355.48,5,31,89,589.11,0,0,0
TX_007670,1714.96,18,27,86,860.79,0,0,0
TX_007671,3850.01,6,58,53,565.25,0,0,0
TX_007672,2808.97,23,40,92,357.75,1,0,0
TX_007673,4414.77,4,47,55,372.34,0,0,0
TX_007674,2641.42,20,64,53,565.46,0,0,0
TX_007675,2590.56,17,75,18,809.44,0,0,0
TX_007676,2891.5,23,48,7,133.65,1,0,0
TX_007677,3747.83,12,69,63,39.27,0,0,0
TX_007678,4823.63,0,73,75,789.57,0,1,1
TX_007679,372.45,9,27,42,647.59,0,0,0
TX_007680,271.91,8,36,11,821.31,0,0,0
TX_007681,4688.06,16,36,9,976.68,0,0,0
TX_007682,2651.73,0,61,35,251.39,0,0,0
TX_007683,3076.44,0,40,87,194.29,0,0,0
TX_007684,2414.71,6,78,97,340.98,0,1,0
TX_007685,472.82,3,76,65,877.96,0,0,0
TX_007686,3841.61,22,61,84,13.96,0,0,0
TX_007687,3737.39,20,58,5,10.53,0,1,0
TX_007688,1561.96,11,78,93,216.79,0,0,0
TX_007689,1534.67,15,76,26,375.92,0,0,0
TX_007690,4190.02,13,49,51,302.35,0,1,0
TX_007691,366.42,22,37,38,824.92,0,0,0
TX_007692,4406.12,9,21,3,689.72,0,0,0
TX_007693,1287.03,13,50,85,837.83,0,0,0
TX_007694,2966.96,6,65,59,383.76,0,0,0
TX_007695,4680.29,3,18,13,595.81,0,0,0
TX_007696,3392.22,1,30,95,515.46,0,0,0
TX_007697,2075.08,23,79,81,474.73,1,0,0
TX_007698,3449.22,17,20,35,288.1,0,0,0
TX_007699,1723.18,15,29,87,709.22,1,0,0
TX_007700,1389.91,8,46,3,524.03,1,0,0
TX_007701,4983.43,4,72,53,78.6,0,0,0
TX_007702,3755.2,8,78,55,0.52,0,0,0
TX_007703,3225.38,7,48,45,20.32,0,0,0
TX_007704,1779.67,23,58,66,75.95,0,0,0
TX_007705,250.56,19,53,67,370.95,1,0,0
TX_007706,160.13,15,19,84,305.67,0,0,0
TX_007707,2773.14,19,39,44,156.64,0,0,0
TX_007708,3811.35,17,39,73,515.45,0,0,0
TX_007709,2689.21,3,58,68,970.18,1,0,0
TX_007710,4204.72,15,48,62,160.7,0,0,0
TX_007711,171.97,3,69,25,250.59,0,1,0
TX_007712,1836.93,5,73,52,462.1,0,0,0
TX_007713,1189.17,2,62,50,640.84,1,0,0
TX_007714,2239.13,17,31,1,600.25,1,0,0
TX_007715,366.52,14,46,39,521.2,0,0,0
TX_007716,4770.89,7,52,52,737.27,0,0,0
TX_007717,1120.16,17,67,76,845.95,0,0,0
TX_007718,4611.93,23,26,40,998.97,0,1,1
TX_007719,2132.34,22,64,60,465.51,1,0,0
TX_007720,4927.69,2,71,88,994.96,0,0,1
TX_007721,2772.52,5,49,73,730.5,0,0,0
TX_007722,4654.51,21,76,84,657.34,0,0,0
TX_007723,31.72,20,73,69,639.68,0,0,0
TX_007724,3742.45,23,44,20,910.74,0,0,0
TX_007725,4515.74,14,27,85,947.93,0,0,0
TX_007726,702.9,11,42,2,178.49,0,1,0
TX_007727,485.15,4,66,85,493.42,0,0,0
TX_007728,2125.74,6,62,88,941.45,0,0,0
TX_007729,4668.73,21,50,9,382.11,1,0,0
TX_007730,2714.22,14,28,39,232.68,0,0,0
TX_007731,2639.65,6,54,30,102.65,0,1,0
TX_007732,709.92,12,26,54,597.22,0,0,0
TX_007733,8.94,2,24,82,700.27,0,0,0
TX_007734,4051.65,22,24,58,195.55,0,0,0
TX_007735,442.43,12,51,44,673.64,0,1,0
TX_007736,3171.08,2,36,43,899.62,0,0,0
TX_007737,4573.51,1,37,10,243.58,0,0,0
TX_007738,1047.22,22,67,48,122.0,1,0,0
TX_007739,3328.04,3,59,85,835.42,0,0,0
TX_007740,398.1,16,42,86,916.45,0,0,0
TX_007741,3020.76,5,22,17,214.86,0,0,0
TX_007742,823.84,10,65,5,721.38,0,0,0
TX_007743,3681.09,5,46,70,590.92,1,0,0
TX_007744,1509.65,21,72,74,239.2,0,0,0
TX_007745,2319.64,1,44,64,823.66,0,0,0
TX_007746,2999.16,16,42,66,470.44,0,0,0
TX_007747,860.51,2,54,71,700.33,0,0,0
TX_007748,3709.48,11,32,4,301.42,0,0,0
TX_007749,1516.69,13,71,83,815.78,0,0,0
TX_007750,3313.55,1,65,28,264.29,0,0,0
TX_007751,795.62,21,21,84,364.79,1,0,0
TX_007752,3442.15,21,31,94,391.47,0,0,0
TX_007753,645.3,4,73,38,206.43,0,0,0
TX_007754,2129.66,9,66,66,874.37,0,0,0
TX_007755,1239.79,9,34,67,113.49,0,0,0
TX_007756,3743.13,20,38,60,563.13,0,0,0
TX_007757,1313.86,8,33,47,814.15,0,0,0
TX_007758,4409.18,20,43,25,580.9,0,0,0
TX_007759,4459.64,12,26,66,326.9,0,0,0
TX_007760,986.22,9,19,79,781.36,0,0,0
TX_007761,3071.16,5,60,67,499.18,0,0,0
TX_007762,443.15,10,32,69,163.01,0,0,0
TX_007763,1960.73,3,52,40,316.86,1,0,0
TX_007764,3568.04,13,41,50,591.94,1,0,0
TX_007765,3298.82,16,65,40,658.78,0,0,0
TX_007766,3125.38,19,70,37,548.13,0,0,0
TX_007767,1416.29,1,68,91,272.01,1,0,0
TX_007768,1893.23,9,71,69,593.75,1,0,0
TX_007769,519.22,2,55,17,332.45,0,0,0
TX_007770,3596.52,6,31,62,224.92,0,0,0
TX_007771,2521.92,6,54,41,945.53,0,0,0
TX_007772,3545.28,0,54,76,314.87,0,0,0
TX_007773,1248.47,7,23,42,335.62,0,1,0
TX_007774,1625.57,22,35,31,896.78,0,0,0
TX_007775,1674.41,0,39,33,142.69,0,0,0
TX_007776,133.58,7,35,43,584.59,0,0,0
TX_007777,1708.53,13,68,93,783.71,0,0,0
TX_007778,4017.51,13,19,67,273.67,0,1,0
TX_007779,4487.01,1,49,38,844.08,1,0,1
TX_007780,2593.5,7,34,41,769.65,0,0,0
TX_007781,2280.23,18,77,63,486.09,0,0,0
TX_007782,158.97,9,18,40,118.72,0,0,0
TX_007783,4396.63,6,26,30,970.11,0,0,0
TX_007784,69.99,12,30,47,624.23,1,0,0
TX_007785,4724.03,21,53,22,517.1,0,0,0
TX_007786,2448.64,20,54,96,885.45,0,1,0
TX_007787,1712.96,14,75,55,421.36,0,0,0
TX_007788,4621.47,10,47,43,563.64,0,0,0
TX_007789,126.83,13,48,61,858.41,0,0,0
TX_007790,2909.22,10,40,74,392.97,0,0,0
TX_007791,2746.92,1,67,32,772.39,0,0,0
TX_007792,1100.51,1,45,4,256.14,0,0,0
TX_007793,2147.29,11,76,93,702.37,1,0,0
TX_007794,3263.06,14,27,45,510.43,0,0,0
TX_007795,3637.02,16,42,72,164.91,0,0,0
TX_007796,8.58,13,77,20,136.01,0,1,0
TX_007797,4684.58,15,53,71,457.69,0,0,0
TX_007798,826.8,7,43,65,710.85,1,0,0
TX_007799,1171.73,23,43,60,603.3,0,0,0
TX_007800,1321.05,16,62,89,854.73,0,0,0
TX_007801,193.91,4,30,26,389.66,0,0,0
TX_007802,619.65,11,34,73,843.64,0,0,0
TX_007803,4931.82,5,57,23,37.03,0,1,0
TX_007804,1579.51,17,21,40,365.8,0,0,0
TX_007805,580.93,4,40,2,72.98,1,0,0
TX_007806,539.42,5,52,26,919.24,0,0,0
TX_007807,3598.7,8,28,78,475.31,1,0,0
TX_007808,4273.57,14,29,62,316.16,0,0,0
TX_007809,1288.48,9,26,44,492.49,1,0,0
TX_007810,109.44,16,32,31,532.85,1,0,0
TX_007811,1119.33,18,62,26,846.23,1,0,0
TX_007812,287.3,11,54,83,542.43,0,0,0
TX_007813,521.46,8,22,5,431.38,0,0,0
TX_007814,2160.38,14,36,70,961.35,0,0,0
TX_007815,1153.44,13,28,35,968.56,0,0,0
TX_007816,2582.15,0,26,16,38.42,1,0,0
TX_007817,1271.2,16,52,31,706.85,0,0,0
TX_007818,4702.98,0,67,82,371.76,1,0,1
TX_007819,4530.19,22,44,14,675.2,0,0,0
TX_007820,2836.2,20,30,25,636.92,0,0,0
TX_007821,1775.35,21,74,79,330.1,0,0,0
TX_007822,1908.83,12,77,90,986.66,0,0,0
TX_007823,2062.2,7,29,75,357.11,0,1,0
TX_007824,3639.26,12,26,71,631.98,0,0,0
TX_007825,2260.94,15,59,18,813.39,0,0,0
TX_007826,4284.37,1,45,50,145.46,0,0,0
TX_007827,4720.75,12,30,20,300.57,0,0,0
TX_007828,1683.05,17,37,56,198.97,1,0,0
TX_007829,2805.67,2,69,2,781.82,0,0,0
TX_007830,479.81,12,30,26,801.21,0,0,0
TX_007831,1006.34,18,44,23,255.94,1,0,0
TX_007832,2070.26,12,43,32,4.13,0,0,0
TX_007833,1034.98,18,46,13,423.35,0,0,0
TX_007834,4383.42,3,46,13,687.14,1,0,1
TX_007835,795.64,18,39,17,622.5,0,0,0
TX_007836,2281.03,17,26,89,445.7,0,0,0
TX_007837,3030.47,5,41,58,301.94,0,0,0
TX_007838,3460.86,18,59,86,474.39,0,0,0
TX_007839,1918.43,3,36,27,15.1,0,0,0
TX_007840,4346.15,3,55,17,73.87,0,0,0
TX_007841,2843.75,23,48,90,162.68,0,0,0
TX_007842,2200.34,6,78,38,625.41,0,0,0
TX_007843,340.87,6,56,14,218.8,0,0,0
TX_007844,2326.12,22,32,14,423.38,0,0,0
TX_007845,4104.58,15,71,12,621.41,0,0,0
TX_007846,3074.63,15,49,69,830.58,0,0,0
TX_007847,4161.65,4,68,68,549.66,0,0,0
TX_007848,2472.59,14,63,55,177.13,0,0,0
TX_007849,596.72,22,79,63,951.74,0,0,0
TX_007850,73.13,3,65,29,90.02,0,0,0
TX_007851,1519.58,23,63,89,367.12,1,0,0
TX_007852,3491.46,12,78,45,921.32,0,1,0
TX_007853,3952.35,18,46,4,602.33,0,0,0
TX_007854,1482.29,6,74,16,662.65,0,0,0
TX_007855,2480.79,11,69,66,301.69,0,0,0
TX_007856,2108.49,8,51,23,78.54,0,0,0
TX_007857,2055.56,16,26,68,365.76,0,0,0
TX_007858,1160.59,1,52,20,402.16,0,0,0
TX_007859,686.17,15,23,17,270.27,0,0,0
TX_007860,987.46,6,54,52,215.49,0,0,0
TX_007861,281.39,17,31,6,355.51,1,1,0
TX_007862,994.66,6,78,82,639.42,0,0,0
TX_007863,50.96,0,64,84,949.03,1,0,0
TX_007864,3138.16,2,67,39,703.78,0,0,0
TX_007865,1585.3,20,66,34,779.6,0,0,0
TX_007866,4865.86,10,26,54,306.07,0,0,0
TX_007867,972.62,21,36,88,104.69,0,0,0
TX_007868,1732.41,14,40,82,291.51,0,0,0
TX_007869,1792.42,2,74,94,402.65,0,0,0
TX_007870,47.22,23,58,65,689.88,0,0,0
TX_007871,4196.84,12,45,87,939.36,0,1,0
TX_007872,164.81,3,33,29,809.29,0,0,0
TX_007873,4701.2,22,43,41,266.4,0,0,0
TX_007874,4460.91,21,55,63,820.3,0,0,0
TX_007875,2679.93,7,57,32,411.75,0,0,0
TX_007876,2720.26,21,42,66,175.44,0,0,0
TX_007877,3270.62,3,52,45,461.25,0,1,0
TX_007878,1938.31,17,71,17,563.22,0,0,0
TX_007879,3237.88,6,22,43,763.41,0,0,0
TX_007880,228.62,10,24,66,349.9,0,0,0
TX_007881,274.97,3,40,68,146.78,1,0,0
TX_007882,2288.87,12,42,34,94.35,0,0,0
TX_007883,2750.36,8,18,1,112.45,1,0,0
TX_007884,4439.65,8,39,23,950.02,0,0,0
TX_007885,527.78,22,70,6,951.75,0,0,0
TX_007886,4114.13,20,21,16,968.76,0,0,0
TX_007887,1054.19,18,75,2,302.49,0,0,0
TX_007888,1973.45,2,45,76,191.61,0,0,0
TX_007889,1586.43,11,65,27,980.91,1,1,0
TX_007890,2003.78,10,76,19,988.26,0,0,0
TX_007891,756.73,19,31,28,78.35,0,0,0
TX_007892,2520.33,10,50,35,752.53,0,0,0
TX_007893,4009.2,16,21,68,288.66,0,0,0
TX_007894,2210.46,20,59,49,909.3,0,0,0
TX_007895,2455.61,13,28,7,89.23,0,0,0
TX_007896,4244.59,15,56,37,888.58,0,0,0
TX_007897,3531.76,23,49,25,2.62,0,0,0
TX_007898,2454.82,9,21,41,521.98,0,0,0
TX_007899,1292.19,3,18,81,335.56,0,0,0
TX_007900,4425.21,9,43,62,427.33,0,0,0
TX_007901,2887.22,19,50,41,433.78,0,0,0
TX_007902,1109.63,11,34,14,653.6,0,0,0
TX_007903,1349.25,8,44,54,23.1,0,0,0
TX_007904,4016.65,14,59,2,691.36,0,0,0
TX_007905,225.51,8,22,88,22.2,0,0,0
TX_007906,4960.5,6,24,79,185.27,0,0,0
TX_007907,656.11,23,42,48,606.74,0,0,0
TX_007908,3981.36,11,25,51,86.44,0,0,0
TX_007909,1976.9,19,51,97,990.9,0,0,0
TX_007910,2463.62,23,58,55,784.38,1,0,0
TX_007911,4403.85,13,21,12,705.67,1,0,0
TX_007912,2067.49,21,29,83,267.68,0,0,0
TX_007913,2689.78,15,75,69,48.56,0,1,0
TX_007914,251.25,18,48,1,978.78,0,1,0
TX_007915,16.73,22,28,59,147.85,0,0,0
TX_007916,1227.78,2,54,73,830.57,0,0,0
TX_007917,3404.51,10,61,34,197.52,0,0,0
TX_007918,610.72,22,76,93,374.1,0,0,0
TX_007919,573.24,20,70,46,693.59,1,0,0
TX_007920,2057.75,19,53,59,945.36,1,0,0
TX_007921,3240.95,18,62,66,19.78,0,1,0
TX_007922,3561.8,7,39,19,260.77,0,1,0
TX_007923,896.36,19,18,28,764.97,0,0,0
TX_007924,402.54,7,67,99,173.39,1,0,0
TX_007925,4702.28,2,21,40,111.46,0,0,0
TX_007926,1307.03,9,53,57,46.18,0,0,0
TX_007927,4267.47,12,25,51,502.49,0,0,0
TX_007928,4318.14,8,42,22,767.73,0,0,0
TX_007929,3863.75,5,45,68,961.73,0,0,0
TX_007930,848.32,14,69,8,267.49,1,0,0
TX_007931,4109.9,15,55,60,121.37,0,0,0
TX_007932,3847.41,4,53,65,402.55,0,0,0
TX_007933,2985.63,20,53,36,55.44,0,0,0
TX_007934,1689.32,12,77,71,331.36,0,0,0
TX_007935,1316.23,18,60,89,643.08,1,0,0
TX_007936,613.84,1,77,29,168.17,0,1,0
TX_007937,2551.24,5,58,65,631.88,1,0,0
TX_007938,2928.38,0,63,56,971.95,0,0,0
TX_007939,1799.9,14,21,82,864.2,1,0,0
TX_007940,2379.42,14,30,4,356.83,0,1,0
TX_007941,1820.75,13,55,84,421.5,0,1,0
TX_007942,3206.83,6,79,72,419.32,0,0,0
TX_007943,4506.79,4,62,91,859.9,0,1,1
TX_007944,823.78,19,42,50,993.83,0,0,0
TX_007945,1910.14,15,20,39,825.9,0,0,0
TX_007946,708.64,16,72,35,558.12,0,0,0
TX_007947,3126.59,10,49,25,97.37,1,0,0
TX_007948,3645.71,14,56,78,954.48,0,0,0
TX_007949,4659.9,19,18,44,860.05,1,0,1
TX_007950,1397.97,15,28,47,841.41,0,1,0
TX_007951,4751.3,2,19,40,391.82,0,0,0
TX_007952,321.0,5,22,31,447.17,0,0,0
TX_007953,3017.05,20,73,69,119.66,0,0,0
TX_007954,290.38,22,39,81,937.87,0,0,0
TX_007955,4469.4,12,79,74,943.23,1,1,1
TX_007956,2651.4,0,63,43,254.44,0,0,0
TX_007957,3348.4,20,78,55,696.01,0,0,0
TX_007958,4158.71,13,30,16,203.49,0,0,0
TX_007959,755.8,1,65,68,392.95,0,0,0
TX_007960,197.76,1,40,69,302.38,0,1,0
TX_007961,4395.01,14,64,42,389.59,0,0,0
TX_007962,1578.09,17,48,41,308.97,0,0,0
TX_007963,649.25,8,52,50,345.29,0,0,0
TX_007964,2344.96,2,55,84,791.06,0,0,0
TX_007965,2993.54,3,58,6,300.03,1,0,0
TX_007966,159.7,14,52,75,814.7,0,0,0
TX_007967,1378.1,4,79,53,567.92,0,0,0
TX_007968,168.84,19,62,17,780.44,0,0,0
TX_007969,2104.58,19,78,57,918.89,0,0,0
TX_007970,4476.02,4,30,67,138.42,0,0,0
TX_007971,4913.35,9,71,16,343.89,0,0,0
TX_007972,3187.05,15,24,52,55.56,0,0,0
TX_007973,812.38,11,22,90,406.91,0,0,0
TX_007974,4529.72,13,75,88,237.4,1,1,1
TX_007975,2583.66,21,46,34,571.68,0,0,0
TX_007976,772.98,10,25,84,783.39,0,0,0
TX_007977,4609.02,18,25,81,486.37,0,0,0
TX_007978,3788.56,5,71,20,333.62,0,0,0
TX_007979,3659.87,9,24,80,152.56,0,0,0
TX_007980,3547.36,19,36,56,26.83,0,0,0
TX_007981,1005.7,2,78,51,677.88,0,0,0
TX_007982,1058.98,21,56,53,30.55,0,0,0
TX_007983,3443.02,14,40,49,920.84,0,0,0
TX_007984,1102.52,10,53,4,594.23,0,0,0
TX_007985,2196.17,21,59,18,353.3,0,0,0
TX_007986,3911.1,1,49,36,41.91,0,0,0
TX_007987,3920.84,23,79,35,413.49,0,0,0
TX_007988,2269.04,5,62,30,867.3,0,0,0
TX_007989,3961.99,16,21,63,969.82,0,0,0
TX_007990,4193.92,17,47,82,84.93,0,0,0
TX_007991,3275.6,3,68,21,777.14,0,0,0
TX_007992,1145.99,22,59,52,258.36,0,0,0
TX_007993,1373.69,8,56,96,379.44,0,0,0
TX_007994,1577.63,9,22,69,547.67,1,0,0
TX_007995,588.44,20,20,41,994.73,0,0,0
TX_007996,1369.43,1,39,54,208.81,0,1,0
TX_007997,1051.55,10,45,87,130.5,0,0,0
TX_007998,2279.37,10,39,30,594.98,1,1,0
TX_007999,4542.65,10,39,91,853.05,0,1,0
TX_008000,526.88,0,51,56,648.22,0,0,0
TX_008001,3602.74,13,46,79,347.58,0,0,0
TX_008002,3437.98,0,60,41,976.98,0,0,0
TX_008003,483.29,20,59,14,995.03,1,0,0
TX_008004,4613.25,22,77,21,770.65,0,0,0
TX_008005,2844.52,8,72,98,802.42,0,0,0
TX_008006,1821.81,23,30,90,760.84,0,0,0
TX_008007,3783.91,0,24,25,257.66,0,1,0
TX_008008,1290.54,20,27,50,150.26,0,0,0
TX_008009,3469.08,21,45,95,554.35,0,0,0
TX_008010,203.36,21,21,53,954.15,0,0,0
TX_008011,4197.84,3,76,48,878.29,1,0,1
TX_008012,2243.61,0,49,70,106.86,0,0,0
TX_008013,3185.28,18,39,48,56.99,1,0,0
TX_008014,1110.08,9,37,4,873.77,0,0,0
TX_008015,3386.98,14,65,24,613.02,0,0,0
TX_008016,3862.34,19,37,31,304.32,0,0,0
TX_008017,2368.7,3,23,83,561.77,1,0,0
TX_008018,3090.55,19,26,75,221.67,0,0,0
TX_008019,2284.35,13,45,29,946.95,0,0,0
TX_008020,4470.99,4,30,5,827.2,0,0,0
TX_008021,2491.86,14,48,82,962.24,1,0,0
TX_008022,4209.83,14,56,67,187.06,0,1,0
TX_008023,4007.75,15,67,75,843.67,0,0,0
TX_008024,2055.47,15,31,85,560.29,0,0,0
TX_008025,1154.27,3,39,94,324.99,0,0,0
TX_008026,2033.38,8,79,83,479.66,0,0,0
TX_008027,4131.96,0,54,53,944.38,0,0,0
TX_008028,1142.02,4,71,89,691.45,0,0,0
TX_008029,2624.56,8,62,64,359.92,0,0,0
TX_008030,4031.45,19,41,35,999.9,0,0,0
TX_008031,1770.62,4,25,12,345.74,1,1,0
TX_008032,3212.84,3,32,47,813.72,0,0,0
TX_008033,1231.93,15,68,90,784.38,0,0,0
TX_008034,550.85,1,58,55,722.93,0,0,0
TX_008035,3972.95,15,23,69,669.44,0,0,0
TX_008036,499.35,17,40,83,108.67,0,0,0
TX_008037,1360.55,1,42,91,994.96,0,0,0
TX_008038,4276.27,15,48,38,161.04,0,0,0
TX_008039,1735.61,0,63,29,596.13,0,0,0
TX_008040,4865.36,15,46,12,249.15,0,0,0
TX_008041,4898.77,2,40,19,168.78,0,0,0
TX_008042,1345.04,14,27,9,559.47,0,0,0
TX_008043,209.69,10,26,82,836.34,0,0,0
TX_008044,3526.79,9,66,29,376.95,0,0,0
TX_008045,2257.68,16,30,3,77.17,0,0,0
TX_008046,508.26,3,49,87,623.76,0,0,0
TX_008047,3539.08,16,66,30,766.43,0,1,0
TX_008048,160.72,3,68,58,296.08,1,0,0
TX_008049,4351.63,18,62,88,690.59,0,0,0
TX_008050,697.57,0,58,53,75.79,0,0,0
TX_008051,640.92,13,18,4,361.43,0,0,0
TX_008052,882.48,23,18,57,474.13,0,0,0
TX_008053,4801.53,10,54,54,781.96,0,0,0
TX_008054,3467.38,6,57,28,338.14,0,0,0
TX_008055,4007.85,16,35,16,453.7,0,0,0
TX_008056,1991.19,3,53,13,628.35,0,0,0
TX_008057,1684.88,9,48,72,624.08,0,0,0
TX_008058,1176.25,16,71,56,517.76,0,0,0
TX_008059,2405.84,3,18,53,328.47,0,0,0
TX_008060,2761.38,18,64,48,669.92,0,1,0
TX_008061,3160.72,17,69,25,837.15,0,0,0
TX_008062,1289.31,16,53,66,153.81,0,0,0
TX_008063,4743.53,5,74,30,340.46,0,1,0
TX_008064,852.94,6,26,3,668.75,0,0,0
TX_008065,4828.44,5,39,23,755.78,0,0,0
TX_008066,79.21,11,73,29,781.46,0,0,0
TX_008067,2408.22,8,45,41,653.27,0,0,0
TX_008068,1670.17,17,43,94,478.27,0,0,0
TX_008069,2248.37,1,69,11,645.8,1,0,0
TX_008070,2855.47,16,27,21,135.04,1,0,0
TX_008071,2180.77,20,73,91,207.76,1,0,0
TX_008072,2077.16,0,64,24,927.53,0,0,0
TX_008073,3664.95,22,20,95,922.17,0,0,0
TX_008074,3430.95,8,19,94,723.88,0,0,0
TX_008075,4167.19,5,71,65,327.05,0,0,0
TX_008076,1253.55,1,54,1,648.84,0,0,0
TX_008077,3049.59,5,73,54,687.79,0,0,0
TX_008078,2928.05,8,48,72,515.11,0,0,0
TX_008079,1851.84,2,50,34,748.53,0,0,0
TX_008080,2432.86,15,49,80,29.69,0,0,0
TX_008081,1572.34,23,60,91,256.22,0,0,0
TX_008082,713.51,14,29,68,794.45,0,0,0
TX_008083,1072.94,11,75,83,938.7,0,0,0
TX_008084,532.04,22,20,29,876.09,0,1,0
TX_008085,3416.93,7,72,3,716.49,0,0,0
TX_008086,3305.33,5,78,11,165.5,1,0,0
TX_008087,4753.28,2,65,8,368.72,0,0,0
TX_008088,3649.74,22,43,62,50.21,0,0,0
TX_008089,264.97,3,31,33,639.86,0,0,0
TX_008090,4421.8,9,29,8,449.86,1,0,0
TX_008091,4314.06,13,69,25,573.01,0,1,0
TX_008092,2219.39,20,43,88,979.35,0,0,0
TX_008093,2931.39,23,33,26,402.25,0,0,0
TX_008094,4880.51,14,70,26,306.71,0,0,0
TX_008095,2663.86,6,25,17,150.6,1,0,0
TX_008096,4527.08,6,66,91,143.61,0,1,0
TX_008097,419.78,7,66,29,518.57,0,0,0
TX_008098,959.3,9,45,43,749.23,0,0,0
TX_008099,2206.57,18,24,73,564.46,0,0,0
TX_008100,2925.86,18,32,78,873.29,0,0,0
TX_008101,4082.06,1,78,5,315.87,0,0,0
TX_008102,4941.37,14,77,50,595.05,0,0,0
TX_008103,1947.31,0,58,94,661.24,1,0,0
TX_008104,241.84,9,53,56,280.69,0,0,0
TX_008105,4006.85,5,25,63,396.3,0,0,0
TX_008106,3023.88,21,27,57,590.94,0,0,0
TX_008107,996.72,12,32,92,20.93,0,0,0
TX_008108,2476.67,9,72,45,886.61,0,0,0
TX_008109,3712.84,11,79,37,111.06,0,0,0
TX_008110,3853.21,23,35,72,47.56,0,0,0
TX_008111,2500.59,5,63,79,215.04,0,0,0
TX_008112,1529.55,5,54,92,502.32,0,0,0
TX_008113,4868.84,0,58,36,328.7,0,0,0
TX_008114,3318.5,11,62,33,440.15,0,0,0
TX_008115,2044.15,22,78,6,84.27,0,0,0
TX_008116,1405.91,22,74,76,233.1,0,0,0
TX_008117,3656.86,9,68,71,97.66,0,0,0
TX_008118,1214.71,13,60,45,229.71,0,0,0
TX_008119,862.69,14,61,92,703.31,0,0,0
TX_008120,2651.52,22,52,7,575.29,0,0,0
TX_008121,1453.49,23,19,65,333.97,0,0,0
TX_008122,3146.38,3,72,24,261.23,0,0,0
TX_008123,594.1,0,39,45,997.53,0,0,0
TX_008124,3276.43,7,32,61,767.87,0,0,0
TX_008125,1420.07,2,54,19,822.04,0,0,0
TX_008126,6.21,13,56,32,26.36,0,0,0
TX_008127,639.05,16,53,30,59.59,0,0,0
TX_008128,4668.41,1,22,65,712.61,0,0,0
TX_008129,4337.44,14,74,32,191.83,0,0,0
TX_008130,1171.88,5,65,57,425.66,0,0,0
TX_008131,3892.97,4,32,20,184.17,1,0,0
TX_008132,3044.82,13,44,85,177.07,0,0,0
TX_008133,4854.67,18,33,83,109.08,0,0,0
TX_008134,1871.16,8,74,94,594.26,0,0,0
TX_008135,3408.9,7,53,92,739.3,0,1,0
TX_008136,322.36,2,55,96,56.84,0,0,0
TX_008137,1984.26,17,35,30,275.55,0,0,0
TX_008138,4819.27,7,52,87,658.37,0,0,0
TX_008139,2697.21,15,42,91,392.32,0,0,0
TX_008140,1442.96,14,39,59,704.67,0,0,0
TX_008141,605.75,20,73,90,759.23,0,0,0
TX_008142,3519.12,14,48,62,32.29,1,0,0
TX_008143,3226.06,15,76,67,380.86,0,0,0
TX_008144,1872.82,0,54,31,729.14,0,0,0
TX_008145,4754.95,9,51,66,378.42,0,0,0
TX_008146,115.9,18,40,54,5.83,0,1,0
TX_008147,1522.1,4,33,10,336.3,0,0,0
TX_008148,4605.74,17,23,38,872.65,0,1,1
TX_008149,1608.07,2,76,83,951.94,0,0,0
TX_008150,1265.0,3,32,31,560.52,0,0,0
TX_008151,2673.43,3,35,29,306.36,0,0,0
TX_008152,4119.89,10,55,25,466.06,0,0,0
TX_008153,520.22,8,30,32,236.2,0,0,0
TX_008154,4715.39,0,41,17,168.13,0,0,0
TX_008155,3976.39,15,30,45,493.54,0,0,0
TX_008156,910.35,8,18,49,736.68,0,1,0
TX_008157,3561.48,10,65,87,222.46,1,0,0
TX_008158,1927.87,5,53,18,909.54,0,0,0
TX_008159,2014.46,16,66,75,168.23,0,1,0
TX_008160,3917.53,11,35,52,558.41,0,0,0
TX_008161,4814.11,21,65,20,776.38,0,0,0
TX_008162,637.65,7,50,62,213.39,0,0,0
TX_008163,2106.05,15,55,13,296.44,0,0,0
TX_008164,2407.3,4,60,88,51.48,0,0,0
TX_008165,1884.68,20,23,43,943.95,0,0,0
TX_008166,1819.13,0,34,84,486.97,0,0,0
TX_008167,266.08,16,21,92,64.31,0,0,0
TX_008168,3429.27,23,31,99,830.13,0,0,0
TX_008169,2183.89,20,47,21,569.34,1,1,0
TX_008170,978.0,7,63,6,55.28,1,0,0
TX_008171,4081.09,9,37,71,450.9,0,0,0
TX_008172,4013.79,17,25,93,434.4,0,0,0
TX_008173,2434.53,14,71,53,146.08,0,0,0
TX_008174,1495.76,19,19,87,420.37,0,0,0
TX_008175,3192.27,12,54,52,282.81,0,0,0
TX_008176,1444.32,9,21,69,699.94,0,0,0
TX_008177,1183.86,8,27,86,5.49,0,0,0
TX_008178,3653.92,12,37,9,106.38,0,0,0
TX_008179,206.42,2,77,96,918.65,0,0,0
TX_008180,478.37,21,73,74,433.33,0,0,0
TX_008181,38.91,22,70,46,176.18,0,1,0
TX_008182,768.95,2,52,92,793.23,0,0,0
TX_008183,349.61,0,65,75,851.59,0,0,0
TX_008184,4979.03,1,27,71,211.21,1,0,1
TX_008185,1447.61,10,45,30,713.6,0,0,0
TX_008186,750.59,13,32,43,615.14,0,0,0
TX_008187,1208.78,9,53,59,745.06,0,0,0
TX_008188,4680.95,6,18,38,787.9,0,0,0
TX_008189,2603.2,22,39,34,660.94,0,0,0
TX_008190,1827.27,0,44,46,956.22,1,0,0
TX_008191,4367.59,6,46,92,864.23,0,0,0
TX_008192,1977.98,14,32,32,228.97,0,0,0
TX_008193,1678.37,10,27,16,913.57,0,1,0
TX_008194,1040.38,5,37,39,359.6,0,0,0
TX_008195,1892.1,21,39,1,726.54,1,0,0
TX_008196,1586.84,6,67,98,848.01,0,0,0
TX_008197,3388.13,6,65,57,436.37,1,0,0
TX_008198,1451.47,0,70,87,51.51,0,0,0
TX_008199,2888.11,9,76,20,949.66,0,0,0
TX_008200,334.13,20,26,82,72.48,0,0,0
TX_008201,960.49,14,73,82,348.11,0,0,0
TX_008202,2039.99,7,68,42,596.45,0,0,0
TX_008203,4685.06,23,49,85,117.54,0,0,0
TX_008204,1889.37,18,34,72,838.21,0,0,0
TX_008205,3322.05,2,59,34,203.42,0,0,0
TX_008206,1279.16,22,36,50,986.0,0,0,0
TX_008207,639.53,14,57,11,916.43,0,0,0
TX_008208,297.39,3,44,43,604.56,0,1,0
TX_008209,1530.54,5,68,10,660.01,0,0,0
TX_008210,792.52,9,54,8,533.61,1,0,0
TX_008211,874.18,17,51,72,391.1,0,0,0
TX_008212,3804.99,15,64,19,351.71,0,0,0
TX_008213,84.11,17,66,65,891.65,0,0,0
TX_008214,2791.26,5,76,55,576.62,0,0,0
TX_008215,1900.41,18,27,52,823.29,0,0,0
TX_008216,2535.22,16,47,3,514.07,0,0,0
TX_008217,2816.34,17,38,53,307.02,0,0,0
TX_008218,1570.27,12,38,44,91.76,0,0,0
TX_008219,1479.07,6,71,96,323.7,0,0,0
TX_008220,3668.34,19,51,48,880.12,0,1,0
TX_008221,4357.03,11,26,54,711.96,0,0,0
TX_008222,966.95,1,51,16,785.83,1,0,0
TX_008223,492.61,11,67,30,773.43,0,0,0
TX_008224,4489.49,11,29,92,119.97,1,0,0
TX_008225,1752.73,23,64,28,158.86,1,0,0
TX_008226,2758.83,3,38,16,317.24,0,0,0
TX_008227,1800.92,3,74,51,301.03,0,0,0
TX_008228,633.38,17,37,33,66.08,1,1,0
TX_008229,2948.71,15,23,25,153.47,0,0,0
TX_008230,2628.08,13,67,18,856.23,0,1,0
TX_008231,1018.95,16,79,26,589.04,0,0,0
TX_008232,2262.09,16,62,6,342.28,0,0,0
TX_008233,3985.75,2,53,38,526.48,0,0,0
TX_008234,2954.18,5,29,44,261.31,0,0,0
TX_008235,489.1,22,58,67,583.84,0,0,0
TX_008236,2742.37,12,48,43,74.63,0,0,0
TX_008237,3515.18,8,19,6,902.65,0,0,0
TX_008238,3964.55,20,33,78,240.45,0,0,0
TX_008239,3147.44,8,18,64,819.08,0,0,0
TX_008240,767.53,7,21,82,660.0,1,1,0
TX_008241,3552.32,16,64,80,523.01,0,0,0
TX_008242,3388.32,15,69,88,929.8,0,0,0
TX_008243,127.01,15,18,13,156.81,0,0,0
TX_008244,2061.68,18,69,65,119.28,1,0,0
TX_008245,1668.09,23,64,38,321.86,0,0,0
TX_008246,3348.71,15,52,64,830.22,0,0,0
TX_008247,1084.6,13,30,14,35.2,0,0,0
TX_008248,2956.41,19,67,17,239.41,0,0,0
TX_008249,4566.46,13,62,77,424.7,0,0,0
TX_008250,3990.02,13,59,13,712.94,0,0,0
TX_008251,4607.68,13,48,73,299.31,0,0,0
TX_008252,4892.64,11,37,6,448.11,0,0,0
TX_008253,58.3,5,73,6,336.85,0,0,0
TX_008254,3115.59,19,24,94,92.06,0,0,0
TX_008255,2067.13,12,74,37,738.68,0,0,0
TX_008256,4299.97,15,57,57,461.38,0,0,0
TX_008257,1262.81,8,50,53,812.51,0,0,0
TX_008258,4905.24,1,45,46,694.69,0,0,0
TX_008259,3070.47,21,67,78,57.82,0,0,0
TX_008260,3968.72,2,61,4,500.08,0,0,0
TX_008261,432.57,9,67,34,990.86,0,0,0
TX_008262,921.37,19,77,66,307.87,0,0,0
TX_008263,3793.23,1,73,63,492.96,0,0,0
TX_008264,114.82,23,61,61,652.03,1,0,0
TX_008265,4085.31,9,37,81,202.27,0,0,0
TX_008266,74.68,7,49,42,702.51,0,0,0
TX_008267,3287.31,16,26,78,659.78,1,0,0
TX_008268,1828.64,21,51,64,374.96,0,0,0
TX_008269,3059.42,0,31,17,284.44,0,0,0
TX_008270,3481.68,5,21,61,919.1,0,1,0
TX_008271,1715.66,6,46,30,127.02,0,0,0
TX_008272,544.27,14,78,43,432.03,0,0,0
TX_008273,352.88,17,32,93,766.98,0,0,0
TX_008274,2946.74,8,34,7,148.14,0,0,0
TX_008275,2605.67,7,36,73,932.93,0,0,0
TX_008276,3712.29,9,55,46,526.25,0,0,0
TX_008277,2551.13,3,26,23,504.82,0,0,0
TX_008278,2115.12,19,44,36,424.28,1,0,0
TX_008279,1993.45,7,66,14,867.45,0,0,0
TX_008280,137.1,0,32,20,948.44,1,0,0
TX_008281,1681.11,7,54,56,380.07,0,0,0
TX_008282,4880.22,22,45,81,542.39,0,0,0
TX_008283,4368.41,11,67,32,315.42,0,0,0
TX_008284,1650.24,22,72,25,368.02,1,0,0
TX_008285,2941.04,14,21,94,28.33,0,1,0
TX_008286,4237.25,12,38,49,785.94,1,0,0
TX_008287,2209.17,15,73,57,969.33,0,0,0
TX_008288,94.7,22,51,27,769.53,0,0,0
TX_008289,377.18,17,36,27,518.21,0,0,0
TX_008290,2554.41,0,76,46,827.51,0,1,0
TX_008291,4847.35,16,54,95,857.88,0,0,0
TX_008292,3467.58,15,75,45,544.52,0,0,0
TX_008293,359.23,22,21,26,937.16,0,0,0
TX_008294,950.86,4,54,14,30.17,0,0,0
TX_008295,3857.76,19,68,48,10.1,0,0,0
TX_008296,4207.99,20,49,85,81.46,0,0,0
TX_008297,3090.38,9,62,92,57.86,0,0,0
TX_008298,3223.89,5,65,15,424.61,0,1,0
TX_008299,146.55,11,29,94,940.32,0,0,0
TX_008300,4143.51,9,58,89,675.22,0,0,0
TX_008301,3942.43,21,73,51,659.45,0,0,0
TX_008302,1298.88,16,33,54,384.89,0,0,0
TX_008303,3544.84,1,31,11,533.77,0,0,0
TX_008304,1078.2,18,71,75,304.17,0,0,0
TX_008305,206.45,19,79,28,517.84,1,0,0
TX_008306,1009.68,5,18,55,746.66,1,1,0
TX_008307,897.25,12,69,69,558.69,0,0,0
TX_008308,1692.05,8,72,92,418.87,0,0,0
TX_008309,2095.16,11,75,72,844.92,0,0,0
TX_008310,2545.15,17,49,26,287.44,0,0,0
TX_008311,2386.39,7,38,70,481.49,0,0,0
TX_008312,1357.02,17,21,32,978.15,0,0,0
TX_008313,150.71,22,26,48,967.32,0,0,0
TX_008314,3027.48,21,73,96,6.28,1,0,0
TX_008315,1981.75,1,68,12,532.23,1,0,0
TX_008316,1496.87,7,63,70,336.92,0,0,0
TX_008317,4335.37,9,39,77,291.22,0,0,0
TX_008318,3734.98,8,29,61,596.25,0,0,0
TX_008319,4289.54,23,47,34,446.3,0,0,0
TX_008320,2477.44,17,47,87,732.84,0,0,0
TX_008321,659.0,7,49,81,27.13,1,0,0
TX_008322,3482.63,18,77,45,926.89,0,0,0
TX_008323,1034.34,2,53,60,567.59,0,0,0
TX_008324,2208.94,8,24,65,684.07,0,0,0
TX_008325,329.68,12,34,71,604.59,0,0,0
TX_008326,4127.42,8,18,13,989.13,0,0,0
TX_008327,634.07,19,31,78,986.3,0,0,0
TX_008328,4515.97,11,64,81,609.89,0,1,0
TX_008329,4321.83,22,61,94,683.96,0,0,0
TX_008330,2325.59,12,61,48,618.57,0,0,0
TX_008331,3723.12,7,55,49,310.68,1,0,0
TX_008332,3099.13,14,43,98,192.61,0,0,0
TX_008333,4016.36,12,44,91,402.76,0,0,0
TX_008334,2161.87,20,78,58,682.76,1,0,0
TX_008335,3930.11,12,62,89,55.98,0,0,0
TX_008336,2314.97,16,33,99,514.31,0,0,0
TX_008337,4705.12,14,63,73,408.4,0,0,0
TX_008338,2434.43,21,24,70,527.48,0,0,0
TX_008339,2315.78,18,49,61,860.23,0,0,0
TX_008340,3926.43,2,78,26,47.61,0,1,0
TX_008341,4108.78,13,42,39,763.62,0,0,0
TX_008342,2774.67,9,48,58,666.91,1,0,0
TX_008343,903.09,16,33,27,203.85,0,0,0
TX_008344,2341.45,7,72,40,734.18,1,0,0
TX_008345,4840.52,17,58,31,496.37,1,1,1
TX_008346,3766.17,11,75,3,481.02,0,0,0
TX_008347,4056.76,16,31,88,483.07,0,0,0
TX_008348,168.96,22,42,15,949.23,0,0,0
TX_008349,2341.96,10,79,54,944.36,0,1,0
TX_008350,3234.87,8,47,70,913.61,0,0,0
TX_008351,4151.01,21,73,11,886.74,0,0,0
TX_008352,251.12,23,24,30,37.59,0,1,0
TX_008353,4262.93,23,29,35,400.59,0,0,0
TX_008354,2744.26,22,20,43,894.88,0,0,0
TX_008355,990.58,14,44,61,755.13,0,0,0
TX_008356,1589.69,8,63,40,456.66,0,0,0
TX_008357,1413.24,11,36,93,773.25,0,0,0
TX_008358,2656.64,10,60,87,208.19,0,0,0
TX_008359,263.17,16,54,42,599.8,0,0,0
TX_008360,796.89,5,72,42,533.0,0,0,0
TX_008361,4064.4,7,62,3,573.55,0,0,0
TX_008362,667.36,9,77,90,721.8,0,0,0
TX_008363,1170.81,14,59,78,949.8,0,0,0
TX_008364,2269.59,3,24,83,264.01,0,0,0
TX_008365,2588.02,17,66,85,758.05,0,0,0
TX_008366,3819.23,10,33,21,645.14,0,0,0
TX_008367,2239.43,8,49,73,695.15,0,0,0
TX_008368,3950.37,8,25,77,428.92,0,0,0
TX_008369,3093.64,7,66,53,944.58,0,0,0
TX_008370,569.93,2,30,44,479.66,0,0,0
TX_008371,785.88,20,79,46,121.59,0,0,0
TX_008372,2187.98,17,28,37,680.69,0,0,0
TX_008373,1987.46,13,37,38,128.87,0,0,0
TX_008374,3719.0,2,35,88,322.68,0,0,0
TX_008375,2905.78,16,54,38,228.01,0,0,0
TX_008376,1943.72,3,23,11,538.93,0,0,0
TX_008377,857.95,20,37,93,347.5,0,0,0
TX_008378,1138.05,17,49,45,159.85,0,1,0
TX_008379,2879.63,14,63,64,790.81,0,1,0
TX_008380,2120.08,18,61,44,468.49,0,0,0
TX_008381,2577.06,21,46,81,454.45,1,0,0
TX_008382,857.53,5,21,62,886.36,0,0,0
TX_008383,3316.22,14,24,90,538.82,0,0,0
TX_008384,4263.43,6,60,61,709.9,0,0,0
TX_008385,1293.41,11,37,90,328.07,0,0,0
TX_008386,2460.11,15,51,12,561.29,0,0,0
TX_008387,4877.76,8,53,82,726.41,0,0,0
TX_008388,1669.54,19,24,9,296.47,0,0,0
TX_008389,2977.26,4,50,67,688.53,0,1,0
TX_008390,455.53,10,32,74,568.76,0,0,0
TX_008391,3032.04,1,69,2,434.19,1,0,0
TX_008392,452.71,21,49,8,712.97,0,0,0
TX_008393,4796.38,15,39,43,316.9,0,0,0
TX_008394,3579.73,3,73,18,714.5,0,1,0
TX_008395,3941.86,4,57,52,551.11,1,0,1
TX_008396,3522.0,6,46,39,245.6,0,0,0
TX_008397,2950.7,5,42,31,668.28,0,0,0
TX_008398,2252.31,23,22,14,884.76,0,0,0
TX_008399,4292.58,21,31,64,310.01,0,1,0
TX_008400,4784.39,9,67,97,812.33,0,0,0
TX_008401,2497.69,13,52,93,336.13,1,0,0
TX_008402,4658.02,7,19,44,821.12,0,0,0
TX_008403,2918.75,13,42,60,51.15,0,0,0
TX_008404,2694.23,13,71,97,7.22,0,0,0
TX_008405,2275.14,19,33,99,113.26,0,0,0
TX_008406,1050.39,22,63,2,873.94,0,0,0
TX_008407,23.58,2,33,99,533.72,0,0,0
TX_008408,1211.32,0,28,32,594.1,0,1,0
TX_008409,2551.07,8,77,36,842.21,0,0,0
TX_008410,1902.9,8,66,55,50.65,0,0,0
TX_008411,2245.18,21,52,87,387.11,0,0,0
TX_008412,4903.34,1,40,63,643.09,0,0,0
TX_008413,1754.61,15,72,69,404.68,0,0,0
TX_008414,2263.65,7,22,80,32.13,0,0,0
TX_008415,671.91,5,52,40,650.94,1,0,0
TX_008416,244.55,22,46,24,391.4,0,0,0
TX_008417,3878.17,12,64,58,19.21,0,0,0
TX_008418,2855.56,0,72,28,170.52,0,0,0
TX_008419,3804.72,18,22,62,217.58,0,0,0
TX_008420,753.56,14,71,25,510.62,0,0,0
TX_008421,2861.28,0,20,7,186.37,0,0,0
TX_008422,1271.94,9,23,38,361.33,0,0,0
TX_008423,1144.17,0,40,71,750.67,0,0,0
TX_008424,62.57,11,63,86,807.72,0,1,0
TX_008425,656.05,10,73,86,795.41,0,0,0
TX_008426,1549.79,16,19,91,695.08,0,1,0
TX_008427,588.81,3,35,97,541.81,0,0,0
TX_008428,4929.36,22,47,45,550.63,0,0,0
TX_008429,1546.62,6,55,32,953.39,0,0,0
TX_008430,655.97,11,73,32,877.87,0,1,0
TX_008431,999.42,12,22,1,649.78,0,0,0
TX_008432,2940.58,4,63,74,468.49,0,0,0
TX_008433,324.9,5,66,45,729.07,0,0,0
TX_008434,4312.86,1,28,64,62.72,0,1,0
TX_008435,4807.69,20,18,68,944.61,0,0,0
TX_008436,1237.5,6,27,93,547.58,0,0,0
TX_008437,2253.23,13,58,7,502.79,1,0,0
TX_008438,115.56,21,69,38,290.83,0,0,0
TX_008439,3205.35,13,61,70,3.39,1,1,0
TX_008440,2072.56,9,43,53,61.24,0,0,0
TX_008441,1353.94,3,50,75,263.01,0,1,0
TX_008442,1038.15,2,44,73,541.55,0,0,0
TX_008443,3271.85,22,73,30,83.58,0,0,0
TX_008444,2084.0,13,67,22,972.05,1,1,0
TX_008445,902.4,5,29,58,410.96,0,0,0
TX_008446,3447.1,22,19,73,316.32,0,0,0
TX_008447,2827.54,14,18,55,525.2,0,0,0
TX_008448,4294.07,7,18,46,64.99,1,0,0
TX_008449,591.79,4,74,97,850.45,0,0,0
TX_008450,3929.4,2,78,26,460.28,0,0,0
TX_008451,3369.22,2,50,64,178.34,0,0,0
TX_008452,579.48,12,39,80,161.73,0,0,0
TX_008453,3475.63,1,29,9,360.95,0,0,0
TX_008454,2210.53,23,56,87,573.36,0,0,0
TX_008455,4725.2,0,53,15,416.91,0,0,0
TX_008456,712.35,11,38,19,596.8,0,0,0
TX_008457,3215.95,7,37,16,705.48,0,0,0
TX_008458,1912.99,18,53,25,748.49,1,0,0
TX_008459,4784.29,8,43,99,400.96,0,0,0
TX_008460,1653.22,13,64,51,717.0,1,0,0
TX_008461,4811.12,17,48,77,141.5,0,1,0
TX_008462,4507.92,9,18,46,513.1,0,1,0
TX_008463,1355.56,8,55,7,72.51,0,0,0
TX_008464,4018.69,5,31,34,244.11,0,0,0
TX_008465,4978.04,0,43,58,583.19,1,0,1
TX_008466,1267.05,4,63,78,740.42,1,0,0
TX_008467,2186.7,9,59,23,95.31,0,0,0
TX_008468,2603.3,12,24,23,207.07,0,0,0
TX_008469,1478.18,21,72,17,991.9,0,0,0
TX_008470,81.25,22,73,13,337.66,0,0,0
TX_008471,1104.55,3,72,27,284.04,0,0,0
TX_008472,1413.27,0,71,66,85.26,0,0,0
TX_008473,2220.78,20,29,30,694.84,0,0,0
TX_008474,859.66,1,41,4,508.25,0,0,0
TX_008475,4366.91,23,36,94,157.55,0,0,0
TX_008476,3526.03,3,26,67,632.9,0,0,0
TX_008477,430.58,16,52,14,525.76,0,0,0
TX_008478,3252.21,9,21,11,564.95,1,0,0
TX_008479,3270.01,22,62,40,994.85,0,0,0
TX_008480,4781.32,11,59,87,28.61,0,0,0
TX_008481,20.09,1,49,96,914.97,0,0,0
TX_008482,1243.42,2,63,3,841.89,0,0,0
TX_008483,4639.32,13,23,1,415.34,0,0,0
TX_008484,4661.01,14,45,9,880.95,0,0,0
TX_008485,3604.33,12,79,73,648.56,0,0,0
TX_008486,3829.99,8,45,76,889.35,0,0,0
TX_008487,461.96,1,57,1,594.73,0,0,0
TX_008488,2571.81,18,68,16,216.15,0,0,0
TX_008489,1161.76,15,46,94,576.22,1,0,0
TX_008490,910.18,10,59,72,179.06,1,0,0
TX_008491,4052.46,11,71,46,140.83,0,0,0
TX_008492,679.52,0,22,10,654.06,0,0,0
TX_008493,2345.91,1,22,33,947.48,0,0,0
TX_008494,4693.2,15,54,41,588.5,0,1,0
TX_008495,933.23,1,58,51,795.79,0,0,0
TX_008496,4890.08,18,78,22,168.36,0,0,0
TX_008497,4971.47,9,72,16,654.21,1,0,1
TX_008498,2780.31,18,45,83,732.98,0,0,0
TX_008499,854.86,9,58,75,41.61,0,0,0
TX_008500,1583.94,15,64,62,97.16,0,1,0
TX_008501,2125.34,12,26,53,781.58,1,0,0
TX_008502,1550.07,15,46,75,439.95,0,0,0
TX_008503,1406.77,17,31,14,405.58,0,0,0
TX_008504,4861.29,23,55,59,920.37,0,0,0
TX_008505,771.06,7,79,26,991.97,1,0,0
TX_008506,3667.97,23,71,44,764.38,0,0,0
TX_008507,7.05,17,69,20,792.59,0,0,0
TX_008508,2982.93,12,57,84,208.32,0,0,0
TX_008509,4580.14,6,79,5,192.23,0,1,0
TX_008510,1443.23,20,51,65,980.68,0,1,0
TX_008511,931.7,22,54,11,695.09,0,0,0
TX_008512,3260.14,23,66,47,686.71,0,0,0
TX_008513,3564.44,17,59,10,286.19,0,0,0
TX_008514,3441.71,5,31,61,886.48,0,0,0
TX_008515,1599.99,8,35,92,44.44,0,0,0
TX_008516,1264.75,5,50,45,274.59,0,0,0
TX_008517,4779.81,17,71,47,180.14,0,0,0
TX_008518,4616.88,16,51,34,711.1,0,0,0
TX_008519,2289.3,11,45,13,715.35,0,0,0
TX_008520,4231.74,2,53,89,534.73,0,1,1
TX_008521,2264.36,4,62,23,5.26,1,0,0
TX_008522,2124.82,6,65,36,873.76,0,0,0
TX_008523,788.03,9,54,63,955.59,0,0,0
TX_008524,2134.9,9,40,76,202.31,0,0,0
TX_008525,2689.4,18,59,47,842.23,0,0,0
TX_008526,117.41,3,34,66,973.29,1,1,0
TX_008527,2223.34,9,77,84,326.97,0,0,0
TX_008528,3907.87,17,28,80,185.06,0,0,0
TX_008529,3401.83,2,49,14,977.54,1,0,1
TX_008530,3177.61,20,54,53,59.74,0,1,0
TX_008531,4548.23,2,32,66,275.96,0,0,0
TX_008532,95.07,4,21,49,742.03,0,0,0
TX_008533,2787.45,15,56,16,617.35,0,1,0
TX_008534,3937.81,19,47,68,684.51,0,0,0
TX_008535,2708.97,12,27,43,708.09,0,0,0
TX_008536,1622.86,10,40,77,686.14,0,0,0
TX_008537,685.57,12,41,65,342.24,0,1,0
TX_008538,4438.38,18,53,9,311.5,0,0,0
TX_008539,2356.46,5,69,21,428.47,0,0,0
TX_008540,4391.19,23,75,82,807.68,0,0,0
TX_008541,2931.33,12,22,96,938.27,1,0,0
TX_008542,3372.59,3,54,98,455.25,0,0,0
TX_008543,4022.28,21,60,84,85.77,1,1,0
TX_008544,3297.48,4,36,43,938.3,0,1,1
TX_008545,1993.28,18,54,66,80.43,0,0,0
TX_008546,2570.6,4,70,4,159.11,0,0,0
TX_008547,4016.21,20,25,7,867.68,0,0,0
TX_008548,1871.38,13,24,86,551.48,0,0,0
TX_008549,1943.67,3,57,84,352.69,1,0,0
TX_008550,482.97,11,30,58,930.91,0,0,0
TX_008551,4573.35,5,54,99,960.51,0,0,0
TX_008552,459.73,18,77,4,330.76,0,0,0
TX_008553,3242.8,9,44,20,868.42,0,1,0
TX_008554,2068.91,0,35,35,678.53,0,0,0
TX_008555,2031.07,22,41,97,274.49,0,1,0
TX_008556,3399.36,22,58,59,941.43,0,0,0
TX_008557,340.13,15,19,85,63.07,0,0,0
TX_008558,2970.56,3,33,45,317.94,0,0,0
TX_008559,3861.3,8,31,14,396.26,0,0,0
TX_008560,4141.92,17,34,95,690.65,0,0,0
TX_008561,856.8,16,77,22,38.43,0,0,0
TX_008562,4487.61,14,23,48,889.78,0,0,0
TX_008563,3282.45,18,52,30,659.1,0,0,0
TX_008564,4409.86,6,34,29,275.02,0,0,0
TX_008565,2428.98,17,62,36,658.34,0,0,0
TX_008566,2712.46,5,55,42,536.92,0,0,0
TX_008567,4595.6,18,77,29,336.28,0,0,0
TX_008568,4500.05,20,57,7,28.6,0,0,0
TX_008569,2243.56,11,74,32,551.1,0,0,0
TX_008570,1375.69,2,78,13,82.18,0,0,0
TX_008571,1968.89,0,23,13,810.18,0,0,0
TX_008572,1941.88,4,77,54,88.53,1,0,0
TX_008573,1437.9,0,65,14,428.74,0,1,0
TX_008574,1346.56,7,55,6,434.55,0,0,0
TX_008575,4306.01,6,66,16,556.2,0,0,0
TX_008576,353.96,14,38,41,39.51,0,0,0
TX_008577,3389.67,10,52,52,203.83,0,0,0
TX_008578,868.24,17,40,85,199.5,0,0,0
TX_008579,1725.81,13,29,16,598.97,1,0,0
TX_008580,312.41,8,74,5,263.64,0,0,0
TX_008581,1353.52,4,46,24,144.19,0,0,0
TX_008582,3843.26,22,44,43,18.35,0,0,0
TX_008583,4425.65,3,23,65,840.54,0,0,0
TX_008584,1111.53,11,38,10,971.55,0,0,0
TX_008585,2320.42,0,24,59,703.26,1,0,0
TX_008586,2354.27,23,60,35,412.71,0,0,0
TX_008587,4368.51,12,58,31,122.01,0,0,0
TX_008588,3815.18,0,33,79,475.1,0,0,0
TX_008589,2567.82,2,22,11,457.32,0,0,0
TX_008590,3355.38,21,32,9,419.88,0,0,0
TX_008591,4237.54,7,38,66,378.3,0,0,0
TX_008592,52.65,23,75,44,496.75,0,0,0
TX_008593,2017.44,17,21,94,73.18,0,0,0
TX_008594,4536.68,15,22,16,38.29,1,0,0
TX_008595,3702.86,19,24,48,63.96,0,0,0
TX_008596,2716.49,19,52,53,200.0,1,0,0
TX_008597,2650.57,15,53,65,278.07,0,0,0
TX_008598,1742.11,1,74,48,169.46,0,0,0
TX_008599,2605.0,16,32,70,251.92,0,0,0
TX_008600,3278.64,9,45,46,185.84,1,0,0
TX_008601,2094.72,6,19,75,150.74,0,0,0
TX_008602,3572.19,9,73,33,292.98,0,1,0
TX_008603,4306.85,18,74,52,397.51,0,1,0
TX_008604,777.65,19,22,81,744.27,0,0,0
TX_008605,2260.48,8,24,55,955.55,0,0,0
TX_008606,2043.06,21,39,51,918.97,0,0,0
TX_008607,3438.89,16,66,98,475.93,0,0,0
TX_008608,1253.09,8,48,40,461.35,0,0,0
TX_008609,3203.05,8,49,25,125.7,0,0,0
TX_008610,4388.06,4,25,63,971.74,0,0,0
TX_008611,2093.57,23,58,22,760.1,1,0,0
TX_008612,4555.52,6,59,90,847.57,0,0,0
TX_008613,4965.85,10,28,91,234.16,0,0,0
TX_008614,534.93,7,18,38,401.09,0,0,0
TX_008615,1169.1,13,64,9,102.65,0,1,0
TX_008616,4752.15,1,57,37,940.81,0,0,0
TX_008617,4791.85,9,36,5,285.83,0,1,0
TX_008618,493.05,20,61,82,596.01,1,0,0
TX_008619,79.92,23,55,22,152.22,0,0,0
TX_008620,809.69,15,59,12,802.8,0,0,0
TX_008621,4980.08,15,73,60,186.34,0,0,0
TX_008622,904.1,18,54,44,809.38,0,1,0
TX_008623,2515.23,10,73,22,401.76,1,0,0
TX_008624,4242.85,5,24,6,577.76,0,0,0
TX_008625,106.91,5,56,27,269.71,0,0,0
TX_008626,3024.42,6,72,55,882.78,0,0,0
TX_008627,1388.74,15,42,15,759.87,0,0,0
TX_008628,4312.36,12,71,64,354.27,0,0,0
TX_008629,1420.89,2,39,17,585.36,0,0,0
TX_008630,3435.34,23,44,3,128.99,1,0,0
TX_008631,3372.73,23,58,10,160.47,0,1,0
TX_008632,1111.36,8,64,63,533.68,0,0,0
TX_008633,178.82,23,55,63,640.6,0,0,0
TX_008634,2049.2,2,65,89,557.43,1,0,0
TX_008635,1449.52,5,56,62,559.41,0,0,0
TX_008636,4045.84,16,32,85,742.29,0,0,0
TX_008637,4002.82,2,72,9,902.41,0,0,0
TX_008638,2287.83,1,19,24,387.6,1,0,0
TX_008639,3034.53,11,78,32,536.93,0,0,0
TX_008640,3023.28,23,77,3,893.02,0,0,0
TX_008641,4136.65,5,25,33,464.28,0,0,0
TX_008642,2127.89,9,61,43,445.15,1,0,0
TX_008643,1380.86,10,60,12,766.51,1,1,0
TX_008644,1328.85,15,23,93,877.3,0,1,0
TX_008645,2683.28,15,37,85,737.67,1,0,0
TX_008646,2248.5,23,44,98,100.12,0,0,0
TX_008647,2203.4,17,62,97,464.77,0,1,0
TX_008648,460.23,21,40,32,211.97,0,0,0
TX_008649,3594.43,22,65,20,317.35,1,0,0
TX_008650,1072.61,23,57,67,468.75,0,0,0
TX_008651,988.78,8,34,68,221.53,0,0,0
TX_008652,2066.73,20,75,17,515.93,0,0,0
TX_008653,1142.75,18,78,81,643.28,0,0,0
TX_008654,2921.37,1,30,19,874.9,0,0,0
TX_008655,1860.46,23,21,4,211.46,0,0,0
TX_008656,2247.31,0,37,93,310.57,0,0,0
TX_008657,2688.16,15,59,17,405.8,0,0,0
TX_008658,1021.66,21,42,64,224.55,1,0,0
TX_008659,782.98,17,78,22,332.04,0,0,0
TX_008660,4402.71,2,39,66,883.35,0,0,0
TX_008661,2171.45,23,69,42,138.65,0,0,0
TX_008662,2063.41,0,65,76,443.75,0,0,0
TX_008663,182.88,5,78,45,310.97,0,0,0
TX_008664,2492.39,18,34,11,77.16,0,0,0
TX_008665,2773.08,21,57,53,96.13,1,0,0
TX_008666,2796.41,18,28,60,784.88,0,0,0
TX_008667,3536.62,10,42,29,852.33,0,0,0
TX_008668,891.52,7,22,20,741.41,1,0,0
TX_008669,1264.85,4,38,5,539.23,1,0,0
TX_008670,4054.6,19,43,25,772.66,0,0,0
TX_008671,4736.12,8,33,34,152.02,0,0,0
TX_008672,683.98,14,73,12,780.2,0,0,0
TX_008673,2490.76,20,57,28,423.48,0,0,0
TX_008674,1074.81,13,38,98,750.32,0,0,0
TX_008675,305.07,3,65,6,227.75,0,0,0
TX_008676,1630.89,23,49,19,832.54,0,0,0
TX_008677,722.72,23,21,12,568.12,0,0,0
TX_008678,3551.12,7,55,25,7.34,0,0,0
TX_008679,2670.96,19,75,13,519.27,0,1,0
TX_008680,723.45,16,70,81,310.28,0,0,0
TX_008681,51.16,1,25,76,57.5,0,0,0
TX_008682,4041.74,19,26,3,447.31,0,1,0
TX_008683,885.09,15,62,24,311.47,0,0,0
TX_008684,3033.05,9,34,8,204.39,0,1,0
TX_008685,1687.92,1,58,90,349.12,0,0,0
TX_008686,2929.5,10,30,45,179.61,0,0,0
TX_008687,1581.69,9,26,72,299.81,0,0,0
TX_008688,439.26,18,23,96,115.33,0,0,0
TX_008689,1118.64,13,44,96,84.31,0,0,0
TX_008690,944.35,10,59,1,910.02,0,0,0
TX_008691,2142.96,8,54,3,902.77,0,0,0
TX_008692,3293.13,6,56,65,828.01,0,1,0
TX_008693,1322.71,14,60,15,230.33,0,0,0
TX_008694,65.29,19,41,50,725.89,0,0,0
TX_008695,2597.09,16,26,20,589.71,0,0,0
TX_008696,3030.77,2,74,3,51.23,0,0,0
TX_008697,4814.54,14,59,61,899.59,0,0,0
TX_008698,2949.41,13,28,15,997.98,0,0,0
TX_008699,2358.51,7,52,59,708.72,1,0,0
TX_008700,2869.14,3,46,54,231.51,1,0,0
TX_008701,4639.86,9,25,60,554.41,0,0,0
TX_008702,4142.75,1,34,37,109.38,0,0,0
TX_008703,1618.28,13,24,21,298.78,0,0,0
TX_008704,1190.09,7,29,23,717.26,0,0,0
TX_008705,1316.85,22,65,99,301.07,0,1,0
TX_008706,2524.58,9,32,18,147.21,0,0,0
TX_008707,3721.53,17,70,17,7.47,1,0,0
TX_008708,2518.58,14,46,31,572.51,0,0,0
TX_008709,343.64,4,62,64,968.67,0,0,0
TX_008710,3619.29,21,67,48,484.13,0,0,0
TX_008711,4030.82,12,67,26,212.61,0,0,0
TX_008712,1451.04,17,41,22,463.28,0,0,0
TX_008713,3322.31,1,54,45,602.08,0,0,0
TX_008714,2135.83,12,31,36,801.37,0,1,0
TX_008715,4446.15,13,77,64,452.68,0,1,0
TX_008716,4226.9,9,28,35,172.95,0,0,0
TX_008717,2629.53,3,52,75,188.01,0,0,0
TX_008718,3459.07,14,34,91,899.73,1,0,0
TX_008719,4417.33,7,76,98,236.24,1,0,0
TX_008720,2481.11,14,72,82,728.02,0,0,0
TX_008721,1569.69,13,44,27,268.95,1,0,0
TX_008722,3769.56,20,61,68,720.56,0,0,0
TX_008723,1104.23,8,20,17,78.36,0,0,0
TX_008724,1945.71,19,72,70,207.39,0,0,0
TX_008725,4329.31,2,77,11,408.7,0,0,0
TX_008726,3623.49,14,19,5,515.32,1,0,0
TX_008727,2022.04,23,21,58,352.95,0,0,0
TX_008728,1077.65,16,35,82,573.52,0,0,0
TX_008729,1783.06,15,37,57,325.37,0,0,0
TX_008730,1424.1,3,38,89,678.44,0,0,0
TX_008731,884.57,10,31,74,511.21,0,0,0
TX_008732,3717.95,7,25,80,705.11,1,0,0
TX_008733,1264.09,2,19,74,430.98,0,0,0
TX_008734,2273.57,18,43,74,876.5,0,0,0
TX_008735,1932.37,13,36,85,382.13,0,0,0
TX_008736,4910.48,8,59,14,308.13,0,1,0
TX_008737,1958.51,2,45,72,557.09,1,0,0
TX_008738,404.51,3,46,1,509.17,1,0,0
TX_008739,453.68,3,22,16,518.1,0,0,0
TX_008740,2955.81,10,60,26,796.13,0,0,0
TX_008741,2998.82,18,45,49,588.6,0,0,0
TX_008742,2096.7,15,77,42,885.27,1,0,0
TX_008743,2162.06,22,58,70,619.1,0,0,0
TX_008744,274.39,21,65,66,21.7,0,0,0
TX_008745,2585.15,16,43,53,870.39,0,0,0
TX_008746,2526.17,9,76,9,839.78,0,0,0
TX_008747,752.0,23,22,69,48.85,0,0,0
TX_008748,523.68,16,32,40,125.28,0,0,0
TX_008749,622.24,15,63,56,556.36,1,0,0
TX_008750,509.64,19,26,5,42.85,1,0,0
TX_008751,3050.49,21,49,56,411.17,0,1,0
TX_008752,986.43,5,69,72,975.36,1,0,0
TX_008753,1260.89,6,43,5,172.78,0,0,0
TX_008754,871.99,13,54,69,206.1,0,0,0
TX_008755,4789.39,10,32,52,676.35,0,0,0
TX_008756,4273.81,11,58,81,43.98,0,0,0
TX_008757,1156.32,13,21,73,820.69,1,0,0
TX_008758,1641.19,4,70,98,199.03,0,0,0
TX_008759,1053.41,4,70,33,531.55,1,0,0
TX_008760,2461.92,19,53,22,248.76,0,0,0
TX_008761,102.95,21,37,85,658.88,0,1,0
TX_008762,3358.48,22,44,15,587.22,0,0,0
TX_008763,2618.17,14,38,65,946.44,1,0,0
TX_008764,4493.7,0,77,71,445.6,0,0,0
TX_008765,826.14,23,39,23,874.88,0,1,0
TX_008766,4021.53,22,24,6,575.82,1,0,0
TX_008767,3960.85,8,64,84,914.46,0,0,0
TX_008768,640.27,2,71,58,291.82,0,0,0
TX_008769,1995.8,3,48,26,549.76,0,0,0
TX_008770,854.91,15,34,12,390.03,0,1,0
TX_008771,1277.33,6,67,77,65.9,1,0,0
TX_008772,1319.91,21,24,77,574.27,0,1,0
TX_008773,2783.4,13,79,2,794.23,0,0,0
TX_008774,2060.0,15,36,32,556.2,0,0,0
TX_008775,4738.93,17,45,50,279.34,1,0,0
TX_008776,636.22,15,27,95,263.83,1,0,0
TX_008777,4868.59,15,44,61,237.84,0,0,0
TX_008778,1157.04,1,30,11,979.63,0,0,0
TX_008779,3865.51,9,19,68,399.22,1,0,0
TX_008780,1698.15,6,39,34,316.87,0,0,0
TX_008781,719.69,14,76,80,418.47,1,0,0
TX_008782,4290.16,8,37,95,115.8,0,0,0
TX_008783,1547.76,6,77,89,196.02,0,0,0
TX_008784,3295.98,23,60,8,508.9,0,0,0
TX_008785,2834.39,15,22,8,798.85,0,0,0
TX_008786,2361.42,2,23,98,876.43,0,0,0
TX_008787,2481.62,16,52,15,865.98,0,0,0
TX_008788,3662.53,22,18,5,944.75,0,0,0
TX_008789,443.43,7,52,19,125.77,0,0,0
TX_008790,3342.56,1,20,74,40.97,0,0,0
TX_008791,4479.58,19,71,9,105.73,1,0,0
TX_008792,293.65,2,53,57,600.74,1,0,0
TX_008793,707.56,7,24,54,556.12,0,0,0
TX_008794,3584.58,1,46,29,671.21,0,0,0
TX_008795,2189.22,18,32,19,371.09,1,0,0
TX_008796,2020.73,16,28,77,391.59,0,0,0
TX_008797,689.15,4,35,46,545.58,0,0,0
TX_008798,2536.32,19,61,80,79.06,0,0,0
TX_008799,637.09,16,21,62,799.87,1,0,0
TX_008800,2385.72,9,41,94,922.86,0,1,0
TX_008801,3819.26,8,28,60,387.35,0,0,0
TX_008802,1295.03,21,23,5,739.57,0,0,0
TX_008803,2406.53,5,75,33,548.83,0,1,0
TX_008804,4960.12,10,68,83,236.01,0,0,0
TX_008805,3434.82,1,75,55,67.8,0,0,0
TX_008806,4207.58,22,77,19,245.9,0,0,0
TX_008807,2077.16,11,35,17,604.91,0,0,0
TX_008808,3840.47,11,32,88,40.23,0,0,0
TX_008809,207.34,15,20,92,836.19,0,0,0
TX_008810,618.94,21,34,42,970.31,0,0,0
TX_008811,1019.34,23,50,22,83.5,0,0,0
TX_008812,2012.75,11,51,39,246.7,0,0,0
TX_008813,4229.5,20,47,80,675.63,0,0,0
TX_008814,1734.6,17,36,99,806.08,1,0,0
TX_008815,3274.83,12,78,27,345.99,0,0,0
TX_008816,3548.02,14,26,76,515.24,0,1,0
TX_008817,2932.98,15,57,46,891.76,0,0,0
TX_008818,1789.42,3,61,28,384.4,0,0,0
TX_008819,2887.38,11,48,52,81.54,1,0,0
TX_008820,1714.62,16,76,65,994.89,0,0,0
TX_008821,423.95,0,44,39,180.28,0,0,0
TX_008822,4964.06,21,64,18,48.78,0,0,0
TX_008823,640.28,17,42,87,410.65,1,0,0
TX_008824,366.38,21,72,22,121.46,0,0,0
TX_008825,4393.26,15,24,68,978.73,0,0,0
TX_008826,1512.66,0,70,11,380.79,0,0,0
TX_008827,3253.23,9,65,82,825.81,0,0,0
TX_008828,1648.38,18,24,64,176.61,1,0,0
TX_008829,1960.31,15,37,71,138.81,0,0,0
TX_008830,1314.25,13,70,85,649.29,0,0,0
TX_008831,1718.5,1,61,57,909.31,1,0,0
TX_008832,2056.45,23,66,35,114.54,1,0,0
TX_008833,3603.48,5,60,37,589.25,0,0,0
TX_008834,2560.12,21,53,50,84.94,0,1,0
TX_008835,4718.11,22,36,30,812.16,1,0,1
TX_008836,214.19,4,19,17,909.31,1,0,0
TX_008837,2517.83,11,51,33,628.79,1,0,0
TX_008838,2923.2,3,73,16,688.34,0,0,0
TX_008839,4601.38,21,34,15,55.44,0,0,0
TX_008840,250.55,23,41,13,72.98,0,0,0
TX_008841,2869.63,3,26,3,179.67,0,0,0
TX_008842,4268.88,4,71,24,273.83,0,0,0
TX_008843,1213.43,6,18,23,759.86,0,0,0
TX_008844,4382.08,5,59,59,435.43,0,0,0
TX_008845,100.12,12,45,55,78.25,0,0,0
TX_008846,3663.61,3,72,65,852.65,0,0,0
TX_008847,4665.9,12,32,32,993.83,0,0,0
TX_008848,3287.7,3,38,97,455.03,1,0,0
TX_008849,2197.95,9,32,60,511.76,0,0,0
TX_008850,229.18,19,74,30,78.51,0,0,0
TX_008851,4600.97,0,40,66,383.02,0,0,0
TX_008852,2354.13,20,70,18,371.8,0,0,0
TX_008853,149.84,7,78,59,965.79,0,0,0
TX_008854,3450.66,6,19,53,660.43,1,0,0
TX_008855,2411.78,4,63,64,782.18,0,0,0
TX_008856,626.1,2,53,30,128.33,0,0,0
TX_008857,1075.29,14,67,18,416.93,0,0,0
TX_008858,327.13,16,26,5,191.55,0,0,0
TX_008859,2873.6,22,19,69,860.19,0,0,0
TX_008860,3112.04,12,19,8,152.37,0,0,0
TX_008861,2531.18,14,35,9,438.87,1,0,0
TX_008862,4086.43,18,34,32,53.65,1,0,0
TX_008863,4305.74,19,58,14,634.29,0,0,0
TX_008864,3080.04,13,25,13,481.92,0,0,0
TX_008865,68.72,20,51,18,497.97,0,0,0
TX_008866,3477.67,12,51,68,101.62,0,0,0
TX_008867,2092.91,11,22,22,513.98,0,0,0
TX_008868,2829.96,23,61,20,563.78,0,0,0
TX_008869,3247.16,22,46,15,962.84,0,0,0
TX_008870,1754.43,8,79,7,33.22,1,0,0
TX_008871,4585.91,2,45,77,922.71,0,0,0
TX_008872,674.2,10,33,98,479.56,0,0,0
TX_008873,3359.2,9,31,30,210.11,0,0,0
TX_008874,26.78,0,69,5,665.55,0,1,0
TX_008875,4623.63,16,19,1,517.05,0,0,0
TX_008876,566.96,12,73,60,226.76,0,0,0
TX_008877,478.95,13,57,31,626.83,0,1,0
TX_008878,1668.37,0,78,20,473.26,0,0,0
TX_008879,1870.96,1,21,83,689.01,0,1,0
TX_008880,1075.43,1,79,64,689.08,0,0,0
TX_008881,2927.68,6,69,64,472.82,0,0,0
TX_008882,2217.36,8,58,29,390.8,0,0,0
TX_008883,175.71,23,69,10,63.24,0,0,0
TX_008884,1601.66,3,48,29,493.85,0,0,0
TX_008885,4053.11,1,43,31,243.12,0,0,0
TX_008886,3450.06,18,44,75,53.25,0,0,0
TX_008887,3625.73,4,74,87,330.38,0,1,0
TX_008888,3492.09,8,68,30,87.47,0,0,0
TX_008889,1558.31,23,51,25,579.74,0,0,0
TX_008890,502.82,12,48,80,503.67,0,0,0
TX_008891,1365.97,11,65,58,792.43,1,0,0
TX_008892,4159.77,18,28,57,267.63,0,0,0
TX_008893,4902.45,8,25,87,371.53,0,0,0
TX_008894,2471.77,9,29,63,688.95,0,1,0
TX_008895,53.45,18,52,97,992.94,0,0,0
TX_008896,704.52,9,62,37,904.17,1,1,0
TX_008897,1613.79,11,51,58,520.82,1,0,0
TX_008898,2895.03,13,30,28,677.95,0,0,0
TX_008899,380.09,7,44,27,531.92,0,0,0
TX_008900,4717.07,15,25,70,434.81,0,0,0
TX_008901,1828.59,16,64,37,602.3,0,0,0
TX_008902,4563.36,19,73,6,386.5,0,0,0
TX_008903,3903.71,3,38,89,280.19,1,0,0
TX_008904,3778.41,5,58,77,705.67,0,0,0
TX_008905,3035.56,11,28,62,871.97,0,0,0
TX_008906,3135.79,17,39,97,288.02,0,0,0
TX_008907,3191.83,6,38,33,706.89,0,0,0
TX_008908,3145.46,4,45,89,434.02,0,0,0
TX_008909,2770.87,9,20,78,302.09,0,0,0
TX_008910,4932.14,5,24,40,621.11,1,0,1
TX_008911,3662.79,13,31,41,939.41,0,0,0
TX_008912,3885.85,5,32,42,351.69,0,0,0
TX_008913,4362.95,13,26,9,759.48,0,1,0
TX_008914,1082.12,11,69,18,314.7,0,0,0
TX_008915,423.6,21,60,15,803.87,0,0,0
TX_008916,2417.06,11,24,4,759.98,1,0,0
TX_008917,2572.83,7,29,34,765.63,0,0,0
TX_008918,4146.76,9,36,62,997.71,0,0,0
TX_008919,2221.7,15,44,38,140.52,0,0,0
TX_008920,2856.41,19,35,81,388.84,0,0,0
TX_008921,2637.72,7,30,71,630.81,0,1,0
TX_008922,195.82,8,60,96,590.48,0,0,0
TX_008923,3078.0,12,18,23,780.63,0,0,0
TX_008924,4141.08,19,55,20,46.91,0,0,0
TX_008925,791.72,16,38,56,705.05,0,0,0
TX_008926,2973.69,18,51,53,737.72,0,0,0
TX_008927,2970.08,16,30,2,61.1,1,0,0
TX_008928,825.1,6,62,21,538.68,0,0,0
TX_008929,621.7,0,68,76,244.99,0,1,0
TX_008930,4900.36,19,58,42,801.63,0,0,0
TX_008931,1971.63,13,68,57,49.61,1,0,0
TX_008932,1140.97,16,40,49,146.16,1,0,0
TX_008933,860.77,12,18,91,104.45,0,0,0
TX_008934,3339.67,1,40,10,65.22,0,0,0
TX_008935,3049.18,13,74,72,600.07,0,0,0
TX_008936,3219.54,0,45,61,868.55,0,0,0
TX_008937,444.59,4,76,21,510.97,0,0,0
TX_008938,4468.21,6,49,60,210.58,0,0,0
TX_008939,1949.39,18,25,86,343.8,0,0,0
TX_008940,1570.28,13,72,13,360.37,0,0,0
TX_008941,2314.5,23,43,48,451.64,0,0,0
TX_008942,1953.38,13,31,40,420.54,0,0,0
TX_008943,4318.57,14,41,63,671.15,0,0,0
TX_008944,4646.66,4,65,76,339.91,0,0,0
TX_008945,1520.75,4,46,81,662.97,0,1,0
TX_008946,4320.36,20,21,9,546.77,0,0,0
TX_008947,3908.71,23,35,57,48.51,0,0,0
TX_008948,4654.38,1,31,51,919.67,0,0,0
TX_008949,1232.52,17,79,40,177.96,0,0,0
TX_008950,2886.91,23,44,76,451.53,1,0,0
TX_008951,1376.35,8,58,73,947.6,0,1,0
TX_008952,4121.35,9,64,64,247.33,0,0,0
TX_008953,31.59,17,20,94,22.16,0,0,0
TX_008954,2826.27,3,47,70,490.05,1,0,0
TX_008955,1699.32,7,76,64,223.93,1,0,0
TX_008956,1616.81,17,53,25,582.03,0,0,0
TX_008957,3226.31,19,40,28,817.11,0,0,0
TX_008958,4258.16,16,35,10,511.22,0,0,0
TX_008959,3047.93,15,63,28,645.03,0,0,0
TX_008960,4266.6,17,64,93,666.15,0,0,0
TX_008961,1326.66,6,57,36,820.53,0,0,0
TX_008962,2599.91,0,77,11,687.93,0,0,0
TX_008963,2255.43,0,27,21,976.17,1,0,0
TX_008964,63.17,17,73,26,456.21,0,0,0
TX_008965,2786.28,3,29,18,50.26,0,0,0
TX_008966,3309.31,22,70,68,394.03,0,0,0
TX_008967,2961.61,19,58,41,839.88,0,0,0
TX_008968,3682.72,20,25,15,133.07,0,0,0
TX_008969,2858.84,19,49,23,735.94,0,0,0
TX_008970,338.42,3,34,41,535.66,0,1,0
TX_008971,586.65,5,58,6,900.67,1,0,0
TX_008972,2984.39,2,62,71,731.19,0,0,0
TX_008973,1378.52,5,79,60,660.52,1,0,0
TX_008974,402.83,12,31,79,886.88,1,0,0
TX_008975,2150.87,22,54,52,908.22,0,0,0
TX_008976,2773.84,6,26,9,384.92,0,0,0
TX_008977,1647.09,23,74,30,927.85,0,1,0
TX_008978,3603.57,3,75,44,54.7,0,0,0
TX_008979,3220.63,0,43,62,762.57,0,0,0
TX_008980,1667.43,5,65,43,336.53,0,0,0
TX_008981,3775.59,23,68,28,487.4,0,0,0
TX_008982,3245.23,4,41,94,835.75,0,0,0
TX_008983,3189.04,12,40,8,637.04,0,0,0
TX_008984,2769.37,18,48,99,457.49,0,0,0
TX_008985,61.89,3,56,51,163.93,0,0,0
TX_008986,3484.05,23,61,99,939.26,0,0,0
TX_008987,1883.33,5,75,90,332.48,1,0,0
TX_008988,4713.34,12,19,30,101.16,0,0,0
TX_008989,4090.83,4,67,99,564.15,0,0,0
TX_008990,2940.53,12,35,11,406.28,0,0,0
TX_008991,1264.65,9,33,20,590.51,0,0,0
TX_008992,1022.57,2,46,31,233.53,0,1,0
TX_008993,1705.22,22,28,34,378.73,0,0,0
TX_008994,2385.46,12,19,12,972.51,0,0,0
TX_008995,1483.85,11,31,48,936.54,0,0,0
TX_008996,2577.07,3,21,28,864.38,0,0,0
TX_008997,831.03,9,56,67,779.12,0,0,0
TX_008998,4888.68,2,51,63,156.56,0,1,0
TX_008999,544.08,16,70,48,466.93,0,0,0
TX_009000,4660.06,8,63,42,727.9,0,0,0
TX_009001,4568.32,0,56,52,261.77,0,0,0
TX_009002,2629.18,17,26,5,33.07,0,0,0
TX_009003,3625.93,8,57,77,418.1,0,0,0
TX_009004,2183.06,20,58,12,425.14,0,0,0
TX_009005,3152.02,19,24,59,65.1,0,0,0
TX_009006,1706.18,8,68,65,320.62,0,1,0
TX_009007,1509.29,1,34,52,917.3,0,0,0
TX_009008,2893.26,18,75,43,250.3,0,0,0
TX_009009,2493.16,15,40,83,569.16,1,0,0
TX_009010,2899.78,2,62,93,487.88,0,0,0
TX_009011,1436.87,15,28,63,862.13,0,1,0
TX_009012,1837.95,20,39,50,653.55,0,0,0
TX_009013,424.07,12,35,39,158.43,0,0,0
TX_009014,266.12,2,66,42,142.87,0,0,0
TX_009015,1271.02,9,45,89,557.49,0,0,0
TX_009016,375.86,21,33,80,46.47,0,0,0
TX_009017,523.35,17,59,17,393.53,0,0,0
TX_009018,4065.58,5,21,92,399.01,0,1,0
TX_009019,199.17,5,79,43,196.33,0,0,0
TX_009020,3296.42,17,53,49,301.01,0,0,0
TX_009021,1366.43,5,39,5,329.95,0,0,0
TX_009022,4358.37,5,28,1,11.76,0,1,0
TX_009023,2427.54,21,38,67,805.89,0,0,0
TX_009024,1531.35,12,74,24,957.45,0,0,0
TX_009025,2590.61,13,57,29,289.27,0,0,0
TX_009026,1912.88,20,58,15,111.99,0,1,0
TX_009027,2823.68,6,33,4,953.55,0,0,0
TX_009028,577.09,12,59,44,740.55,0,0,0
TX_009029,4984.97,14,72,65,891.14,0,0,0
TX_009030,2130.65,11,26,79,360.88,0,1,0
TX_009031,1744.41,20,52,88,484.06,0,0,0
TX_009032,3552.5,0,74,31,930.24,0,0,0
TX_009033,1822.68,2,51,20,459.55,0,0,0
TX_009034,4167.21,17,26,10,672.1,1,0,0
TX_009035,2274.08,21,30,11,704.8,0,0,0
TX_009036,3599.19,7,23,82,837.11,0,1,0
TX_009037,541.73,1,21,98,975.18,0,0,0
TX_009038,4231.37,3,77,28,334.9,0,0,0
TX_009039,3679.91,17,63,38,247.45,0,0,0
TX_009040,1062.53,12,45,80,77.71,0,0,0
TX_009041,730.7,14,78,24,856.54,0,0,0
TX_009042,1584.88,1,28,39,292.68,1,0,0
TX_009043,4880.47,9,51,51,49.61,0,0,0
TX_009044,1287.87,1,78,76,865.27,0,0,0
TX_009045,2283.36,20,75,50,509.91,0,0,0
TX_009046,154.95,11,52,7,838.31,0,0,0
TX_009047,1989.15,4,22,81,554.48,0,0,0
TX_009048,2858.74,11,74,68,313.73,1,0,0
TX_009049,4765.86,22,56,53,129.78,0,0,0
TX_009050,2586.1,0,28,37,437.16,0,0,0
TX_009051,4096.44,1,29,97,26.55,0,1,0
TX_009052,2737.9,15,78,83,602.46,0,0,0
TX_009053,208.72,21,60,54,427.66,0,0,0
TX_009054,1578.47,1,36,90,141.52,0,0,0
TX_009055,2879.87,15,30,55,530.23,0,0,0
TX_009056,4753.22,19,21,75,800.91,1,0,1
TX_009057,4296.36,15,31,31,974.8,0,1,1
TX_009058,1145.64,5,61,65,527.36,1,0,0
TX_009059,1104.45,12,76,93,129.55,0,0,0
TX_009060,1009.86,11,19,89,810.71,0,1,0
TX_009061,4612.88,22,79,59,695.79,0,0,0
TX_009062,4264.07,9,25,47,953.97,0,0,0
TX_009063,3875.54,4,39,49,535.21,0,0,0
TX_009064,1966.71,7,68,18,357.1,0,0,0
TX_009065,2524.38,5,30,3,962.84,0,0,0
TX_009066,2324.34,4,38,18,538.44,0,0,0
TX_009067,1270.72,19,38,58,15.91,0,0,0
TX_009068,2527.62,21,45,71,473.67,1,1,0
TX_009069,157.33,5,50,92,2.38,0,0,0
TX_009070,663.39,21,46,81,737.71,1,0,0
TX_009071,4433.52,16,54,25,565.95,1,1,1
TX_009072,3759.64,5,39,18,109.8,0,0,0
TX_009073,2117.23,16,75,52,813.01,0,0,0
TX_009074,2588.17,4,43,43,536.44,0,0,0
TX_009075,1853.14,22,76,67,114.06,0,0,0
TX_009076,3705.2,16,28,89,160.01,0,0,0
TX_009077,3922.01,16,28,7,822.1,0,0,0
TX_009078,3817.61,12,62,74,355.49,0,0,0
TX_009079,3614.45,21,51,44,821.1,1,0,0
TX_009080,1026.5,6,36,44,69.5,0,0,0
TX_009081,1693.16,21,65,51,243.86,1,0,0
TX_009082,2351.88,20,75,83,764.58,0,0,0
TX_009083,1657.31,5,54,79,641.7,0,0,0
TX_009084,3775.93,13,31,85,306.82,0,0,0
TX_009085,1650.12,15,46,21,936.03,0,0,0
TX_009086,695.47,2,36,37,211.07,0,0,0
TX_009087,1998.21,8,54,28,849.78,0,0,0
TX_009088,4899.67,14,38,32,695.74,0,0,0
TX_009089,1133.28,20,41,57,121.12,1,0,0
TX_009090,3062.73,17,43,41,555.12,0,1,0
TX_009091,2167.7,9,58,54,929.91,0,0,0
TX_009092,359.77,9,73,27,618.9,0,0,0
TX_009093,2441.94,22,29,87,528.81,0,0,0
TX_009094,3512.31,2,65,74,366.32,0,0,0
TX_009095,2568.53,0,36,40,788.79,1,0,0
TX_009096,4361.17,2,64,41,913.06,0,0,0
TX_009097,1448.24,4,66,70,753.32,0,0,0
TX_009098,435.81,6,47,24,725.25,0,0,0
TX_009099,4683.15,2,32,18,192.49,0,0,0
TX_009100,1894.09,3,20,74,833.99,0,0,0
TX_009101,2884.15,16,66,56,40.7,0,0,0
TX_009102,3961.06,2,30,15,757.36,0,0,0
TX_009103,1624.95,22,76,98,210.87,0,0,0
TX_009104,3582.24,3,26,72,487.26,0,0,0
TX_009105,681.42,1,77,35,695.23,0,0,0
TX_009106,1460.01,13,30,27,759.08,1,0,0
TX_009107,727.83,4,33,89,888.08,0,0,0
TX_009108,4057.1,20,68,3,282.59,0,1,0
TX_009109,1117.13,1,31,21,224.32,0,0,0
TX_009110,3588.43,14,25,39,996.25,0,1,0
TX_009111,4716.78,10,71,32,207.56,0,0,0
TX_009112,2641.22,21,36,50,665.48,0,1,0
TX_009113,2702.45,9,74,85,952.74,0,0,0
TX_009114,2307.86,19,73,9,896.56,0,0,0
TX_009115,1632.82,0,49,50,443.26,0,0,0
TX_009116,2380.9,18,52,1,637.58,0,0,0
TX_009117,3016.02,13,40,4,529.1,1,0,0
TX_009118,4930.03,22,38,4,346.66,0,0,0
TX_009119,4689.13,21,35,90,144.42,0,0,0
TX_009120,4311.45,13,65,34,803.39,0,0,0
TX_009121,4446.21,0,31,27,90.44,0,0,0
TX_009122,2341.91,8,33,15,609.63,0,0,0
TX_009123,3288.93,16,41,32,594.37,0,0,0
TX_009124,4475.86,13,66,41,334.82,0,0,0
TX_009125,1967.79,12,69,71,135.41,0,0,0
TX_009126,4809.0,12,49,61,799.64,0,0,0
TX_009127,2081.85,5,28,63,461.92,0,0,0
TX_009128,3007.41,6,62,61,725.27,0,0,0
TX_009129,3550.47,1,28,14,16.49,0,0,0
TX_009130,4753.21,7,77,23,74.5,0,0,0
TX_009131,1226.86,23,78,65,175.85,0,0,0
TX_009132,3731.92,5,21,32,113.84,0,0,0
TX_009133,2606.47,2,78,41,191.71,0,0,0
TX_009134,1346.44,17,43,26,686.49,0,0,0
TX_009135,3884.15,17,63,48,47.0,0,0,0
TX_009136,2763.35,21,22,73,37.87,0,0,0
TX_009137,3306.56,22,53,16,31.65,0,0,0
TX_009138,1617.89,5,50,31,697.65,0,0,0
TX_009139,2408.96,10,31,66,536.14,1,0,0
TX_009140,3088.68,2,49,32,370.24,0,0,0
TX_009141,2027.53,15,24,10,675.61,0,0,0
TX_009142,995.87,4,27,25,553.6,0,0,0
TX_009143,4808.39,23,76,82,7.33,0,0,0
TX_009144,2559.78,21,19,98,838.55,0,0,0
TX_009145,3670.93,1,27,93,350.18,0,0,0
TX_009146,2058.18,14,52,45,399.56,1,0,0
TX_009147,1778.88,15,38,24,782.29,0,0,0
TX_009148,2038.79,6,57,3,187.09,0,0,0
TX_009149,2048.94,15,59,62,10.07,0,0,0
TX_009150,2723.18,23,25,79,908.84,0,0,0
TX_009151,2719.63,3,63,67,505.48,0,0,0
TX_009152,2488.28,15,35,55,349.53,1,0,0
TX_009153,678.25,16,26,95,819.05,0,0,0
TX_009154,2482.9,1,71,10,26.29,0,0,0
TX_009155,849.67,15,58,55,202.29,1,0,0
TX_009156,635.05,3,47,22,155.29,0,0,0
TX_009157,4663.57,6,21,14,737.83,0,0,0
TX_009158,3026.73,17,52,73,312.09,0,0,0
TX_009159,3299.15,5,31,82,772.91,0,0,0
TX_009160,2011.96,17,31,8,41.48,0,0,0
TX_009161,4545.36,6,70,15,608.12,0,0,0
TX_009162,3191.46,1,65,15,318.22,0,0,0
TX_009163,3847.0,18,54,52,186.92,0,0,0
TX_009164,1845.97,8,37,70,816.76,0,0,0
TX_009165,4800.26,3,46,54,412.25,0,0,0
TX_009166,4103.2,13,40,76,571.63,1,0,0
TX_009167,4270.47,4,73,42,33.08,0,0,0
TX_009168,865.11,6,64,19,791.62,0,0,0
TX_009169,1358.46,7,38,40,286.88,0,0,0
TX_009170,1431.7,14,48,69,693.41,0,0,0
TX_009171,1358.19,18,49,27,760.47,0,0,0
TX_009172,4277.76,10,58,74,117.12,0,1,0
TX_009173,164.26,19,24,43,295.9,0,0,0
TX_009174,385.12,22,30,52,723.44,0,0,0
TX_009175,1373.2,3,78,46,232.18,0,0,0
TX_009176,1003.37,17,40,14,848.17,1,0,0
TX_009177,1163.14,13,25,64,311.97,0,0,0
TX_009178,3990.73,5,29,61,402.33,0,0,0
TX_009179,2817.82,15,53,98,99.74,0,0,0
TX_009180,33.82,17,33,58,147.68,0,1,0
TX_009181,2149.47,0,43,49,275.42,0,0,0
TX_009182,2042.39,7,46,79,48.91,0,0,0
TX_009183,574.16,0,46,29,193.03,0,0,0
TX_009184,3382.33,0,23,26,408.94,0,0,0
TX_009185,3511.98,18,54,27,379.96,0,0,0
TX_009186,3605.86,20,50,67,198.69,0,0,0
TX_009187,3643.71,9,48,67,80.45,0,0,0
TX_009188,5.26,17,63,35,318.15,0,0,0
TX_009189,4769.83,11,78,60,745.35,0,1,0
TX_009190,4071.97,16,58,61,510.1,0,0,0
TX_009191,4520.39,0,35,99,946.8,0,0,0
TX_009192,83.14,7,55,70,139.89,0,0,0
TX_009193,4669.62,9,64,78,207.32,0,1,0
TX_009194,4049.89,9,48,90,280.3,0,0,0
TX_009195,4186.91,17,33,3,13.0,1,0,0
TX_009196,470.97,8,57,33,943.38,0,0,0
TX_009197,3695.2,1,68,42,445.36,0,0,0
TX_009198,4799.78,2,54,13,481.65,0,0,0
TX_009199,3394.34,1,31,29,157.86,0,1,0
TX_009200,2854.95,5,56,9,872.7,1,0,0
TX_009201,4728.42,22,21,32,692.63,0,0,0
TX_009202,2217.47,11,47,22,431.36,0,0,0
TX_009203,2998.47,21,77,86,877.97,0,0,0
TX_009204,2384.31,18,70,58,905.46,0,0,0
TX_009205,4664.57,14,50,57,49.48,0,0,0
TX_009206,385.04,18,53,98,119.32,0,0,0
TX_009207,2508.09,11,47,10,27.63,0,0,0
TX_009208,3436.33,17,31,25,581.73,0,1,0
TX_009209,3960.57,15,40,62,217.94,0,0,0
TX_009210,2917.18,1,65,63,844.93,0,0,0
TX_009211,4545.04,10,45,76,465.91,0,0,0
TX_009212,4710.25,11,75,3,837.71,0,0,0
TX_009213,326.27,4,24,83,555.61,1,0,0
TX_009214,2014.84,23,59,97,796.17,1,0,0
TX_009215,122.18,5,27,47,371.86,0,0,0
TX_009216,1650.44,10,21,55,945.39,0,0,0
TX_009217,2686.66,20,61,26,667.16,0,0,0
TX_009218,4554.42,9,55,13,595.49,0,0,0
TX_009219,4233.54,3,30,7,352.36,0,0,0
TX_009220,641.86,8,38,34,937.18,0,0,0
TX_009221,469.69,11,50,22,337.73,0,0,0
TX_009222,2948.39,9,57,84,835.86,0,0,0
TX_009223,2662.93,13,45,23,404.31,0,0,0
TX_009224,1335.56,4,40,48,767.18,0,0,0
TX_009225,4497.77,0,49,14,911.88,0,0,0
TX_009226,4637.2,4,65,94,465.61,0,0,0
TX_009227,2016.04,15,22,87,526.14,0,0,0
TX_009228,4452.06,4,78,52,330.34,0,0,0
TX_009229,1922.82,4,75,83,54.7,0,0,0
TX_009230,3685.4,17,43,39,652.48,0,0,0
TX_009231,2382.33,5,56,41,119.64,0,0,0
TX_009232,617.3,20,43,36,354.06,0,0,0
TX_009233,4640.03,17,20,6,349.49,0,0,0
TX_009234,2273.21,9,41,23,151.0,0,0,0
TX_009235,3673.76,14,70,10,666.71,0,0,0
TX_009236,1839.03,23,51,99,174.6,0,0,0
TX_009237,99.31,21,51,85,778.34,0,0,0
TX_009238,507.15,10,37,96,249.28,0,0,0
TX_009239,2483.62,18,72,60,287.29,0,0,0
TX_009240,3451.37,12,47,30,343.73,0,0,0
TX_009241,1677.0,19,59,97,152.75,0,0,0
TX_009242,3478.96,2,37,70,434.26,0,1,0
TX_009243,3494.68,15,58,5,80.33,0,0,0
TX_009244,3521.16,6,35,79,427.12,0,1,0
TX_009245,2465.15,11,55,57,339.91,0,0,0
TX_009246,4574.86,14,37,43,338.27,0,0,0
TX_009247,2448.54,7,23,52,660.67,1,0,0
TX_009248,2254.07,22,75,89,769.02,0,0,0
TX_009249,1000.91,16,74,77,356.0,0,0,0
TX_009250,1541.74,0,59,6,262.01,1,0,0
TX_009251,216.46,20,77,2,494.35,0,1,0
TX_009252,3169.51,7,42,17,787.72,0,0,0
TX_009253,1246.44,13,58,88,644.57,0,0,0
TX_009254,1524.26,9,58,12,38.0,0,0,0
TX_009255,3855.22,18,20,44,479.93,0,0,0
TX_009256,1639.47,7,61,54,990.97,1,0,0
TX_009257,1214.77,18,60,78,353.13,0,0,0
TX_009258,849.44,3,63,7,440.72,0,1,0
TX_009259,3875.42,9,74,90,287.41,1,0,0
TX_009260,652.88,22,36,32,497.69,0,1,0
TX_009261,2271.5,2,27,29,160.92,0,0,0
TX_009262,2537.12,3,68,46,247.01,0,0,0
TX_009263,3438.51,15,22,73,711.74,0,0,0
TX_009264,3168.25,23,39,78,138.29,0,0,0
TX_009265,4054.55,3,26,53,926.14,0,1,1
TX_009266,228.53,19,50,81,307.96,0,0,0
TX_009267,1485.72,19,32,25,575.03,0,0,0
TX_009268,1404.27,12,41,53,321.83,1,0,0
TX_009269,734.35,20,47,94,478.03,0,0,0
TX_009270,1449.45,16,79,29,903.8,0,0,0
TX_009271,1552.28,22,53,93,68.58,0,0,0
TX_009272,2611.81,15,75,82,856.34,0,0,0
TX_009273,3320.2,16,56,95,557.57,0,0,0
TX_009274,1908.6,5,23,83,665.07,0,0,0
TX_009275,3598.75,2,32,81,55.89,0,0,0
TX_009276,1684.15,19,55,6,761.4,0,0,0
TX_009277,1454.97,23,56,76,127.78,0,0,0
TX_009278,2708.23,3,69,38,964.82,0,0,0
TX_009279,123.46,7,39,3,799.29,0,0,0
TX_009280,403.55,19,20,35,492.87,0,0,0
TX_009281,2092.76,8,70,55,924.17,0,0,0
TX_009282,4714.85,21,46,47,169.07,0,0,0
TX_009283,3608.95,0,46,33,991.66,1,0,1
TX_009284,445.19,12,79,93,716.82,0,0,0
TX_009285,4232.36,1,48,3,98.38,0,0,0
TX_009286,3662.84,22,62,69,536.59,0,0,0
TX_009287,3056.68,9,19,59,710.88,0,0,0
TX_009288,4102.36,22,52,78,613.02,0,0,0
TX_009289,2023.53,18,62,92,423.95,0,0,0
TX_009290,1111.4,16,26,96,248.14,0,0,0
TX_009291,2562.56,23,39,18,238.23,0,0,0
TX_009292,2746.46,12,36,77,926.95,0,1,0
TX_009293,2693.94,13,67,66,234.74,0,0,0
TX_009294,2827.54,10,54,25,962.41,0,0,0
TX_009295,4743.78,9,27,20,210.23,0,0,0
TX_009296,4511.72,6,63,71,384.28,0,0,0
TX_009297,4379.21,9,38,75,12.32,0,0,0
TX_009298,4008.08,23,34,69,903.14,0,0,0
TX_009299,4717.42,0,20,29,104.35,0,0,0
TX_009300,496.98,13,24,18,357.33,0,0,0
TX_009301,1329.29,2,58,72,842.52,0,0,0
TX_009302,2477.8,12,54,27,791.9,0,0,0
TX_009303,4233.44,1,53,42,841.5,0,0,0
TX_009304,2528.3,16,20,66,914.11,0,0,0
TX_009305,3741.43,20,75,99,911.07,0,0,0
TX_009306,699.1,2,30,26,770.5,0,0,0
TX_009307,1265.81,14,58,23,582.42,0,0,0
TX_009308,3660.22,7,47,5,561.55,0,0,0
TX_009309,827.85,5,40,80,12.92,0,0,0
TX_009310,1760.02,8,77,11,722.57,0,0,0
TX_009311,1328.01,10,24,19,226.68,0,1,0
TX_009312,1752.56,21,47,80,828.7,0,0,0
TX_009313,3543.08,1,46,96,553.8,0,0,0
TX_009314,1842.4,8,25,12,987.25,0,0,0
TX_009315,2778.54,17,27,2,210.27,1,0,0
TX_009316,504.16,18,50,43,723.47,0,0,0
TX_009317,4026.06,21,76,22,547.53,0,0,0
TX_009318,1852.59,17,37,26,931.81,0,0,0
TX_009319,3244.43,4,46,33,265.99,0,0,0
TX_009320,3628.32,17,46,24,59.44,0,0,0
TX_009321,1052.26,11,70,69,543.87,1,0,0
TX_009322,4423.95,3,38,21,521.61,0,0,0
TX_009323,3083.04,14,18,46,311.71,1,0,0
TX_009324,2146.48,10,68,18,986.54,0,0,0
TX_009325,915.76,18,51,5,69.71,0,0,0
TX_009326,4711.79,4,61,8,569.52,0,0,0
TX_009327,3776.57,5,72,85,260.22,0,0,0
TX_009328,1044.08,12,49,57,1.91,0,0,0
TX_009329,1691.87,22,62,5,987.85,0,0,0
TX_009330,4049.32,9,31,13,481.61,0,0,0
TX_009331,3479.91,23,54,83,857.19,0,1,0
TX_009332,3830.09,13,52,93,840.07,0,0,0
TX_009333,2208.8,3,76,66,812.28,0,0,0
TX_009334,3583.8,19,41,37,459.02,1,0,0
TX_009335,1935.54,22,66,90,895.93,0,0,0
TX_009336,1060.26,11,18,29,367.27,0,0,0
TX_009337,3165.22,14,63,69,408.39,0,0,0
TX_009338,4880.19,9,23,32,255.71,0,0,0
TX_009339,1556.45,10,66,48,448.09,0,0,0
TX_009340,2307.54,8,21,2,986.5,0,0,0
TX_009341,3371.64,10,55,69,573.24,0,0,0
TX_009342,2709.82,1,18,97,831.1,0,0,0
TX_009343,4217.92,12,78,51,263.34,1,0,0
TX_009344,3809.9,21,58,35,955.92,1,0,0
TX_009345,296.19,7,48,83,13.17,0,0,0
TX_009346,4992.11,20,53,15,930.25,0,1,1
TX_009347,3763.25,20,26,99,898.0,1,1,1
TX_009348,4320.2,7,58,72,67.36,0,1,0
TX_009349,3257.73,0,78,65,604.85,1,1,1
TX_009350,4282.14,5,71,38,785.24,0,0,0
TX_009351,566.35,12,62,86,403.81,0,0,0
TX_009352,1741.95,8,40,17,91.86,0,0,0
TX_009353,4382.72,5,48,80,829.4,0,0,0
TX_009354,1012.27,14,46,45,466.5,1,0,0
TX_009355,395.82,22,66,1,263.25,0,0,0
TX_009356,3941.65,15,38,3,70.86,0,1,0
TX_009357,4178.25,3,20,70,640.17,0,0,0
TX_009358,817.45,16,75,52,42.3,0,0,0
TX_009359,4272.46,8,43,53,791.09,0,0,0
TX_009360,3435.41,11,78,3,770.75,0,0,0
TX_009361,2602.81,21,23,94,322.94,0,0,0
TX_009362,4152.1,18,37,47,472.29,0,0,0
TX_009363,2099.15,19,64,75,669.22,0,0,0
TX_009364,974.0,11,78,91,959.12,0,0,0
TX_009365,1427.84,21,63,86,520.15,0,0,0
TX_009366,2528.29,5,30,6,996.68,0,0,0
TX_009367,2659.0,11,58,46,325.11,0,1,0
TX_009368,4028.88,8,40,95,526.49,0,0,0
TX_009369,3957.81,19,32,61,115.62,0,0,0
TX_009370,2908.93,4,63,43,556.44,0,0,0
TX_009371,3905.02,20,48,56,536.31,0,0,0
TX_009372,962.91,2,21,70,848.81,0,0,0
TX_009373,255.07,1,78,20,996.55,0,1,0
TX_009374,4368.8,7,28,47,986.18,0,0,0
TX_009375,382.39,9,71,54,236.3,0,0,0
TX_009376,1237.21,14,19,41,338.45,0,0,0
TX_009377,3478.12,8,79,75,274.66,0,0,0
TX_009378,2050.19,9,33,66,199.68,0,0,0
TX_009379,4382.19,10,68,31,150.14,0,0,0
TX_009380,1493.41,8,48,64,511.74,0,0,0
TX_009381,64.3,13,65,90,872.5,0,0,0
TX_009382,1506.77,4,76,91,589.87,0,0,0
TX_009383,2892.48,8,56,58,872.66,0,0,0
TX_009384,1882.81,3,60,55,959.49,0,0,0
TX_009385,2676.69,1,61,46,383.14,0,0,0
TX_009386,4383.61,18,21,95,835.67,0,0,0
TX_009387,4562.86,0,79,24,52.34,0,1,0
TX_009388,1333.54,20,65,77,481.07,0,0,0
TX_009389,2313.39,0,45,89,368.3,0,0,0
TX_009390,2747.97,11,75,37,204.85,0,0,0
TX_009391,4745.82,10,33,41,438.39,0,0,0
TX_009392,4993.09,0,56,25,443.7,0,0,0
TX_009393,1180.86,13,42,29,808.54,0,0,0
TX_009394,3636.26,10,79,31,868.92,0,0,0
TX_009395,1893.27,6,30,2,656.95,0,1,0
TX_009396,45.5,1,22,12,633.39,0,0,0
TX_009397,51.22,14,47,5,110.18,0,0,0
TX_009398,2305.53,7,18,61,575.26,0,0,0
TX_009399,2444.23,21,22,91,274.44,1,0,0
TX_009400,117.74,19,71,56,294.76,0,0,0
TX_009401,3436.2,14,31,98,94.77,0,0,0
TX_009402,1473.55,7,28,78,635.87,0,0,0
TX_009403,2801.67,9,51,71,583.81,1,1,0
TX_009404,1508.09,18,73,37,220.27,1,0,0
TX_009405,839.84,2,46,36,263.04,0,1,0
TX_009406,2038.83,19,35,74,773.0,0,0,0
TX_009407,1165.21,13,32,29,792.93,0,0,0
TX_009408,2676.33,8,63,80,493.08,0,0,0
TX_009409,998.15,8,42,38,149.0,0,0,0
TX_009410,2544.49,20,47,85,55.59,0,0,0
TX_009411,791.11,5,62,41,271.47,0,0,0
TX_009412,3356.52,7,19,33,731.19,0,0,0
TX_009413,3770.92,10,68,93,600.82,0,0,0
TX_009414,556.42,7,57,81,718.11,0,1,0
TX_009415,2341.67,11,44,13,471.75,1,0,0
TX_009416,359.0,9,71,6,754.71,0,0,0
TX_009417,2992.92,22,66,66,480.81,0,0,0
TX_009418,1325.7,3,32,8,84.01,0,0,0
TX_009419,2640.48,15,49,64,79.86,0,1,0
TX_009420,2589.72,19,37,96,831.5,0,1,0
TX_009421,4622.15,5,70,9,629.62,0,0,0
TX_009422,2747.67,8,31,23,279.13,0,1,0
TX_009423,2917.08,22,44,71,757.18,0,0,0
TX_009424,2011.26,4,20,95,135.74,0,0,0
TX_009425,4745.65,20,66,21,645.24,1,0,0
TX_009426,3887.04,23,20,1,989.49,0,0,0
TX_009427,1430.6,5,30,46,150.02,0,0,0
TX_009428,4221.83,16,42,62,141.94,0,0,0
TX_009429,2164.82,16,35,2,467.83,0,0,0
TX_009430,4144.19,23,18,75,642.66,0,1,0
TX_009431,4115.33,21,56,82,26.55,0,0,0
TX_009432,948.41,12,78,44,499.67,0,0,0
TX_009433,3507.2,16,72,88,83.17,0,0,0
TX_009434,1456.76,13,22,83,241.32,1,0,0
TX_009435,1490.98,1,19,5,712.4,0,0,0
TX_009436,1485.26,18,47,93,738.86,0,0,0
TX_009437,3629.21,2,34,39,729.73,0,0,0
TX_009438,1152.98,1,46,66,65.15,0,0,0
TX_009439,9.52,1,70,81,786.76,0,0,0
TX_009440,3577.61,21,59,45,432.21,0,0,0
TX_009441,860.07,6,21,75,475.31,0,0,0
TX_009442,526.89,3,26,13,419.69,0,0,0
TX_009443,1191.39,16,38,93,857.02,0,0,0
TX_009444,1902.6,5,60,32,679.97,0,0,0
TX_009445,2382.15,6,75,43,500.03,1,0,0
TX_009446,227.63,19,29,8,834.29,0,1,0
TX_009447,4853.01,5,29,74,805.36,0,0,0
TX_009448,3581.73,8,67,89,5.04,0,0,0
TX_009449,1619.35,19,21,59,478.88,0,0,0
TX_009450,1596.89,3,78,11,42.25,1,0,0
TX_009451,2245.47,4,45,28,307.19,0,0,0
TX_009452,3133.09,18,26,97,803.84,0,0,0
TX_009453,736.13,9,57,39,944.05,0,0,0
TX_009454,948.7,17,68,26,242.07,1,0,0
TX_009455,4297.88,14,73,72,21.43,0,0,0
TX_009456,1284.99,0,49,26,402.34,0,0,0
TX_009457,1904.07,4,30,32,335.12,1,0,0
TX_009458,4357.0,4,51,46,676.97,0,0,0
TX_009459,3317.42,7,36,28,495.06,0,1,0
TX_009460,1711.85,21,31,7,398.85,0,0,0
TX_009461,3420.08,21,22,35,229.56,0,0,0
TX_009462,103.32,21,44,66,828.48,0,0,0
TX_009463,3679.54,19,45,22,248.39,0,1,0
TX_009464,2437.65,14,79,22,54.73,0,0,0
TX_009465,4066.84,16,43,3,564.61,0,0,0
TX_009466,4773.42,18,27,46,317.35,0,0,0
TX_009467,4629.31,12,41,50,712.44,1,0,0
TX_009468,4546.78,21,34,8,80.87,0,1,0
TX_009469,2563.29,20,69,4,966.31,0,1,0
TX_009470,1803.91,9,33,15,186.86,0,1,0
TX_009471,2327.85,16,34,44,357.06,0,0,0
TX_009472,3451.03,4,18,39,480.95,1,1,1
TX_009473,4420.57,17,77,76,890.12,0,0,0
TX_009474,1038.9,16,38,29,722.54,0,0,0
TX_009475,4591.37,3,71,73,144.83,0,0,0
TX_009476,4076.83,21,64,62,438.61,0,0,0
TX_009477,4894.39,6,66,84,542.91,0,0,0
TX_009478,4401.86,4,60,34,702.13,0,0,0
TX_009479,1403.29,7,39,26,571.81,0,0,0
TX_009480,534.25,7,22,85,457.33,0,0,0
TX_009481,565.64,10,53,87,765.55,0,0,0
TX_009482,1459.66,8,75,18,378.06,0,0,0
TX_009483,3072.85,18,38,63,987.17,0,0,0
TX_009484,4022.58,18,73,52,947.78,0,0,0
TX_009485,4496.76,8,26,54,707.38,0,0,0
TX_009486,3120.65,22,44,88,882.61,1,0,0
TX_009487,33.13,19,65,42,393.18,0,0,0
TX_009488,935.65,16,79,93,581.47,0,0,0
TX_009489,503.13,15,29,54,272.66,0,1,0
TX_009490,1819.81,6,35,52,885.64,0,0,0
TX_009491,2509.25,21,71,13,471.03,0,0,0
TX_009492,221.77,2,52,32,536.14,1,0,0
TX_009493,1745.65,20,32,83,864.57,1,0,0
TX_009494,900.0,18,67,81,797.28,0,1,0
TX_009495,3237.12,7,61,66,321.74,0,1,0
TX_009496,2324.04,4,47,82,87.43,0,0,0
TX_009497,2479.11,5,62,58,162.09,0,0,0
TX_009498,2141.32,1,50,39,339.1,0,1,0
TX_009499,4780.32,23,53,27,305.29,0,0,0
TX_009500,1077.6,18,57,78,38.31,0,0,0
TX_009501,2585.74,12,68,54,432.07,1,0,0
TX_009502,3681.41,5,70,79,105.85,0,1,0
TX_009503,2786.44,5,47,72,220.89,0,0,0
TX_009504,4645.46,1,43,73,787.48,0,0,0
TX_009505,1892.95,23,38,85,494.88,0,0,0
TX_009506,2321.06,4,54,43,372.95,0,0,0
TX_009507,447.17,10,60,99,185.44,0,0,0
TX_009508,3046.95,10,74,52,866.28,0,0,0
TX_009509,1444.62,23,48,14,903.69,0,0,0
TX_009510,805.74,13,73,91,518.68,0,0,0
TX_009511,2724.93,12,73,8,921.27,0,0,0
TX_009512,2663.89,7,78,35,464.79,0,0,0
TX_009513,383.98,14,78,18,107.24,0,1,0
TX_009514,3492.59,11,34,55,17.04,0,0,0
TX_009515,3120.74,2,34,78,128.38,0,0,0
TX_009516,949.14,20,51,52,622.66,0,0,0
TX_009517,2349.83,22,79,72,320.91,0,0,0
TX_009518,3603.01,4,41,49,648.31,0,0,0
TX_009519,2649.53,5,75,8,507.98,0,0,0
TX_009520,1980.47,1,50,37,333.01,0,0,0
TX_009521,1615.08,7,21,66,218.68,0,0,0
TX_009522,3053.92,4,26,81,81.04,0,0,0
TX_009523,4695.85,21,19,77,782.39,0,0,0
TX_009524,3360.37,16,52,78,819.0,1,0,0
TX_009525,378.36,1,76,41,541.45,1,0,0
TX_009526,2306.12,10,55,73,157.09,1,0,0
TX_009527,4454.67,3,62,27,263.53,0,0,0
TX_009528,476.84,10,32,20,955.15,0,0,0
TX_009529,4944.43,8,60,38,225.94,0,0,0
TX_009530,4745.6,5,59,12,56.8,0,1,0
TX_009531,395.98,23,20,42,550.05,0,0,0
TX_009532,4667.4,1,48,86,261.91,0,1,0
TX_009533,1818.85,14,69,50,957.43,0,0,0
TX_009534,4224.32,4,58,31,574.77,1,0,1
TX_009535,2094.82,11,74,77,965.81,1,0,0
TX_009536,2207.07,12,59,65,785.58,1,0,0
TX_009537,3173.04,16,70,53,723.08,1,0,0
TX_009538,3873.51,3,72,40,830.36,0,0,0
TX_009539,173.78,9,74,73,604.89,0,0,0
TX_009540,2967.81,0,73,39,11.12,1,0,0
TX_009541,937.73,10,76,10,392.46,0,0,0
TX_009542,1733.02,15,40,29,219.02,0,0,0
TX_009543,1743.1,10,29,40,434.31,0,0,0
TX_009544,2347.96,8,25,30,470.55,1,0,0
TX_009545,1674.01,1,70,2,127.83,0,0,0
TX_009546,541.27,6,38,82,23.43,0,0,0
TX_009547,732.42,18,38,28,138.2,0,0,0
TX_009548,172.02,17,49,47,857.43,0,0,0
TX_009549,2353.89,19,34,32,755.85,0,1,0
TX_009550,4772.47,6,71,88,798.89,0,0,0
TX_009551,582.8,22,54,78,276.31,0,0,0
TX_009552,4731.59,8,41,89,236.1,0,0,0
TX_009553,3668.14,11,25,89,37.37,1,0,0
TX_009554,3189.31,2,35,32,472.27,0,0,0
TX_009555,3228.16,22,28,27,382.41,0,0,0
TX_009556,4134.5,21,71,54,835.89,0,0,0
TX_009557,539.06,15,77,96,681.87,0,0,0
TX_009558,2526.25,6,76,56,144.29,0,0,0
TX_009559,3486.97,22,27,31,987.16,0,0,0
TX_009560,2936.17,4,43,24,770.64,0,0,0
TX_009561,4164.73,22,64,35,720.24,0,1,0
TX_009562,366.0,6,23,30,216.62,1,0,0
TX_009563,3455.05,18,68,97,905.16,0,0,0
TX_009564,2672.47,16,34,55,473.92,0,0,0
TX_009565,1898.91,15,40,64,297.66,0,0,0
TX_009566,1704.67,20,59,33,654.83,0,1,0
TX_009567,3106.06,23,54,46,211.75,0,0,0
TX_009568,4455.52,20,45,91,907.57,0,0,0
TX_009569,2483.4,18,33,97,854.34,0,0,0
TX_009570,4124.49,17,29,33,464.91,0,0,0
TX_009571,2013.77,18,75,68,190.66,0,0,0
TX_009572,516.46,3,38,64,496.5,0,0,0
TX_009573,312.22,0,76,30,149.14,1,0,0
TX_009574,261.42,3,41,79,269.85,1,0,0
TX_009575,1903.85,3,45,29,482.73,1,0,0
TX_009576,1689.5,8,54,62,21.14,0,0,0
TX_009577,3591.1,7,38,92,765.72,0,0,0
TX_009578,3715.39,1,50,96,196.91,0,0,0
TX_009579,259.02,22,19,30,866.61,1,0,0
TX_009580,1109.51,5,54,12,22.26,0,0,0
TX_009581,1374.94,22,72,67,532.13,0,0,0
TX_009582,2740.32,10,36,15,776.65,0,0,0
TX_009583,726.85,3,45,10,237.95,0,0,0
TX_009584,674.04,13,32,86,707.55,0,0,0
TX_009585,4719.23,20,18,61,720.87,0,0,0
TX_009586,4021.99,21,60,23,637.84,0,0,0
TX_009587,907.37,8,45,11,364.25,0,0,0
TX_009588,2035.81,1,67,16,785.06,0,1,0
TX_009589,1781.33,0,52,49,628.43,0,0,0
TX_009590,3956.07,3,49,80,590.39,0,0,0
TX_009591,2553.51,11,45,14,819.16,0,0,0
TX_009592,643.61,4,26,6,244.64,0,0,0
TX_009593,3696.27,8,41,42,232.49,1,0,0
TX_009594,1987.46,21,21,17,386.45,0,1,0
TX_009595,1318.31,3,73,95,73.13,0,0,0
TX_009596,1880.62,15,62,42,337.39,0,0,0
TX_009597,2491.29,1,58,10,406.27,0,1,0
TX_009598,1718.86,15,20,46,495.06,0,0,0
TX_009599,1213.32,15,65,84,254.01,0,0,0
TX_009600,1995.52,20,39,49,906.84,0,0,0
TX_009601,100.77,23,57,9,285.08,0,0,0
TX_009602,3863.63,23,75,79,851.55,1,0,0
TX_009603,858.87,21,56,39,444.95,0,0,0
TX_009604,224.3,10,74,2,718.16,0,0,0
TX_009605,3270.22,0,72,68,110.9,0,1,0
TX_009606,3870.81,14,66,52,544.64,0,0,0
TX_009607,4070.08,23,42,88,960.83,0,0,0
TX_009608,2470.08,3,77,82,666.25,0,1,0
TX_009609,1030.81,17,65,11,820.29,0,0,0
TX_009610,3687.45,16,70,37,261.07,0,0,0
TX_009611,3500.07,6,39,90,800.17,0,0,0
TX_009612,1235.12,17,67,72,351.25,0,0,0
TX_009613,4517.52,12,65,22,485.08,0,0,0
TX_009614,526.34,19,64,52,187.96,0,0,0
TX_009615,4913.53,19,51,5,485.7,0,0,0
TX_009616,4301.94,9,78,2,515.7,0,0,0
TX_009617,3441.05,0,37,5,622.33,0,0,0
TX_009618,4694.06,1,53,99,868.63,0,0,0
TX_009619,3612.94,16,54,32,304.85,0,0,0
TX_009620,956.33,21,56,19,984.14,0,0,0
TX_009621,2213.57,2,78,4,847.69,0,0,0
TX_009622,362.16,16,44,87,402.92,0,0,0
TX_009623,1951.34,11,77,46,226.66,0,0,0
TX_009624,3709.31,23,64,83,71.49,0,0,0
TX_009625,1935.28,11,66,26,234.36,0,0,0
TX_009626,1654.82,19,49,50,884.52,0,0,0
TX_009627,2978.8,9,59,26,292.03,0,0,0
TX_009628,4361.66,6,69,71,137.98,0,0,0
TX_009629,242.68,9,46,32,22.67,0,0,0
TX_009630,1930.42,17,58,97,297.68,0,0,0
TX_009631,795.41,21,65,44,216.15,0,0,0
TX_009632,3478.29,5,49,26,102.2,0,0,0
TX_009633,533.09,6,41,61,951.09,0,0,0
TX_009634,3325.71,16,20,88,267.62,1,0,0
TX_009635,1434.47,11,71,51,6.18,0,0,0
TX_009636,998.59,16,44,59,944.28,0,0,0
TX_009637,4682.08,17,26,87,578.51,0,0,0
TX_009638,97.53,13,57,38,82.81,0,0,0
TX_009639,2191.7,10,40,26,31.42,0,0,0
TX_009640,113.03,1,24,45,107.85,0,0,0
TX_009641,2420.55,20,34,31,591.49,0,0,0
TX_009642,2507.73,0,54,70,61.87,0,0,0
TX_009643,1611.7,10,24,45,568.14,1,0,0
TX_009644,665.15,1,47,31,652.54,0,0,0
TX_009645,1885.06,15,30,61,147.58,0,0,0
TX_009646,3362.95,21,35,48,488.43,0,0,0
TX_009647,3913.07,2,48,45,963.88,0,0,0
TX_009648,2656.1,19,39,60,836.49,0,0,0
TX_009649,2951.22,0,31,61,723.36,0,0,0
TX_009650,1007.08,20,35,52,517.74,0,1,0
TX_009651,1440.22,19,52,52,394.27,0,0,0
TX_009652,813.67,7,34,76,451.43,0,0,0
TX_009653,1250.23,18,36,81,764.61,1,0,0
TX_009654,1128.31,0,48,62,554.3,0,0,0
TX_009655,2599.65,4,56,26,764.65,0,0,0
TX_009656,2815.63,0,70,67,969.87,0,0,0
TX_009657,4725.01,10,53,79,640.51,0,0,0
TX_009658,981.88,20,32,49,603.1,0,0,0
TX_009659,3210.17,8,46,88,406.16,0,0,0
TX_009660,4087.21,4,77,94,196.75,0,0,0
TX_009661,2803.41,1,73,44,374.2,0,0,0
TX_009662,1278.74,12,57,36,520.1,0,0,0
TX_009663,1316.44,17,33,53,34.86,0,0,0
TX_009664,201.07,11,50,44,475.81,1,0,0
TX_009665,1530.69,13,42,91,862.15,0,0,0
TX_009666,3724.3,4,33,22,976.62,0,0,0
TX_009667,242.35,23,47,2,855.55,0,1,0
TX_009668,1100.38,9,74,7,171.98,0,0,0
TX_009669,3532.63,19,51,16,155.01,0,1,0
TX_009670,3914.34,1,19,88,393.31,0,0,0
TX_009671,2279.32,3,57,94,225.43,0,0,0
TX_009672,3491.88,11,61,44,675.99,1,0,0
TX_009673,1942.82,10,60,65,84.56,1,0,0
TX_009674,803.77,3,55,91,443.72,0,1,0
TX_009675,1993.76,10,68,73,280.36,0,1,0
TX_009676,2901.94,8,77,71,595.4,0,0,0
TX_009677,4740.53,9,35,69,797.07,1,0,1
TX_009678,348.41,5,22,61,923.56,0,1,0
TX_009679,2539.43,14,64,30,963.85,0,0,0
TX_009680,1647.95,9,57,42,351.19,0,0,0
TX_009681,2544.02,21,23,91,855.85,0,0,0
TX_009682,124.76,20,29,74,591.96,0,0,0
TX_009683,1568.56,5,68,25,692.26,0,0,0
TX_009684,4100.24,0,29,82,851.13,1,0,1
TX_009685,2771.94,20,29,71,130.11,0,0,0
TX_009686,2255.66,21,26,57,947.41,1,0,0
TX_009687,1431.2,23,73,95,547.4,0,1,0
TX_009688,1493.72,19,59,32,336.0,1,0,0
TX_009689,1918.59,20,39,50,338.73,0,0,0
TX_009690,4178.68,3,66,75,751.0,0,0,0
TX_009691,4836.23,22,67,10,678.66,1,1,1
TX_009692,2196.08,21,33,22,729.48,0,0,0
TX_009693,1969.8,13,21,95,253.0,0,0,0
TX_009694,4233.52,19,67,41,170.2,0,0,0
TX_009695,2137.39,21,20,47,721.86,0,0,0
TX_009696,2762.33,19,33,14,298.48,1,0,0
TX_009697,1158.55,7,31,3,222.44,0,0,0
TX_009698,3718.8,10,73,88,214.61,1,0,0
TX_009699,2662.28,14,58,78,148.4,1,0,0
TX_009700,4046.13,18,55,53,426.82,0,0,0
TX_009701,3904.76,7,21,16,260.95,0,1,0
TX_009702,1078.95,12,76,61,893.87,0,1,0
TX_009703,3579.6,17,19,28,689.14,0,0,0
TX_009704,4001.27,21,72,35,743.86,0,0,0
TX_009705,1733.81,23,27,2,403.61,0,0,0
TX_009706,867.18,16,28,61,600.21,0,0,0
TX_009707,18.15,5,56,56,500.8,1,0,0
TX_009708,2257.26,14,43,98,167.45,0,0,0
TX_009709,1765.4,12,74,55,47.85,0,0,0
TX_009710,2776.77,17,54,18,683.52,0,0,0
TX_009711,944.27,10,43,71,121.17,1,0,0
TX_009712,4299.03,12,21,49,57.35,0,0,0
TX_009713,1292.49,0,43,42,441.87,0,0,0
TX_009714,1136.02,17,55,7,738.03,0,0,0
TX_009715,2406.17,4,45,4,768.87,0,0,0
TX_009716,2496.76,5,19,43,873.47,0,0,0
TX_009717,1079.35,0,19,80,199.21,1,0,0
TX_009718,1362.94,6,33,59,985.62,0,0,0
TX_009719,852.68,3,77,49,763.21,0,0,0
TX_009720,3593.71,8,74,60,157.21,0,0,0
TX_009721,3851.59,14,40,6,840.72,0,0,0
TX_009722,2314.33,5,40,20,498.96,0,0,0
TX_009723,3571.86,16,30,31,66.55,0,1,0
TX_009724,3681.0,19,38,83,132.04,0,0,0
TX_009725,695.69,17,56,22,433.89,0,0,0
TX_009726,4831.06,21,42,85,530.51,0,0,0
TX_009727,4106.05,3,75,82,947.49,0,0,0
TX_009728,1026.39,8,54,32,215.71,0,0,0
TX_009729,934.89,13,74,47,474.1,0,0,0
TX_009730,632.68,2,66,34,225.89,0,0,0
TX_009731,696.2,0,30,27,558.4,0,0,0
TX_009732,3742.07,10,32,44,909.32,0,1,0
TX_009733,2350.92,0,45,30,567.75,0,1,0
TX_009734,3915.76,11,20,33,510.07,0,0,0
TX_009735,3732.54,8,40,27,750.13,1,0,0
TX_009736,3025.04,4,21,56,147.61,1,0,0
TX_009737,3433.4,14,64,23,905.61,0,0,0
TX_009738,96.69,17,67,43,577.63,1,0,0
TX_009739,1562.33,8,77,83,686.31,0,1,0
TX_009740,3190.92,12,79,54,818.96,0,0,0
TX_009741,51.68,12,20,95,635.04,0,0,0
TX_009742,169.72,23,56,68,641.21,0,0,0
TX_009743,4260.18,12,25,53,729.62,0,0,0
TX_009744,3421.7,9,60,83,52.24,0,0,0
TX_009745,1330.52,9,42,40,382.21,0,0,0
TX_009746,3441.37,21,71,60,962.94,1,0,0
TX_009747,3963.32,6,75,86,257.94,0,0,0
TX_009748,1537.44,21,58,9,542.26,0,0,0
TX_009749,185.01,4,69,95,175.43,0,0,0
TX_009750,4664.23,19,29,10,323.27,0,0,0
TX_009751,1729.17,6,22,10,717.08,0,0,0
TX_009752,536.88,19,50,30,643.09,0,0,0
TX_009753,2461.83,9,63,10,414.32,0,0,0
TX_009754,3843.5,9,42,58,938.08,0,0,0
TX_009755,1112.13,20,42,36,775.05,0,0,0
TX_009756,1351.1,23,74,82,267.92,0,0,0
TX_009757,1217.36,12,52,44,465.45,0,0,0
TX_009758,4958.41,14,78,57,878.03,0,0,0
TX_009759,991.03,5,32,43,22.46,0,0,0
TX_009760,2879.72,19,59,83,581.47,0,1,0
TX_009761,4626.7,11,43,23,231.96,0,0,0
TX_009762,738.75,18,27,4,63.82,0,0,0
TX_009763,4854.42,10,41,12,912.86,1,0,1
TX_009764,4737.65,5,52,49,816.28,0,0,0
TX_009765,4423.44,0,46,24,185.29,0,0,0
TX_009766,1076.71,1,55,13,836.95,0,0,0
TX_009767,3172.11,22,22,68,146.43,0,0,0
TX_009768,3805.65,14,41,91,476.16,1,0,0
TX_009769,4930.21,3,36,72,725.77,0,0,0
TX_009770,906.22,4,63,90,533.81,0,1,0
TX_009771,3831.3,14,66,34,850.78,0,0,0
TX_009772,1697.31,10,61,9,616.88,0,0,0
TX_009773,882.25,9,26,10,431.95,0,0,0
TX_009774,2109.78,16,43,65,925.16,0,0,0
TX_009775,3970.21,1,42,72,36.29,0,0,0
TX_009776,2326.92,19,52,74,488.4,0,0,0
TX_009777,2689.93,23,67,54,660.78,0,0,0
TX_009778,4975.82,9,53,43,836.06,0,0,0
TX_009779,1998.55,19,31,59,541.16,1,0,0
TX_009780,3078.93,2,73,89,885.52,0,0,0
TX_009781,1829.39,18,23,95,426.28,0,0,0
TX_009782,1966.96,4,49,59,317.13,0,0,0
TX_009783,3479.73,2,43,67,973.81,0,1,1
TX_009784,4689.75,7,32,61,667.18,0,0,0
TX_009785,2714.08,4,66,38,425.78,1,0,0
TX_009786,3843.16,11,48,99,878.19,1,1,1
TX_009787,450.59,13,73,8,683.08,1,1,0
TX_009788,1059.73,6,54,65,637.93,0,0,0
TX_009789,2513.15,10,78,5,728.54,0,0,0
TX_009790,104.96,7,55,91,738.29,0,0,0
TX_009791,1268.01,4,70,90,492.98,0,0,0
TX_009792,2589.42,7,75,43,419.31,0,0,0
TX_009793,79.73,11,54,60,909.28,0,0,0
TX_009794,1326.41,14,36,26,497.25,0,0,0
TX_009795,2572.58,18,31,11,215.82,1,0,0
TX_009796,2867.88,15,53,34,521.6,0,0,0
TX_009797,4629.13,13,54,2,34.42,0,0,0
TX_009798,3228.5,6,28,21,723.32,0,0,0
TX_009799,2076.61,7,44,26,126.98,1,0,0
TX_009800,4652.1,6,19,76,111.72,0,1,0
TX_009801,3925.49,17,39,73,946.36,0,0,0
TX_009802,1004.04,23,19,87,772.56,0,0,0
TX_009803,658.56,5,37,5,414.23,0,0,0
TX_009804,3380.68,18,61,9,239.58,0,0,0
TX_009805,2801.62,3,65,50,843.49,0,0,0
TX_009806,3949.42,22,34,10,968.58,0,0,0
TX_009807,3695.33,2,21,58,508.35,0,0,0
TX_009808,3127.93,16,31,10,580.08,0,0,0
TX_009809,4931.98,21,24,78,243.05,0,0,0
TX_009810,2670.28,18,32,36,589.25,0,0,0
TX_009811,569.96,14,47,74,400.6,0,1,0
TX_009812,4142.23,5,33,56,845.58,1,0,0
TX_009813,1263.01,11,57,62,377.11,0,0,0
TX_009814,3887.62,18,19,37,648.78,0,0,0
TX_009815,4785.75,5,36,41,203.47,0,0,0
TX_009816,3485.49,10,18,48,90.67,0,0,0
TX_009817,2982.17,19,48,22,40.36,0,0,0
TX_009818,2304.63,19,72,87,415.65,0,0,0
TX_009819,1825.23,9,21,80,163.53,0,0,0
TX_009820,1768.26,15,44,61,993.48,1,0,0
TX_009821,3183.68,17,75,75,798.38,0,0,0
TX_009822,3757.61,13,73,99,693.37,0,0,0
TX_009823,3394.19,3,70,48,803.32,0,0,0
TX_009824,996.06,11,42,64,262.75,0,0,0
TX_009825,2472.47,19,39,84,879.26,0,0,0
TX_009826,3959.24,22,60,37,995.64,0,1,0
TX_009827,2381.14,20,27,41,289.85,0,0,0
TX_009828,2685.43,7,67,5,984.65,0,0,0
TX_009829,3856.82,6,50,77,320.4,0,0,0
TX_009830,3308.02,8,66,52,11.72,0,0,0
TX_009831,2049.68,23,65,17,367.21,0,0,0
TX_009832,4477.59,16,61,90,997.52,0,0,0
TX_009833,817.02,9,77,62,635.15,0,0,0
TX_009834,4977.6,2,47,52,695.47,0,0,0
TX_009835,598.67,20,47,20,238.35,0,0,0
TX_009836,79.68,7,33,97,145.92,0,0,0
TX_009837,4450.64,13,26,94,885.51,0,0,0
TX_009838,1228.54,6,34,16,413.39,0,0,0
TX_009839,3649.85,15,52,7,4.11,0,0,0
TX_009840,4056.02,17,77,94,294.25,0,1,0
TX_009841,4295.64,10,67,66,195.73,0,0,0
TX_009842,4958.01,5,64,12,603.77,0,0,0
TX_009843,1473.73,19,32,43,756.12,0,0,0
TX_009844,3552.67,20,65,40,497.5,0,0,0
TX_009845,581.42,13,45,1,185.9,0,0,0
TX_009846,2037.01,20,37,58,57.96,0,0,0
TX_009847,4240.62,12,50,3,313.53,1,0,0
TX_009848,1841.45,3,50,8,805.96,1,0,0
TX_009849,2957.52,19,53,90,419.51,0,0,0
TX_009850,2521.35,19,78,75,252.25,0,0,0
TX_009851,3231.53,10,30,61,20.72,0,0,0
TX_009852,4864.61,17,79,85,496.06,0,0,0
TX_009853,283.4,0,21,5,684.82,0,0,0
TX_009854,2871.94,11,40,26,190.33,0,0,0
TX_009855,4315.83,17,25,85,537.19,0,0,0
TX_009856,2409.51,6,30,73,420.74,1,0,0
TX_009857,397.24,11,41,17,703.95,0,0,0
TX_009858,2804.89,0,57,66,860.6,1,0,0
TX_009859,1663.71,21,63,51,307.05,0,0,0
TX_009860,778.93,3,47,47,904.77,0,0,0
TX_009861,4245.93,17,77,40,706.95,1,0,0
TX_009862,2610.39,14,47,92,37.17,0,0,0
TX_009863,4666.72,2,42,27,791.24,0,0,0
TX_009864,4031.05,6,50,40,494.63,1,0,0
TX_009865,3466.39,5,26,1,945.46,0,0,0
TX_009866,30.1,14,43,46,323.63,0,0,0
TX_009867,2141.98,14,41,11,591.21,0,0,0
TX_009868,991.44,5,50,39,956.15,0,1,0
TX_009869,4554.44,7,56,18,271.16,0,0,0
TX_009870,877.05,7,42,91,471.95,0,0,0
TX_009871,1433.87,21,69,47,752.5,0,0,0
TX_009872,2586.6,0,62,74,691.1,1,1,1
TX_009873,1320.5,12,32,21,838.7,1,0,0
TX_009874,1053.27,22,78,28,519.8,0,0,0
TX_009875,2997.5,23,58,1,318.92,0,0,0
TX_009876,449.2,20,65,14,535.08,0,0,0
TX_009877,295.55,12,66,20,349.96,0,0,0
TX_009878,1864.37,10,58,73,176.43,1,0,0
TX_009879,3604.72,3,23,45,554.97,0,0,0
TX_009880,2776.26,6,37,61,48.38,0,0,0
TX_009881,2117.27,11,61,27,36.58,0,0,0
TX_009882,2830.93,12,33,56,64.57,0,0,0
TX_009883,1830.43,21,77,52,672.61,0,0,0
TX_009884,4681.05,11,38,68,406.99,0,0,0
TX_009885,279.25,15,32,37,494.12,0,0,0
TX_009886,3368.59,5,56,82,343.4,0,0,0
TX_009887,4456.96,13,59,31,253.64,0,1,0
TX_009888,4020.4,18,78,49,358.31,0,0,0
TX_009889,924.28,15,21,53,193.38,1,0,0
TX_009890,1483.15,3,41,39,678.76,0,0,0
TX_009891,3586.65,4,20,10,101.74,0,1,0
TX_009892,425.93,8,67,9,516.9,0,0,0
TX_009893,4060.25,23,18,92,476.83,0,0,0
TX_009894,3595.94,2,47,92,301.92,0,0,0
TX_009895,3649.39,21,30,13,102.29,0,0,0
TX_009896,505.71,9,71,18,703.36,1,1,0
TX_009897,3590.21,16,35,12,569.54,1,0,0
TX_009898,3400.69,18,57,72,809.48,0,0,0
TX_009899,4155.46,9,28,87,235.52,0,0,0
TX_009900,212.77,11,59,5,791.56,0,0,0
TX_009901,120.44,22,46,7,291.95,0,0,0
TX_009902,1868.17,6,21,15,112.59,0,0,0
TX_009903,748.2,17,42,67,134.92,0,0,0
TX_009904,2794.13,18,53,18,221.06,0,0,0
TX_009905,4587.16,14,53,38,682.43,1,0,0
TX_009906,1960.44,6,78,26,243.96,0,0,0
TX_009907,4225.53,11,61,38,603.87,0,0,0
TX_009908,6.2,21,57,59,256.52,0,0,0
TX_009909,846.73,6,45,52,365.22,1,0,0
TX_009910,156.97,9,62,33,889.72,0,0,0
TX_009911,1644.1,23,25,21,500.36,1,1,0
TX_009912,4541.41,21,38,17,600.25,1,0,0
TX_009913,489.28,19,52,62,189.28,1,0,0
TX_009914,3034.02,9,61,59,131.51,0,0,0
TX_009915,2260.22,22,35,2,413.18,0,0,0
TX_009916,4692.65,4,64,64,855.39,1,0,1
TX_009917,616.98,17,42,25,240.92,1,0,0
TX_009918,1064.08,8,63,41,621.69,0,0,0
TX_009919,152.56,15,58,19,872.1,0,0,0
TX_009920,2172.51,6,22,38,934.41,0,0,0
TX_009921,1392.78,9,79,25,993.79,1,0,0
TX_009922,4350.18,4,78,39,762.96,0,0,0
TX_009923,3026.68,6,64,4,75.01,0,1,0
TX_009924,3072.38,4,25,3,871.46,0,1,0
TX_009925,2661.89,14,40,34,885.64,0,0,0
TX_009926,463.79,18,20,10,557.28,1,0,0
TX_009927,2227.87,9,61,27,67.43,0,0,0
TX_009928,4997.53,7,54,90,476.67,0,0,0
TX_009929,4176.97,23,48,91,210.7,0,0,0
TX_009930,4467.83,8,46,1,442.11,1,0,0
TX_009931,4117.02,10,58,44,724.13,0,0,0
TX_009932,519.69,21,37,84,667.55,0,0,0
TX_009933,1141.1,1,20,52,779.99,0,0,0
TX_009934,20.59,2,40,25,476.52,0,0,0
TX_009935,1521.03,12,57,74,510.79,1,0,0
TX_009936,547.49,10,38,65,935.69,0,1,0
TX_009937,2366.6,9,30,80,631.18,0,0,0
TX_009938,3387.25,14,25,11,747.54,0,0,0
TX_009939,4373.15,5,22,68,664.52,0,1,0
TX_009940,3747.34,0,42,99,640.49,1,0,1
TX_009941,4693.24,13,56,77,913.54,0,0,0
TX_009942,274.22,17,54,85,356.49,0,0,0
TX_009943,65.84,23,78,15,427.69,1,0,0
TX_009944,3308.38,10,58,57,379.75,0,0,0
TX_009945,1450.32,7,22,74,765.2,0,0,0
TX_009946,1271.24,21,25,64,868.42,0,0,0
TX_009947,1657.78,2,61,11,357.5,0,0,0
TX_009948,1352.63,13,21,96,142.35,0,0,0
TX_009949,2559.62,1,58,97,494.11,0,0,0
TX_009950,2203.54,15,77,20,984.33,0,0,0
TX_009951,2564.58,5,71,30,203.68,0,0,0
TX_009952,3365.2,0,39,10,452.0,0,0,0
TX_009953,1938.72,13,31,54,271.39,0,0,0
TX_009954,1260.28,9,36,58,922.68,1,0,0
TX_009955,835.17,5,30,79,550.92,0,0,0
TX_009956,1750.62,8,52,29,578.74,0,1,0
TX_009957,3710.32,6,21,1,8.26,0,0,0
TX_009958,3784.74,1,50,58,652.78,0,0,0
TX_009959,3336.19,10,39,21,306.35,0,0,0
TX_009960,1173.97,13,18,15,513.42,0,0,0
TX_009961,2942.49,4,28,67,531.07,0,0,0
TX_009962,2855.59,8,33,33,592.22,0,0,0
TX_009963,2423.91,6,21,38,823.54,1,0,0
TX_009964,2752.15,13,46,19,298.93,0,0,0
TX_009965,2461.49,15,56,4,256.16,0,0,0
TX_009966,2829.45,21,61,76,795.81,0,0,0
TX_009967,3578.95,15,55,89,718.72,0,0,0
TX_009968,552.59,6,41,98,225.61,0,1,0
TX_009969,3749.38,9,69,81,0.84,0,0,0
TX_009970,683.75,20,26,58,665.94,0,0,0
TX_009971,337.81,5,75,70,157.18,0,0,0
TX_009972,4880.52,16,25,12,957.0,0,0,0
TX_009973,4785.17,0,31,79,604.41,0,0,0
TX_009974,306.88,1,32,17,849.65,0,1,0
TX_009975,2219.05,13,70,1,805.62,0,0,0
TX_009976,935.29,3,79,14,557.8,0,0,0
TX_009977,2429.3,8,39,2,438.35,0,1,0
TX_009978,4151.74,22,54,4,496.8,1,0,0
TX_009979,4753.31,5,32,66,802.99,0,1,1
TX_009980,3173.09,16,23,90,640.45,0,0,0
TX_009981,1772.76,20,18,46,205.72,0,0,0
TX_009982,3018.61,10,37,50,609.36,0,0,0
TX_009983,1563.45,3,58,60,404.67,0,0,0
TX_009984,4549.57,20,53,52,61.3,0,0,0
TX_009985,4352.65,8,19,97,381.27,0,0,0
TX_009986,2793.37,15,23,48,227.6,0,0,0
TX_009987,1627.37,2,19,39,838.58,0,0,0
TX_009988,1470.48,3,20,70,105.0,0,0,0
TX_009989,171.92,23,24,60,360.62,0,0,0
TX_009990,4080.03,2,37,30,695.49,0,0,0
TX_009991,2254.66,12,66,86,897.39,0,0,0
TX_009992,1629.04,18,58,27,335.32,0,0,0
TX_009993,2358.2,20,71,83,606.44,0,0,0
TX_009994,4094.6,0,58,74,373.65,0,1,0
TX_009995,627.45,22,68,55,202.88,1,0,0
TX_009996,4288.99,22,22,70,325.72,0,0,0
TX_009997,4488.06,5,42,26,635.9,0,0,0
TX_009998,4733.81,21,55,42,716.34,0,0,0
TX_009999,1990.45,2,35,67,370.61,0,0,0
TX_010000,1089.62,2,18,67,152.53,0,0,0
